student_id,student_name,gender,grade_name,branch,arts_score,english_score,math_score,phys_ed_score,science_score,average_marks,gpa,attendance,exam_status
STU0001,Mack,Female,Grade 5,Math's,69.11,85.16,43.5,59.51,30.82,57.62,3,80.06,Pass
STU0002,Tyler,Female,Grade 1,Phys.Ed,62.33,60.01,50.43,59.59,66.55,59.78,3,77.86,Pass
STU0003,Mason,Female,Grade 3,Science,44.74,71.26,49.19,57.5,53.37,55.21,3,98.82,Pass
STU0004,Hudson,Male,Grade 2,Arts,74.34,48.91,63.76,37.48,41.75,53.25,2,85.57,Not Attended
STU0005,Olivia,Female,Grade 3,Phys.Ed,73.08,68.4,57.92,57.39,39.34,59.22,3,78.24,Pass
STU0006,Sophia,Male,Grade 2,Science,51.85,74.56,78.56,72.18,49.57,65.34,3,81.53,Pass
STU0007,Hudson,Female,Grade 2,Science,74.19,84.99,58.7,73.04,68.79,71.94,4,78.84,Pass
STU0008,Ava,Male,Grade 1,English,63.31,61.81,61.65,37.15,59.49,56.68,3,86.86,Pass
STU0009,Emma,Male,Grade 2,Math's,72.57,71.05,33.59,71.71,61.32,62.05,3,76.36,Pass
STU0010,Mason,Female,Grade 5,English,57.09,53.94,55.35,66.53,41.41,54.86,2,75.85,Pass
STU0011,Cal,Female,Grade 2,Math's,48.4,54.56,51.3,54.16,29.53,47.59,2,94.11,Pass
STU0012,Mason,Female,Grade 2,English,50.63,72.4,58.84,65.14,61.72,61.75,3,82.07,Pass
STU0013,Shawn,Male,Grade 3,Phys.Ed,58.79,56.35,73.1,53.57,68.7,62.1,3,83.82,Pass
STU0014,Noah,Female,Grade 5,Phys.Ed,91.01,67.13,52.5,71.29,74.49,71.29,4,76.39,Pass
STU0015,Mason,Female,Grade 1,Arts,48.21,87.7,45.9,57.14,76.02,62.99,3,74.15,Pass
STU0016,Mason,Female,Grade 2,Arts,65.9,76.95,37.73,45.15,71.35,59.42,3,86.38,Fail
STU0017,Jack,Female,Grade 5,Arts,66.4,56.0,93.58,66.69,43.94,65.32,3,89.25,Pass
STU0018,Jack,Female,Grade 2,Phys.Ed,82.15,55.72,42.72,74.26,73.15,65.6,3,100.0,Pass
STU0019,Ava,Female,Grade 5,Science,75.66,65.58,25.15,50.83,84.83,60.41,3,93.38,Pass
STU0020,Noah,Male,Grade 4,Arts,35.25,62.6,65.89,67.08,60.96,58.35,3,86.73,Pass
STU0021,Tyler,Female,Grade 5,Science,77.68,61.21,43.33,54.84,74.36,62.29,3,84.74,Pass
STU0022,Hudson,Female,Grade 1,English,49.17,51.62,75.89,55.61,69.7,60.4,3,78.17,Pass
STU0023,Damon,Male,Grade 3,English,69.73,100.0,70.28,74.63,78.26,78.58,4,89.21,Fail
STU0024,Mia,Female,Grade 4,Math's,96.72,39.86,72.35,41.65,55.45,61.21,3,92.71,Pass
STU0025,Jack,Female,Grade 5,Phys.Ed,61.29,73.26,52.95,66.26,89.62,68.68,3,78.09,Pass
STU0026,Noah,Male,Grade 5,English,77.72,57.2,52.0,40.97,50.65,55.71,3,97.29,Pass
STU0027,Jack,Male,Grade 2,Arts,43.09,78.85,98.2,73.39,38.69,66.44,3,80.13,Pass
STU0028,Zen,Female,Grade 1,Phys.Ed,68.66,76.84,43.32,60.29,11.14,52.05,2,75.8,Pass
STU0029,Zen,Male,Grade 1,Science,57.13,73.34,100.0,62.01,78.56,74.21,4,96.36,Fail
STU0030,Shawn,Male,Grade 5,Math's,71.12,80.46,41.38,63.45,70.7,65.42,3,87.74,Pass
STU0031,Jack,Male,Grade 4,Math's,66.21,57.28,56.25,55.08,53.57,57.68,3,90.8,Pass
STU0032,Ethan,Male,Grade 5,Phys.Ed,68.73,64.9,20.1,77.67,92.93,64.87,3,97.5,Pass
STU0033,Michal,Female,Grade 2,Science,73.47,50.44,44.47,70.49,73.13,62.4,3,65.97,Pass
STU0034,Sophia,Male,Grade 1,Phys.Ed,57.93,57.42,94.42,73.78,34.33,63.58,3,80.43,Pass
STU0035,Michal,Male,Grade 5,Arts,89.2,71.66,61.62,61.99,58.87,68.67,3,93.47,Pass
STU0036,Cal,Female,Grade 5,English,79.32,59.32,48.04,77.32,30.41,58.88,3,96.56,Fail
STU0037,Mack,Female,Grade 3,Science,83.66,39.19,75.34,70.22,71.88,68.06,3,89.87,Pass
STU0038,Liam,Male,Grade 5,Science,63.04,79.77,68.53,61.65,99.41,74.48,4,87.25,Pass
STU0039,Jack,Male,Grade 5,Math's,60.34,79.67,33.85,70.41,60.48,60.95,3,73.16,Pass
STU0040,Ethan,Female,Grade 1,Arts,57.15,42.76,91.1,43.09,52.66,57.35,3,80.77,Pass
STU0041,Robert,Female,Grade 3,Science,42.2,91.64,81.23,55.37,35.59,61.21,3,94.83,Not Attended
STU0042,Liam,Male,Grade 1,Arts,38.08,57.61,60.09,61.56,55.8,54.63,2,88.98,Pass
STU0043,Ava,Male,Grade 5,Science,67.0,62.39,0.0,57.78,54.71,48.38,2,91.14,Pass
STU0044,Olivia,Male,Grade 1,Math's,46.69,62.23,86.8,71.53,56.06,64.67,3,81.26,Pass
STU0045,Robert,Female,Grade 4,Math's,65.77,59.65,23.47,84.54,58.79,58.44,3,88.28,Pass
STU0046,Liam,Male,Grade 5,English,61.78,77.15,54.94,41.02,62.9,59.56,3,87.22,Pass
STU0047,Emma,Male,Grade 2,Math's,29.38,94.45,28.25,79.0,48.47,55.91,3,88.49,Pass
STU0048,Tyler,Female,Grade 3,Science,63.14,70.94,71.09,54.66,42.52,60.47,3,73.59,Pass
STU0049,Robert,Male,Grade 4,Phys.Ed,53.7,49.23,95.37,61.42,51.8,62.3,3,85.71,Pass
STU0050,Noah,Male,Grade 1,Phys.Ed,71.21,76.61,50.45,54.09,58.6,62.19,3,65.58,Pass
STU0051,Ava,Female,Grade 5,English,70.65,70.36,100.0,74.43,60.95,75.28,4,76.36,Pass
STU0052,Mia,Female,Grade 2,Science,65.9,47.93,31.91,63.48,57.4,53.32,2,67.11,Pass
STU0053,Cal,Male,Grade 3,Phys.Ed,97.61,80.2,52.07,79.98,56.79,73.33,4,78.65,Pass
STU0054,Shawn,Male,Grade 3,Science,69.45,63.28,56.29,33.66,75.76,59.69,3,85.16,Pass
STU0055,Liam,Female,Grade 2,Math's,70.5,77.65,28.57,92.4,56.11,65.04,3,87.96,Not Attended
STU0056,Michal,Male,Grade 2,Phys.Ed,55.12,61.71,32.56,70.57,44.77,52.95,2,86.14,Pass
STU0057,Emma,Male,Grade 1,English,93.01,38.77,34.8,63.76,53.68,56.8,3,86.09,Pass
STU0058,Cal,Male,Grade 1,Math's,70.66,63.16,66.68,53.75,64.39,63.73,3,82.75,Pass
STU0059,Hudson,Male,Grade 5,Phys.Ed,57.22,61.53,69.78,73.42,27.67,57.93,3,86.89,Pass
STU0060,Ethan,Female,Grade 3,Math's,72.62,96.92,95.96,42.05,43.63,70.24,4,71.09,Pass
STU0061,Hudson,Female,Grade 4,Math's,33.99,55.29,76.49,74.08,90.29,66.03,3,83.74,Pass
STU0062,Robert,Male,Grade 2,Science,54.55,71.43,71.86,50.09,89.27,67.44,3,83.69,Pass
STU0063,Sophia,Male,Grade 3,Science,57.95,52.3,52.0,65.53,75.11,60.58,3,76.62,Pass
STU0064,Lucas,Male,Grade 4,English,50.39,48.57,27.98,78.95,73.47,55.87,3,83.56,Pass
STU0065,Sophia,Female,Grade 4,Arts,75.02,52.89,44.24,63.46,53.36,57.79,3,94.41,Pass
STU0066,Lucas,Male,Grade 1,Arts,60.65,76.94,100.0,67.29,53.59,71.69,4,82.93,Pass
STU0067,Mason,Male,Grade 1,Arts,58.85,52.73,32.0,27.58,65.58,47.35,2,90.2,Pass
STU0068,Lucas,Female,Grade 2,Phys.Ed,74.07,63.8,79.45,38.86,46.72,60.58,3,88.13,Not Attended
STU0069,Liam,Female,Grade 3,Phys.Ed,41.91,68.08,40.92,47.58,41.2,47.94,2,68.71,Pass
STU0070,Liam,Male,Grade 3,Math's,82.83,28.77,22.59,46.11,44.16,44.89,2,85.63,Pass
STU0071,Mack,Male,Grade 3,English,62.95,79.32,82.0,34.91,50.67,61.97,3,79.01,Pass
STU0072,Hudson,Female,Grade 2,Science,69.51,51.25,53.69,58.25,76.02,61.74,3,76.48,Pass
STU0073,Emma,Female,Grade 3,Science,57.86,51.19,49.14,57.91,84.81,60.18,3,90.16,Pass
STU0074,Noah,Male,Grade 5,Science,75.86,63.41,50.59,73.59,51.73,63.04,3,72.73,Pass
STU0075,Olivia,Female,Grade 4,Arts,35.7,58.37,77.49,60.63,57.63,57.96,3,94.77,Pass
STU0076,Ava,Male,Grade 4,Science,41.62,59.43,41.99,83.25,80.65,61.39,3,93.21,Pass
STU0077,Damon,Female,Grade 3,English,92.08,76.05,51.56,67.32,88.93,75.19,4,96.56,Pass
STU0078,Mack,Female,Grade 5,English,83.06,59.06,26.61,49.13,65.36,56.64,3,82.22,Pass
STU0079,Emma,Female,Grade 3,Phys.Ed,47.36,80.75,42.91,92.59,70.89,66.9,3,85.48,Pass
STU0080,Jack,Female,Grade 1,Phys.Ed,66.25,62.07,66.74,48.41,29.09,54.51,2,81.19,Pass
STU0081,Jack,Male,Grade 5,English,50.05,64.94,54.46,53.09,73.62,59.23,3,92.08,Pass
STU0082,Olivia,Female,Grade 5,Math's,74.25,74.66,83.15,73.75,55.74,72.31,4,89.06,Pass
STU0083,Mia,Male,Grade 5,Science,57.34,67.62,37.48,92.27,51.27,61.2,3,81.11,Pass
STU0084,Lucas,Female,Grade 1,Math's,61.41,75.54,60.51,61.36,78.01,67.37,3,79.87,Pass
STU0085,Tyler,Female,Grade 1,English,63.19,80.19,22.56,45.59,84.34,59.17,3,86.54,Pass
STU0086,Sophia,Female,Grade 4,Science,41.76,74.2,72.84,61.56,82.57,66.59,3,78.53,Pass
STU0087,Olivia,Male,Grade 4,Phys.Ed,36.77,41.38,44.29,70.52,58.19,50.23,2,77.56,Pass
STU0088,Michal,Female,Grade 2,Arts,68.9,62.5,42.84,57.7,72.01,60.79,3,71.74,Not Attended
STU0089,Ava,Female,Grade 3,Science,59.76,56.77,51.43,68.17,60.95,59.41,3,79.99,Pass
STU0090,Tyler,Female,Grade 3,Science,43.26,74.0,100.0,66.64,35.82,63.94,3,85.42,Pass
STU0091,Ethan,Female,Grade 5,Math's,53.72,74.86,63.65,42.81,87.76,64.56,3,98.37,Pass
STU0092,Cal,Female,Grade 2,Phys.Ed,52.93,65.57,69.12,58.59,48.5,58.94,3,91.8,Pass
STU0093,Robert,Female,Grade 5,English,70.27,66.54,60.78,73.37,65.42,67.28,3,90.9,Pass
STU0094,Hudson,Male,Grade 5,Arts,65.6,70.28,76.79,66.06,69.49,69.64,3,89.72,Pass
STU0095,Damon,Female,Grade 4,Phys.Ed,59.49,68.05,81.72,51.2,68.9,65.87,3,80.85,Pass
STU0096,Olivia,Male,Grade 2,Science,64.87,66.65,35.52,69.96,73.33,62.06,3,100.0,Pass
STU0097,Robert,Male,Grade 5,English,79.8,62.69,38.66,56.21,75.33,62.54,3,89.41,Pass
STU0098,Michal,Female,Grade 5,Arts,73.28,79.68,47.48,60.5,95.33,71.25,4,78.08,Pass
STU0099,Olivia,Male,Grade 1,Arts,60.03,37.51,73.18,73.96,35.78,56.09,3,80.75,Not Attended
STU0100,Liam,Male,Grade 3,Science,46.68,75.92,64.39,54.23,42.52,56.75,3,90.98,Fail
STU0101,Olivia,Female,Grade 3,Science,34.3,58.07,80.94,49.85,50.52,54.73,2,89.12,Pass
STU0102,Olivia,Female,Grade 5,Math's,67.14,72.39,70.26,66.37,73.28,69.89,3,94.63,Pass
STU0103,Tyler,Female,Grade 5,Arts,40.61,74.49,33.24,64.8,70.11,56.65,3,76.04,Pass
STU0104,Shawn,Female,Grade 3,Science,60.22,49.51,43.13,80.43,82.44,63.15,3,89.94,Fail
STU0105,Cal,Female,Grade 5,Math's,58.05,60.35,100.0,60.73,71.4,70.11,4,98.25,Pass
STU0106,Jack,Female,Grade 4,Arts,57.96,64.79,56.78,52.22,66.13,59.58,3,75.5,Pass
STU0107,Ethan,Male,Grade 2,Phys.Ed,66.13,54.82,92.62,65.3,69.29,69.63,3,89.45,Pass
STU0108,Mia,Male,Grade 3,Math's,63.72,79.3,56.44,76.81,69.42,69.14,3,100.0,Pass
STU0109,Emma,Female,Grade 1,Phys.Ed,46.53,58.59,71.14,74.55,100.0,70.16,4,83.23,Pass
STU0110,Zen,Female,Grade 4,Math's,45.08,73.9,50.96,63.54,80.46,62.79,3,83.11,Pass
STU0111,Mason,Male,Grade 3,Phys.Ed,62.43,88.12,77.14,96.35,56.45,76.1,4,84.61,Pass
STU0112,Michal,Female,Grade 4,Phys.Ed,37.51,57.98,74.41,63.15,71.53,60.91,3,73.97,Pass
STU0113,Mia,Male,Grade 1,Phys.Ed,66.86,61.92,30.29,60.39,60.49,55.99,3,92.5,Pass
STU0114,Mason,Female,Grade 1,Arts,67.61,64.78,74.53,46.05,80.72,66.74,3,78.34,Pass
STU0115,Sophia,Male,Grade 3,Math's,59.74,79.94,49.36,37.57,48.81,55.08,3,87.39,Pass
STU0116,Hudson,Male,Grade 5,Arts,56.77,61.11,54.21,85.92,69.11,65.42,3,87.44,Pass
STU0117,Mia,Female,Grade 2,Science,57.18,59.69,62.69,55.27,53.02,57.57,3,79.71,Pass
STU0118,Jack,Male,Grade 4,Phys.Ed,64.09,72.34,57.6,74.03,29.39,59.49,3,100.0,Pass
STU0119,Mason,Male,Grade 1,Science,51.01,73.08,70.8,51.28,55.67,60.37,3,79.25,Not Attended
STU0120,Mia,Female,Grade 5,English,60.46,65.62,72.03,54.8,68.97,64.38,3,88.06,Pass
STU0121,Ava,Female,Grade 5,Math's,74.59,91.42,42.18,55.72,37.18,60.22,3,91.45,Pass
STU0122,Noah,Male,Grade 5,Science,52.93,61.43,82.02,69.33,61.22,65.38,3,90.14,Fail
STU0123,Sophia,Male,Grade 2,Science,59.75,67.76,56.88,61.19,45.46,58.21,3,72.48,Pass
STU0124,Lucas,Female,Grade 4,Arts,52.42,47.48,89.56,73.12,51.99,62.91,3,100.0,Pass
STU0125,Hudson,Female,Grade 5,Phys.Ed,41.16,42.96,78.41,90.28,85.15,67.59,3,88.51,Pass
STU0126,Ethan,Female,Grade 5,Science,57.94,83.67,62.33,65.56,43.52,62.6,3,80.14,Pass
STU0127,Lucas,Female,Grade 2,Phys.Ed,48.94,52.22,77.48,53.59,32.41,52.93,2,87.17,Pass
STU0128,Ethan,Female,Grade 2,Phys.Ed,63.37,84.4,50.27,67.16,78.18,68.68,3,78.7,Pass
STU0129,Michal,Female,Grade 3,Arts,69.16,34.12,64.45,88.01,84.2,67.99,3,87.38,Pass
STU0130,Damon,Female,Grade 5,Arts,73.21,56.19,74.45,54.27,92.11,70.05,4,77.37,Pass
STU0131,Michal,Female,Grade 3,English,55.29,57.8,58.56,74.12,42.01,57.55,3,85.15,Pass
STU0132,Tyler,Female,Grade 2,Math's,53.64,46.82,58.41,91.96,50.14,60.19,3,97.11,Pass
STU0133,Mack,Male,Grade 5,Phys.Ed,67.85,82.86,72.26,57.72,51.02,66.34,3,90.94,Pass
STU0134,Michal,Male,Grade 3,Arts,52.26,48.86,60.61,51.76,66.74,56.05,3,71.55,Fail
STU0135,Ethan,Male,Grade 4,Science,41.64,63.35,57.42,54.66,31.78,49.77,2,78.97,Pass
STU0136,Michal,Male,Grade 2,Arts,57.1,49.34,82.48,57.4,62.68,61.8,3,87.07,Pass
STU0137,Lucas,Female,Grade 1,Phys.Ed,63.09,76.92,61.35,75.72,51.01,65.62,3,85.8,Pass
STU0138,Jack,Male,Grade 5,Phys.Ed,45.94,53.54,47.32,58.13,64.39,53.87,2,89.66,Pass
STU0139,Mason,Female,Grade 3,Phys.Ed,67.48,85.63,24.11,75.62,22.76,55.12,3,84.23,Pass
STU0140,Sophia,Male,Grade 5,English,66.01,70.5,47.97,72.9,60.2,63.52,3,77.95,Pass
STU0141,Shawn,Male,Grade 3,Phys.Ed,72.68,67.68,47.0,92.55,77.6,71.5,4,71.22,Pass
STU0142,Noah,Female,Grade 5,Phys.Ed,24.11,66.9,53.31,49.09,71.12,52.91,2,84.43,Pass
STU0143,Sophia,Male,Grade 4,English,72.89,59.57,30.18,76.08,81.3,64.01,3,67.88,Pass
STU0144,Shawn,Female,Grade 5,Science,39.56,78.35,37.85,57.88,50.68,52.86,2,79.52,Pass
STU0145,Jack,Female,Grade 4,Arts,51.01,56.18,68.83,48.67,70.53,59.04,3,89.84,Pass
STU0146,Tyler,Male,Grade 4,Science,68.27,64.57,49.79,56.33,84.91,64.78,3,80.93,Pass
STU0147,Mack,Male,Grade 2,Science,68.24,81.07,57.8,55.78,76.06,67.79,3,73.54,Pass
STU0148,Michal,Female,Grade 2,Phys.Ed,78.37,73.46,78.21,64.85,70.91,73.16,4,83.07,Pass
STU0149,Liam,Female,Grade 2,Arts,66.88,63.67,74.56,52.47,62.71,64.06,3,94.49,Pass
STU0150,Hudson,Male,Grade 4,Phys.Ed,77.16,64.17,49.12,60.09,80.49,66.21,3,88.6,Pass
STU0151,Liam,Male,Grade 4,English,65.54,65.74,49.0,75.33,82.9,67.7,3,66.37,Pass
STU0152,Hudson,Female,Grade 3,Phys.Ed,64.61,69.44,44.5,50.43,78.4,61.48,3,83.58,Pass
STU0153,Michal,Female,Grade 3,English,83.83,91.19,73.42,68.12,49.34,73.18,4,86.87,Pass
STU0154,Hudson,Female,Grade 2,Arts,74.9,36.19,39.94,56.57,68.04,55.13,3,82.67,Pass
STU0155,Lucas,Female,Grade 1,Science,74.91,57.84,56.99,64.39,59.02,62.63,3,96.86,Pass
STU0156,Hudson,Female,Grade 5,Phys.Ed,59.8,60.9,45.09,71.91,90.68,65.67,3,86.4,Pass
STU0157,Mia,Female,Grade 5,Math's,55.64,52.84,86.61,55.05,73.56,64.74,3,95.48,Pass
STU0158,Mack,Female,Grade 4,Science,59.92,48.86,56.24,50.79,53.71,53.91,2,88.71,Pass
STU0159,Ava,Male,Grade 4,English,79.95,57.46,57.59,61.18,50.44,61.32,3,89.19,Fail
STU0160,Mason,Male,Grade 5,Math's,87.9,60.41,64.04,72.19,40.31,64.97,3,69.91,Pass
STU0161,Damon,Female,Grade 2,Phys.Ed,53.72,100.0,49.84,63.21,87.67,70.89,4,100.0,Pass
STU0162,Shawn,Female,Grade 5,Phys.Ed,61.89,84.37,80.09,53.21,78.17,71.55,4,89.46,Pass
STU0163,Noah,Male,Grade 1,Arts,49.35,64.11,68.64,44.61,66.04,58.55,3,88.61,Pass
STU0164,Michal,Female,Grade 5,Math's,74.75,78.26,66.41,61.58,71.19,70.44,4,77.16,Pass
STU0165,Sophia,Female,Grade 4,Science,55.83,73.4,47.56,34.32,19.57,46.14,2,77.6,Fail
STU0166,Michal,Female,Grade 4,English,63.5,68.04,51.64,56.85,74.66,62.94,3,82.6,Pass
STU0167,Olivia,Female,Grade 2,Phys.Ed,47.69,52.65,40.75,37.76,55.32,46.83,2,89.71,Pass
STU0168,Michal,Female,Grade 1,English,25.64,78.38,73.26,57.62,64.07,59.79,3,88.13,Fail
STU0169,Damon,Female,Grade 3,Arts,68.13,65.93,68.03,52.56,54.08,61.75,3,75.49,Pass
STU0170,Olivia,Male,Grade 2,Arts,55.6,58.41,71.39,55.61,79.28,64.06,3,100.0,Pass
STU0171,Shawn,Female,Grade 5,Arts,65.59,86.01,35.92,67.62,59.21,62.87,3,93.2,Pass
STU0172,Noah,Male,Grade 5,English,60.15,81.67,44.83,73.04,58.16,63.57,3,85.79,Pass
STU0173,Tyler,Female,Grade 5,Arts,52.31,54.81,51.31,49.56,64.96,54.59,2,97.0,Pass
STU0174,Mia,Female,Grade 2,Math's,63.29,74.94,66.61,80.06,48.8,66.74,3,84.92,Pass
STU0175,Olivia,Male,Grade 3,Math's,66.48,55.47,52.33,74.78,64.81,62.78,3,72.49,Pass
STU0176,Cal,Female,Grade 2,Arts,73.48,63.31,38.06,62.41,78.72,63.2,3,89.25,Pass
STU0177,Tyler,Male,Grade 5,English,62.41,48.04,52.32,62.08,84.7,61.91,3,77.64,Pass
STU0178,Zen,Female,Grade 5,Math's,64.87,69.38,69.38,61.07,67.24,66.39,3,83.64,Pass
STU0179,Sophia,Female,Grade 2,English,44.16,62.43,60.59,57.8,91.69,63.33,3,85.79,Fail
STU0180,Zen,Male,Grade 2,Science,69.26,62.7,65.15,55.85,41.75,58.94,3,92.67,Pass
STU0181,Tyler,Female,Grade 2,English,55.14,61.77,64.39,55.49,76.71,62.7,3,82.65,Pass
STU0182,Ethan,Female,Grade 4,Arts,60.45,83.15,60.68,62.63,68.96,67.18,3,77.68,Pass
STU0183,Hudson,Female,Grade 1,Arts,75.02,60.71,49.29,46.45,86.33,63.56,3,79.87,Fail
STU0184,Liam,Male,Grade 5,Phys.Ed,43.82,77.68,64.91,68.8,47.54,60.55,3,85.2,Pass
STU0185,Robert,Female,Grade 5,Math's,81.61,60.72,53.2,60.8,56.51,62.57,3,83.46,Not Attended
STU0186,Noah,Male,Grade 2,Math's,70.11,78.39,78.06,85.68,72.11,76.87,4,100.0,Pass
STU0187,Mason,Female,Grade 2,Science,48.34,67.29,26.07,57.44,37.3,47.29,2,90.23,Pass
STU0188,Cal,Female,Grade 1,Phys.Ed,68.42,78.59,76.24,63.57,74.75,72.32,4,78.81,Pass
STU0189,Tyler,Male,Grade 5,English,89.91,78.03,45.45,52.41,90.55,71.27,4,83.33,Pass
STU0190,Cal,Female,Grade 5,English,64.84,80.01,11.34,69.13,52.53,55.57,3,69.35,Pass
STU0191,Cal,Male,Grade 5,Science,83.48,62.2,85.23,74.31,57.2,72.48,4,79.98,Pass
STU0192,Tyler,Female,Grade 2,English,67.3,65.72,48.78,42.41,64.7,57.78,3,80.24,Fail
STU0193,Lucas,Female,Grade 3,Arts,58.7,37.05,68.14,46.12,48.69,51.74,2,78.64,Pass
STU0194,Robert,Male,Grade 1,Math's,54.73,76.86,17.08,43.71,55.12,49.5,2,73.26,Pass
STU0195,Cal,Male,Grade 5,Arts,48.71,69.76,61.86,35.05,62.7,55.62,3,92.61,Pass
STU0196,Lucas,Male,Grade 1,Science,41.33,39.99,74.96,58.82,75.35,58.09,3,96.25,Pass
STU0197,Sophia,Female,Grade 5,English,72.32,71.88,53.21,67.91,80.22,69.11,3,88.74,Pass
STU0198,Zen,Male,Grade 4,Phys.Ed,58.92,78.01,80.42,51.25,91.51,72.02,4,75.48,Pass
STU0199,Lucas,Male,Grade 4,English,57.48,61.56,83.97,70.14,83.51,71.33,4,84.93,Not Attended
STU0200,Shawn,Male,Grade 5,Phys.Ed,60.07,39.65,50.12,62.11,65.56,55.5,3,75.78,Pass
STU0201,Robert,Female,Grade 3,Math's,89.6,55.56,43.01,47.86,58.75,58.96,3,95.47,Pass
STU0202,Tyler,Male,Grade 5,Arts,34.71,56.3,26.96,75.05,88.37,56.28,3,90.24,Pass
STU0203,Mack,Female,Grade 2,Science,55.94,67.81,64.1,35.61,83.38,61.37,3,80.01,Pass
STU0204,Liam,Female,Grade 5,English,66.08,82.21,43.11,62.7,45.16,59.85,3,84.78,Pass
STU0205,Ava,Female,Grade 5,Math's,58.12,88.38,70.1,57.45,74.15,69.64,3,81.33,Pass
STU0206,Cal,Male,Grade 1,Math's,60.39,72.27,31.72,47.48,43.9,51.15,2,85.14,Pass
STU0207,Shawn,Male,Grade 5,Math's,55.5,80.28,69.77,71.19,63.49,68.04,3,73.42,Pass
STU0208,Olivia,Male,Grade 4,Math's,66.4,49.44,50.61,67.78,74.37,61.72,3,90.84,Pass
STU0209,Lucas,Male,Grade 5,Phys.Ed,68.83,76.65,89.96,79.74,53.49,73.73,4,67.22,Pass
STU0210,Emma,Male,Grade 1,Arts,56.58,93.55,60.34,68.84,66.48,69.16,3,81.23,Pass
STU0211,Michal,Female,Grade 4,Math's,29.96,100.0,79.01,63.68,62.12,66.95,3,86.28,Pass
STU0212,Mia,Female,Grade 5,Math's,59.04,63.88,56.49,74.61,72.5,65.3,3,60.48,Pass
STU0213,Noah,Female,Grade 3,Science,95.6,72.44,79.52,66.88,82.43,79.37,4,77.06,Pass
STU0214,Mia,Male,Grade 5,English,53.97,77.99,69.27,69.59,69.74,68.11,3,79.25,Pass
STU0215,Cal,Male,Grade 5,Math's,50.49,68.97,45.24,60.71,36.76,52.43,2,70.94,Pass
STU0216,Tyler,Female,Grade 1,Phys.Ed,87.88,75.41,67.03,70.52,60.82,72.33,4,71.06,Pass
STU0217,Sophia,Female,Grade 2,Phys.Ed,57.81,80.39,45.8,55.35,81.4,64.15,3,86.24,Pass
STU0218,Sophia,Male,Grade 2,Math's,49.18,70.69,60.14,73.04,98.0,70.21,4,73.68,Pass
STU0219,Mason,Female,Grade 5,English,74.65,73.83,64.26,77.44,44.51,66.94,3,84.52,Pass
STU0220,Ethan,Female,Grade 3,English,67.03,52.74,48.73,61.18,78.28,61.59,3,75.74,Pass
STU0221,Ethan,Female,Grade 1,Science,64.77,51.26,63.74,73.72,32.93,57.28,3,74.49,Fail
STU0222,Lucas,Male,Grade 1,English,73.07,67.55,68.31,71.84,56.37,67.43,3,79.13,Pass
STU0223,Zen,Male,Grade 2,Math's,63.33,68.76,48.88,57.21,72.85,62.21,3,93.63,Pass
STU0224,Zen,Female,Grade 5,Phys.Ed,60.9,81.56,65.19,50.99,58.42,63.41,3,86.62,Pass
STU0225,Michal,Male,Grade 5,Arts,56.44,95.45,55.09,65.38,78.54,70.18,4,96.82,Pass
STU0226,Hudson,Male,Grade 1,Math's,78.13,46.84,87.86,51.86,66.08,66.15,3,82.81,Pass
STU0227,Tyler,Male,Grade 1,English,48.11,67.42,40.52,70.46,65.82,58.47,3,84.66,Pass
STU0228,Tyler,Male,Grade 2,Phys.Ed,60.84,66.21,69.69,60.5,95.29,70.5,4,85.73,Pass
STU0229,Noah,Male,Grade 2,Phys.Ed,58.43,68.69,77.66,52.09,28.42,57.06,3,86.04,Pass
STU0230,Noah,Female,Grade 2,Phys.Ed,77.42,67.84,69.36,84.32,68.94,73.57,4,93.23,Pass
STU0231,Sophia,Female,Grade 2,Math's,66.68,68.1,48.84,89.89,65.76,67.85,3,80.46,Pass
STU0232,Hudson,Male,Grade 2,Phys.Ed,70.06,66.72,56.3,53.2,52.41,59.74,3,79.22,Pass
STU0233,Damon,Male,Grade 4,Math's,62.32,71.29,80.21,67.21,60.58,68.32,3,87.33,Pass
STU0234,Mia,Male,Grade 5,English,68.74,68.78,31.72,60.81,61.39,58.29,3,79.65,Pass
STU0235,Shawn,Male,Grade 3,English,54.05,69.14,75.15,53.59,98.0,69.99,3,68.84,Pass
STU0236,Tyler,Female,Grade 5,Phys.Ed,66.52,75.63,17.24,68.18,50.81,55.68,3,86.48,Pass
STU0237,Noah,Female,Grade 5,English,39.35,67.7,74.82,60.03,54.91,59.36,3,79.42,Pass
STU0238,Robert,Female,Grade 5,Science,62.4,74.01,58.47,46.08,47.62,57.72,3,90.65,Pass
STU0239,Mack,Male,Grade 2,English,61.9,87.87,71.13,58.51,73.06,70.5,4,73.84,Pass
STU0240,Hudson,Female,Grade 4,Math's,49.33,54.55,75.91,58.39,62.88,60.21,3,88.92,Pass
STU0241,Mack,Male,Grade 4,Phys.Ed,65.71,68.11,61.81,68.05,82.07,69.15,3,79.26,Pass
STU0242,Mason,Male,Grade 3,Phys.Ed,49.94,76.45,40.46,69.5,89.94,65.26,3,79.78,Pass
STU0243,Tyler,Female,Grade 5,Math's,58.73,50.45,85.56,54.58,40.3,57.93,3,85.71,Pass
STU0244,Noah,Male,Grade 4,Phys.Ed,41.28,85.39,72.19,56.62,48.55,60.81,3,83.29,Pass
STU0245,Michal,Female,Grade 5,English,62.95,84.35,49.12,60.41,68.9,65.14,3,82.56,Pass
STU0246,Cal,Male,Grade 4,Phys.Ed,51.86,66.48,40.43,47.97,73.87,56.12,3,74.81,Pass
STU0247,Zen,Male,Grade 3,English,49.19,53.07,53.55,51.11,74.29,56.24,3,77.99,Pass
STU0248,Hudson,Male,Grade 3,English,49.54,73.32,67.53,77.82,73.41,68.32,3,71.98,Pass
STU0249,Zen,Female,Grade 5,Arts,43.91,63.47,55.06,63.64,59.72,57.16,3,83.46,Pass
STU0250,Cal,Male,Grade 2,Phys.Ed,77.87,79.13,71.41,62.06,24.74,63.04,3,83.4,Pass
STU0251,Michal,Female,Grade 1,Math's,39.23,61.0,76.03,67.9,71.01,63.03,3,84.4,Pass
STU0252,Jack,Male,Grade 5,Science,64.81,69.22,78.97,78.92,78.48,74.08,4,79.51,Pass
STU0253,Hudson,Male,Grade 2,Math's,41.82,75.55,52.94,55.93,62.13,57.67,3,82.08,Pass
STU0254,Olivia,Male,Grade 5,Science,52.56,87.47,50.36,40.51,45.14,55.21,3,93.89,Pass
STU0255,Mia,Male,Grade 5,Science,72.51,77.97,64.75,56.68,70.57,68.5,3,94.69,Not Attended
STU0256,Ethan,Male,Grade 3,Arts,61.59,62.26,66.99,61.46,41.6,58.78,3,85.91,Pass
STU0257,Liam,Male,Grade 4,Math's,67.86,100.0,73.37,77.38,92.95,82.31,4,87.91,Pass
STU0258,Mack,Male,Grade 1,Phys.Ed,53.8,62.2,90.12,77.09,42.21,65.08,3,90.64,Pass
STU0259,Tyler,Female,Grade 2,English,91.23,58.18,74.0,91.29,97.49,82.44,4,76.18,Pass
STU0260,Lucas,Female,Grade 1,Phys.Ed,77.71,82.37,55.87,60.48,38.5,62.99,3,88.11,Pass
STU0261,Jack,Female,Grade 3,Science,83.37,75.77,71.63,47.59,90.19,73.71,4,83.89,Pass
STU0262,Mason,Male,Grade 1,Arts,37.92,59.85,90.19,55.09,63.25,61.26,3,83.31,Pass
STU0263,Cal,Female,Grade 5,Science,67.39,73.95,47.43,50.55,90.28,65.92,3,81.59,Pass
STU0264,Emma,Female,Grade 1,English,57.94,78.5,27.11,60.34,55.41,55.86,3,94.61,Pass
STU0265,Ava,Female,Grade 1,English,41.36,61.25,49.26,73.89,56.27,56.41,3,94.9,Pass
STU0266,Robert,Female,Grade 3,English,70.07,68.58,51.38,39.72,51.95,56.34,3,84.03,Pass
STU0267,Michal,Female,Grade 1,Math's,88.24,51.74,47.41,55.09,71.68,62.83,3,75.69,Fail
STU0268,Sophia,Male,Grade 5,Math's,60.44,76.92,30.79,65.24,58.66,58.41,3,85.24,Pass
STU0269,Sophia,Male,Grade 2,Science,44.82,46.91,72.74,61.11,80.04,61.12,3,66.88,Pass
STU0270,Cal,Female,Grade 5,Arts,54.35,36.96,56.17,60.55,57.12,53.03,2,69.31,Pass
STU0271,Ava,Female,Grade 2,Science,76.64,78.86,37.58,61.66,51.65,61.28,3,73.93,Pass
STU0272,Michal,Female,Grade 4,Phys.Ed,48.53,58.86,45.32,50.21,82.18,57.02,3,77.68,Pass
STU0273,Emma,Male,Grade 3,Arts,82.13,33.37,79.55,73.66,63.01,66.34,3,73.62,Pass
STU0274,Jack,Female,Grade 1,Science,61.37,93.04,58.17,69.69,63.16,69.09,3,87.18,Pass
STU0275,Liam,Male,Grade 2,Arts,77.42,70.48,43.68,81.51,58.8,66.38,3,86.91,Pass
STU0276,Noah,Male,Grade 5,Arts,80.67,67.85,66.51,65.06,29.63,61.94,3,82.51,Pass
STU0277,Ava,Male,Grade 2,English,55.77,30.58,59.34,58.62,48.65,50.59,2,78.62,Pass
STU0278,Robert,Female,Grade 2,Phys.Ed,64.32,82.52,59.34,65.27,67.68,67.83,3,84.06,Pass
STU0279,Damon,Male,Grade 3,Math's,43.19,45.41,56.64,53.59,91.19,58.0,3,81.74,Pass
STU0280,Emma,Female,Grade 1,Math's,66.74,70.28,86.03,44.33,64.66,66.41,3,79.37,Pass
STU0281,Zen,Female,Grade 5,English,72.03,53.15,88.4,47.79,44.61,61.2,3,71.12,Pass
STU0282,Noah,Male,Grade 4,Science,73.76,70.35,93.56,74.32,61.52,74.7,4,74.26,Pass
STU0283,Noah,Female,Grade 4,Arts,50.63,56.38,75.31,59.12,41.04,56.5,3,84.25,Pass
STU0284,Shawn,Female,Grade 3,English,70.49,65.15,87.92,35.0,98.01,71.31,4,88.26,Pass
STU0285,Jack,Female,Grade 2,Phys.Ed,35.53,61.89,78.71,66.96,60.5,60.72,3,94.47,Not Attended
STU0286,Mason,Female,Grade 5,Phys.Ed,55.84,58.9,29.4,57.89,77.97,56.0,3,82.37,Pass
STU0287,Ava,Female,Grade 5,Arts,72.06,61.91,51.56,68.74,51.68,61.19,3,85.0,Pass
STU0288,Mason,Female,Grade 2,Math's,67.53,70.42,58.25,54.95,82.44,66.72,3,79.22,Pass
STU0289,Noah,Male,Grade 2,English,46.52,81.59,60.63,47.69,34.98,54.28,2,71.78,Pass
STU0290,Michal,Male,Grade 4,Math's,88.53,59.11,35.63,54.36,74.26,62.38,3,85.27,Fail
STU0291,Zen,Male,Grade 2,Math's,57.48,24.99,57.82,74.5,63.1,55.58,3,89.72,Fail
STU0292,Ethan,Male,Grade 5,English,54.21,68.15,63.2,61.65,64.52,62.35,3,78.01,Pass
STU0293,Mack,Female,Grade 3,Phys.Ed,63.4,58.52,71.47,60.2,65.71,63.86,3,80.79,Pass
STU0294,Emma,Male,Grade 5,Phys.Ed,62.65,73.81,14.47,57.44,66.86,55.05,3,74.79,Pass
STU0295,Michal,Female,Grade 4,Phys.Ed,55.01,63.89,58.67,55.58,66.12,59.85,3,77.93,Fail
STU0296,Noah,Female,Grade 4,Science,80.19,58.95,49.14,53.36,76.86,63.7,3,96.86,Pass
STU0297,Mia,Male,Grade 5,Phys.Ed,49.7,38.9,89.46,48.93,57.8,56.96,3,89.25,Pass
STU0298,Shawn,Female,Grade 3,English,59.35,44.32,51.16,57.58,58.9,54.26,2,82.07,Not Attended
STU0299,Hudson,Female,Grade 3,Math's,43.95,51.41,51.23,56.78,50.68,50.81,2,73.63,Pass
STU0300,Michal,Male,Grade 2,Phys.Ed,55.81,53.03,59.43,50.82,72.17,58.25,3,69.71,Pass
STU0301,Zen,Female,Grade 4,Math's,59.59,80.5,59.27,63.27,47.06,61.94,3,91.86,Pass
STU0302,Sophia,Male,Grade 4,Math's,64.61,51.45,60.3,56.78,96.69,65.97,3,80.86,Pass
STU0303,Robert,Male,Grade 4,Arts,57.9,80.76,50.53,37.43,55.14,56.35,3,86.76,Pass
STU0304,Liam,Male,Grade 2,Math's,63.41,90.18,55.25,73.03,48.95,66.17,3,91.7,Pass
STU0305,Tyler,Female,Grade 3,English,65.2,77.6,88.1,85.42,82.94,79.85,4,79.5,Pass
STU0306,Damon,Male,Grade 5,Phys.Ed,79.7,68.72,50.44,66.81,45.36,62.2,3,89.45,Pass
STU0307,Mason,Male,Grade 4,Phys.Ed,70.02,83.21,48.53,66.5,29.61,59.57,3,79.32,Pass
STU0308,Hudson,Female,Grade 5,Math's,66.38,63.38,19.71,35.55,53.29,47.66,2,87.66,Pass
STU0309,Ethan,Male,Grade 4,Science,54.11,85.44,53.07,65.6,65.26,64.69,3,66.96,Pass
STU0310,Cal,Female,Grade 4,Science,30.74,90.15,54.83,64.45,62.27,60.49,3,80.61,Pass
STU0311,Mia,Female,Grade 5,Arts,39.24,76.51,52.51,47.44,55.8,54.3,2,94.06,Pass
STU0312,Emma,Male,Grade 5,English,72.28,91.88,56.84,69.02,64.57,70.92,4,94.37,Pass
STU0313,Tyler,Male,Grade 3,Arts,43.51,51.96,62.16,56.19,90.19,60.8,3,92.62,Pass
STU0314,Shawn,Female,Grade 5,Math's,29.09,67.3,55.47,68.79,94.08,62.94,3,80.13,Pass
STU0315,Michal,Male,Grade 3,Math's,45.68,48.09,58.05,51.41,49.88,50.62,2,73.99,Pass
STU0316,Olivia,Female,Grade 5,English,45.57,70.18,59.01,66.82,36.62,55.64,3,84.08,Pass
STU0317,Damon,Male,Grade 5,English,53.67,53.8,56.48,78.74,56.68,59.87,3,88.6,Pass
STU0318,Ethan,Female,Grade 5,Phys.Ed,79.03,50.51,45.16,53.7,54.54,56.59,3,75.55,Pass
STU0319,Liam,Female,Grade 1,Science,34.69,69.78,25.58,60.18,41.11,46.27,2,99.9,Pass
STU0320,Zen,Female,Grade 5,Phys.Ed,74.78,83.52,94.37,70.72,59.53,76.58,4,90.87,Pass
STU0321,Liam,Female,Grade 5,Science,58.38,68.36,56.24,53.31,65.79,60.42,3,77.31,Pass
STU0322,Noah,Female,Grade 5,Phys.Ed,76.83,70.45,67.83,57.13,73.84,69.22,3,90.32,Pass
STU0323,Cal,Male,Grade 5,Science,53.38,60.12,32.91,62.51,63.48,54.48,2,85.58,Pass
STU0324,Damon,Female,Grade 5,Arts,54.67,71.88,61.45,53.43,67.52,61.79,3,81.67,Pass
STU0325,Sophia,Female,Grade 4,Science,84.41,72.11,47.14,71.76,54.47,65.98,3,85.81,Pass
STU0326,Shawn,Female,Grade 5,English,44.79,61.63,62.89,61.64,90.58,64.3,3,87.99,Pass
STU0327,Olivia,Male,Grade 4,Math's,63.14,63.48,37.97,69.11,69.55,60.65,3,85.35,Pass
STU0328,Liam,Male,Grade 2,Arts,85.94,61.01,100.0,84.46,48.55,75.99,4,78.33,Pass
STU0329,Hudson,Male,Grade 1,Phys.Ed,44.0,61.91,62.76,73.22,63.23,61.02,3,71.39,Pass
STU0330,Cal,Male,Grade 2,Phys.Ed,65.38,75.7,37.15,81.43,66.24,65.18,3,97.05,Pass
STU0331,Mack,Female,Grade 3,Science,65.81,60.79,8.82,61.25,67.89,52.91,2,71.1,Pass
STU0332,Damon,Female,Grade 2,Math's,80.76,69.17,78.04,74.02,45.09,69.42,3,78.09,Pass
STU0333,Robert,Male,Grade 5,Phys.Ed,84.32,45.44,86.73,58.1,25.6,60.04,3,73.07,Pass
STU0334,Cal,Male,Grade 1,Science,51.27,51.6,19.53,76.14,57.75,51.26,2,81.29,Pass
STU0335,Damon,Female,Grade 5,English,78.25,58.07,49.57,58.3,73.18,63.47,3,79.91,Fail
STU0336,Mack,Male,Grade 2,English,59.91,76.36,25.63,76.82,64.16,60.58,3,80.71,Pass
STU0337,Olivia,Male,Grade 2,English,36.03,86.93,60.74,66.32,78.22,65.65,3,75.83,Pass
STU0338,Mack,Male,Grade 3,Phys.Ed,80.15,62.23,49.37,68.86,73.17,66.76,3,79.61,Fail
STU0339,Noah,Female,Grade 3,Science,40.37,78.0,43.22,46.34,76.46,56.88,3,86.96,Pass
STU0340,Tyler,Male,Grade 3,Phys.Ed,65.78,49.4,70.95,69.57,60.25,63.19,3,82.64,Pass
STU0341,Michal,Female,Grade 3,English,85.52,53.97,69.45,47.35,71.37,65.53,3,81.4,Fail
STU0342,Michal,Male,Grade 2,Math's,74.94,70.77,52.11,65.26,47.74,62.16,3,84.88,Pass
STU0343,Emma,Male,Grade 1,Phys.Ed,56.35,63.11,70.89,74.39,79.84,68.92,3,85.79,Pass
STU0344,Shawn,Male,Grade 3,English,85.1,81.48,100.0,61.13,62.1,77.96,4,80.94,Pass
STU0345,Emma,Male,Grade 1,English,36.96,68.24,44.41,22.13,71.84,48.72,2,75.14,Pass
STU0346,Mack,Female,Grade 4,Phys.Ed,55.2,78.53,76.23,81.26,88.97,76.04,4,91.34,Pass
STU0347,Mason,Female,Grade 1,Science,72.26,65.22,80.89,45.77,42.97,61.42,3,90.13,Pass
STU0348,Sophia,Female,Grade 1,English,57.71,36.39,56.24,67.4,57.93,55.13,3,83.82,Pass
STU0349,Shawn,Female,Grade 1,Phys.Ed,72.34,81.49,58.94,82.47,81.67,75.38,4,88.08,Pass
STU0350,Mia,Female,Grade 4,Phys.Ed,62.19,100.0,29.97,73.7,60.24,65.22,3,90.18,Pass
STU0351,Michal,Male,Grade 2,Science,63.67,68.13,81.28,74.93,61.15,69.83,3,86.02,Pass
STU0352,Noah,Male,Grade 5,Science,80.19,90.29,80.97,46.05,31.48,65.8,3,89.67,Pass
STU0353,Olivia,Male,Grade 5,Phys.Ed,50.6,70.02,87.63,53.12,56.96,63.67,3,86.21,Pass
STU0354,Tyler,Male,Grade 4,Science,63.19,73.76,44.49,61.36,28.56,54.27,2,91.01,Pass
STU0355,Hudson,Male,Grade 3,Phys.Ed,61.53,69.85,79.24,62.09,54.01,65.34,3,92.12,Pass
STU0356,Liam,Female,Grade 5,Science,47.21,85.86,75.17,75.48,66.03,69.95,3,76.06,Pass
STU0357,Mack,Female,Grade 3,Math's,73.18,86.15,51.73,40.14,79.72,66.18,3,86.8,Pass
STU0358,Mason,Female,Grade 5,Math's,100.0,57.01,44.64,62.02,81.89,69.11,3,100.0,Pass
STU0359,Damon,Male,Grade 5,English,91.56,65.73,44.92,48.05,76.38,65.33,3,85.91,Pass
STU0360,Mason,Female,Grade 5,Math's,77.16,76.49,68.32,58.96,90.64,74.31,4,85.77,Fail
STU0361,Sophia,Male,Grade 5,Arts,63.44,70.9,63.66,66.96,47.34,62.46,3,72.39,Pass
STU0362,Sophia,Male,Grade 2,Math's,60.68,70.74,56.74,55.07,42.99,57.24,3,84.18,Pass
STU0363,Liam,Male,Grade 3,Phys.Ed,48.08,62.65,56.16,72.52,88.34,65.55,3,75.06,Pass
STU0364,Mason,Female,Grade 1,Arts,64.59,73.15,100.0,54.49,34.25,65.3,3,95.92,Pass
STU0365,Jack,Female,Grade 3,English,63.63,60.15,42.15,69.27,61.06,59.25,3,80.74,Pass
STU0366,Hudson,Male,Grade 2,Phys.Ed,49.76,67.09,75.51,62.67,37.77,58.56,3,77.58,Pass
STU0367,Mia,Male,Grade 3,Phys.Ed,69.33,99.06,54.08,37.29,40.07,59.97,3,84.1,Pass
STU0368,Shawn,Female,Grade 5,Phys.Ed,51.4,78.58,70.07,51.24,61.38,62.53,3,80.06,Pass
STU0369,Zen,Female,Grade 5,Arts,67.98,59.15,32.17,74.84,68.77,60.58,3,72.22,Pass
STU0370,Shawn,Female,Grade 1,Phys.Ed,63.97,57.75,55.78,70.69,58.31,61.3,3,72.4,Pass
STU0371,Emma,Female,Grade 2,Phys.Ed,79.12,58.17,82.85,63.56,82.86,73.31,4,88.59,Pass
STU0372,Noah,Male,Grade 4,Phys.Ed,58.5,65.43,52.64,60.78,69.95,61.46,3,87.42,Pass
STU0373,Damon,Male,Grade 5,Science,49.11,77.39,30.03,78.04,57.5,58.42,3,88.6,Pass
STU0374,Mia,Female,Grade 1,Math's,63.9,55.72,78.24,63.12,71.75,66.55,3,84.55,Pass
STU0375,Mia,Male,Grade 1,Arts,62.86,78.94,24.7,54.23,44.5,53.04,2,100.0,Pass
STU0376,Ethan,Female,Grade 5,Phys.Ed,62.78,51.15,47.09,45.58,78.65,57.05,3,67.15,Pass
STU0377,Lucas,Female,Grade 3,Arts,56.58,65.1,41.81,54.82,87.48,61.16,3,89.32,Pass
STU0378,Sophia,Male,Grade 2,Phys.Ed,69.44,58.51,69.21,84.22,76.05,71.49,4,83.62,Pass
STU0379,Ethan,Male,Grade 3,Math's,55.07,78.71,62.02,61.55,61.76,63.82,3,98.07,Pass
STU0380,Emma,Male,Grade 4,Math's,80.31,53.73,90.82,40.03,69.96,66.97,3,87.8,Pass
STU0381,Liam,Male,Grade 5,English,53.74,95.09,78.65,79.43,52.32,71.85,4,84.83,Pass
STU0382,Tyler,Female,Grade 5,Phys.Ed,69.63,88.83,41.27,58.79,34.93,58.69,3,75.24,Pass
STU0383,Emma,Male,Grade 3,Science,84.46,92.01,58.14,46.13,96.53,75.45,4,96.76,Pass
STU0384,Lucas,Male,Grade 1,English,53.07,65.51,41.24,75.72,54.28,57.96,3,96.18,Pass
STU0385,Hudson,Female,Grade 1,Arts,56.03,57.43,92.57,43.31,33.44,56.56,3,84.96,Pass
STU0386,Robert,Male,Grade 2,Science,51.82,61.64,63.7,48.59,48.77,54.9,2,95.03,Pass
STU0387,Tyler,Female,Grade 4,Arts,76.04,68.59,82.56,65.7,87.94,76.17,4,80.49,Fail
STU0388,Jack,Female,Grade 2,English,69.76,58.05,39.82,36.77,88.63,58.61,3,97.44,Pass
STU0389,Cal,Female,Grade 2,English,73.22,79.28,55.42,61.5,82.71,70.43,4,70.88,Pass
STU0390,Hudson,Male,Grade 2,English,96.55,45.29,82.67,74.76,47.43,69.34,3,92.06,Pass
STU0391,Noah,Male,Grade 2,Arts,56.11,46.92,72.58,58.08,63.25,59.39,3,79.37,Pass
STU0392,Mack,Female,Grade 5,Science,59.31,71.54,72.47,69.82,47.23,64.07,3,81.73,Pass
STU0393,Sophia,Female,Grade 4,English,49.78,85.38,53.25,55.59,79.56,64.71,3,72.64,Pass
STU0394,Lucas,Female,Grade 2,Arts,82.12,56.3,32.85,47.12,62.63,56.2,3,78.17,Pass
STU0395,Hudson,Female,Grade 2,Phys.Ed,100.0,53.22,47.39,71.59,56.13,65.67,3,91.06,Pass
STU0396,Ava,Female,Grade 2,Math's,56.12,63.56,45.03,59.69,45.49,53.98,2,90.05,Fail
STU0397,Lucas,Female,Grade 2,Math's,50.6,68.49,82.78,78.84,40.56,64.25,3,92.05,Pass
STU0398,Jack,Male,Grade 2,Phys.Ed,69.57,59.27,79.74,78.09,86.38,74.61,4,69.25,Pass
STU0399,Liam,Male,Grade 5,Math's,53.1,70.41,68.51,72.25,47.35,62.32,3,95.25,Pass
STU0400,Mason,Male,Grade 4,English,77.98,86.34,43.51,50.96,60.75,63.91,3,86.46,Pass
STU0401,Mason,Male,Grade 2,English,40.46,47.58,65.06,35.41,79.2,53.54,2,82.73,Pass
STU0402,Robert,Female,Grade 5,English,65.22,58.14,32.04,81.95,85.39,64.55,3,80.94,Pass
STU0403,Noah,Female,Grade 4,Arts,55.7,56.44,81.95,70.55,76.74,68.28,3,80.26,Pass
STU0404,Noah,Male,Grade 1,Arts,40.86,60.28,68.62,69.15,65.39,60.86,3,81.69,Fail
STU0405,Jack,Male,Grade 1,Phys.Ed,60.74,65.29,75.59,73.02,75.33,69.99,3,77.44,Fail
STU0406,Noah,Female,Grade 1,English,73.82,46.05,58.31,51.15,76.92,61.25,3,92.92,Pass
STU0407,Liam,Male,Grade 5,Math's,62.56,59.0,71.65,38.7,77.55,61.89,3,78.32,Fail
STU0408,Liam,Female,Grade 5,Science,47.37,84.25,71.96,54.36,79.03,67.4,3,80.02,Pass
STU0409,Jack,Female,Grade 2,Math's,51.84,64.45,48.88,46.03,69.18,56.07,3,83.6,Pass
STU0410,Lucas,Male,Grade 4,Arts,46.16,51.18,43.43,55.09,56.84,50.54,2,86.31,Pass
STU0411,Lucas,Male,Grade 1,Math's,60.61,47.93,48.54,66.04,50.3,54.68,2,61.8,Pass
STU0412,Jack,Female,Grade 5,Math's,62.8,69.4,79.0,61.12,97.18,73.9,4,73.89,Pass
STU0413,Ethan,Male,Grade 3,Phys.Ed,71.82,77.35,42.11,66.04,49.3,61.32,3,84.78,Pass
STU0414,Sophia,Male,Grade 1,English,51.81,54.46,74.35,66.41,68.6,63.13,3,78.78,Pass
STU0415,Jack,Female,Grade 5,Science,79.96,45.34,53.15,57.03,67.46,60.59,3,90.89,Pass
STU0416,Mack,Male,Grade 2,Phys.Ed,40.97,84.48,65.36,47.99,55.91,58.94,3,93.45,Pass
STU0417,Damon,Male,Grade 2,English,72.82,67.5,73.59,91.06,75.82,76.16,4,91.82,Pass
STU0418,Ethan,Female,Grade 2,Phys.Ed,23.29,73.19,53.11,45.24,65.09,51.99,2,78.09,Pass
STU0419,Zen,Female,Grade 2,Arts,53.96,62.3,40.9,60.45,70.57,57.64,3,82.29,Pass
STU0420,Noah,Female,Grade 2,Math's,56.96,44.25,52.36,58.35,68.9,56.16,3,88.86,Pass
STU0421,Sophia,Female,Grade 2,Arts,100.0,66.91,48.79,62.32,62.86,68.18,3,68.09,Pass
STU0422,Lucas,Female,Grade 5,Arts,45.59,78.3,79.95,66.02,34.03,60.78,3,87.86,Pass
STU0423,Tyler,Male,Grade 5,English,79.9,58.23,62.87,67.86,75.56,68.88,3,88.97,Pass
STU0424,Jack,Male,Grade 1,English,46.55,99.61,53.0,89.22,44.74,66.62,3,89.26,Pass
STU0425,Ava,Male,Grade 3,Arts,39.51,64.71,58.43,67.58,78.19,61.69,3,83.52,Pass
STU0426,Sophia,Female,Grade 2,English,64.06,95.25,48.69,59.8,62.51,66.06,3,83.18,Pass
STU0427,Liam,Female,Grade 1,English,69.11,55.91,87.34,68.9,33.23,62.9,3,90.91,Pass
STU0428,Robert,Male,Grade 5,English,77.12,58.31,30.38,79.07,81.63,65.3,3,83.3,Pass
STU0429,Emma,Male,Grade 5,Math's,44.65,78.93,69.7,69.83,57.61,64.14,3,86.05,Pass
STU0430,Robert,Male,Grade 4,Science,69.61,77.7,62.41,63.89,45.61,63.85,3,76.83,Pass
STU0431,Robert,Female,Grade 1,English,56.49,56.13,100.0,76.03,44.6,66.65,3,86.77,Pass
STU0432,Michal,Female,Grade 5,English,67.48,57.24,50.15,48.9,55.82,55.92,3,83.9,Pass
STU0433,Shawn,Female,Grade 2,Phys.Ed,40.82,67.26,50.61,67.08,60.97,57.35,3,77.39,Pass
STU0434,Ethan,Male,Grade 5,Phys.Ed,70.26,63.27,60.08,70.84,81.93,69.28,3,77.13,Pass
STU0435,Olivia,Female,Grade 2,English,64.07,58.94,56.71,55.53,44.06,55.86,3,94.05,Pass
STU0436,Mack,Female,Grade 3,English,54.68,74.87,60.41,44.13,47.24,56.26,3,85.59,Pass
STU0437,Mason,Female,Grade 5,Science,67.7,90.51,55.95,50.89,79.01,68.81,3,86.59,Pass
STU0438,Ethan,Female,Grade 3,Science,57.68,71.78,63.35,73.73,33.77,60.06,3,85.13,Pass
STU0439,Damon,Male,Grade 5,Math's,52.28,54.46,42.9,58.62,65.93,54.84,2,73.85,Pass
STU0440,Sophia,Male,Grade 3,English,47.68,66.51,66.5,63.69,66.61,62.2,3,97.37,Pass
STU0441,Olivia,Female,Grade 1,English,55.78,79.22,51.68,65.94,41.06,58.73,3,85.33,Pass
STU0442,Cal,Male,Grade 2,English,92.74,62.0,30.98,51.65,46.29,56.73,3,87.04,Pass
STU0443,Michal,Male,Grade 5,Science,60.61,62.56,38.88,59.74,58.36,56.03,3,81.11,Pass
STU0444,Michal,Female,Grade 4,Science,39.32,53.41,60.12,54.31,90.27,59.48,3,74.17,Pass
STU0445,Tyler,Male,Grade 5,English,45.52,85.89,57.96,63.66,82.76,67.16,3,75.74,Pass
STU0446,Lucas,Female,Grade 1,Science,40.52,58.15,41.89,40.49,73.42,50.89,2,73.45,Pass
STU0447,Ethan,Male,Grade 5,Arts,79.19,55.12,88.06,42.63,89.07,70.81,4,81.02,Pass
STU0448,Olivia,Female,Grade 2,English,83.87,49.71,64.02,73.67,80.67,70.39,4,79.19,Pass
STU0449,Cal,Female,Grade 4,English,62.58,86.17,45.18,74.06,81.55,69.91,3,84.38,Pass
STU0450,Noah,Male,Grade 5,Math's,39.22,29.17,66.99,59.86,54.76,50.0,2,85.95,Pass
STU0451,Liam,Female,Grade 4,Phys.Ed,58.25,70.46,64.02,76.15,33.21,60.42,3,84.9,Pass
STU0452,Sophia,Male,Grade 2,English,62.8,47.61,56.47,52.95,31.32,50.23,2,79.99,Pass
STU0453,Damon,Female,Grade 5,Phys.Ed,64.94,92.17,83.02,68.84,73.81,76.55,4,82.94,Pass
STU0454,Lucas,Female,Grade 4,Science,67.94,69.69,83.11,31.88,24.81,55.49,3,80.03,Fail
STU0455,Jack,Male,Grade 2,Science,76.59,67.65,56.41,40.51,68.19,61.87,3,82.99,Pass
STU0456,Jack,Male,Grade 4,English,50.09,68.09,56.31,46.92,35.72,51.43,2,84.59,Pass
STU0457,Sophia,Female,Grade 2,Math's,49.99,48.3,69.43,75.77,65.86,61.87,3,87.48,Pass
STU0458,Damon,Female,Grade 5,Arts,89.85,59.26,65.84,39.35,24.73,55.81,3,90.76,Pass
STU0459,Robert,Male,Grade 5,Phys.Ed,54.24,61.82,50.43,57.81,49.52,54.76,2,87.09,Pass
STU0460,Emma,Male,Grade 1,Arts,49.23,39.26,58.47,79.12,68.69,58.95,3,94.93,Pass
STU0461,Olivia,Female,Grade 2,Arts,49.74,76.86,54.65,56.96,63.87,60.42,3,73.25,Pass
STU0462,Ethan,Male,Grade 1,Science,57.37,43.82,63.89,67.91,47.34,56.07,3,81.64,Pass
STU0463,Cal,Male,Grade 5,Math's,73.39,61.92,58.92,66.92,67.65,65.76,3,68.04,Pass
STU0464,Noah,Female,Grade 2,Phys.Ed,57.91,69.4,61.42,63.01,87.36,67.82,3,84.61,Pass
STU0465,Olivia,Female,Grade 5,Arts,73.4,87.41,64.72,53.68,65.32,68.91,3,78.74,Pass
STU0466,Shawn,Female,Grade 5,English,36.19,55.54,63.22,66.31,38.7,51.99,2,83.29,Pass
STU0467,Shawn,Female,Grade 1,Arts,75.64,54.81,39.44,61.35,40.06,54.26,2,67.16,Pass
STU0468,Noah,Female,Grade 3,Phys.Ed,49.15,64.01,40.32,66.98,73.34,58.76,3,73.8,Not Attended
STU0469,Sophia,Female,Grade 2,Phys.Ed,77.7,76.64,76.87,53.93,55.55,68.14,3,69.7,Pass
STU0470,Mason,Male,Grade 5,Arts,64.41,53.08,16.74,82.6,42.05,51.78,2,68.28,Pass
STU0471,Tyler,Male,Grade 2,English,76.12,68.69,95.07,73.3,52.54,73.14,4,84.22,Pass
STU0472,Mack,Male,Grade 2,Arts,67.18,54.1,58.61,53.31,34.14,53.47,2,87.86,Pass
STU0473,Robert,Male,Grade 2,English,65.83,77.14,50.43,60.15,88.51,68.41,3,83.98,Pass
STU0474,Ethan,Male,Grade 2,English,51.91,69.13,28.64,54.45,45.53,49.93,2,85.08,Pass
STU0475,Ethan,Male,Grade 2,Math's,100.0,45.5,38.17,71.43,60.87,63.19,3,90.79,Pass
STU0476,Mason,Female,Grade 4,English,42.67,73.82,76.54,59.48,58.13,62.13,3,76.13,Pass
STU0477,Mia,Female,Grade 5,Math's,48.46,79.26,34.85,75.66,68.13,61.27,3,82.68,Pass
STU0478,Emma,Male,Grade 2,English,81.96,84.49,66.34,50.54,54.34,67.53,3,83.43,Pass
STU0479,Ethan,Female,Grade 5,English,60.44,57.11,73.98,60.33,40.77,58.52,3,92.33,Pass
STU0480,Liam,Male,Grade 5,Arts,70.6,76.2,40.8,74.23,60.34,64.43,3,80.24,Pass
STU0481,Noah,Male,Grade 1,Math's,35.28,34.77,64.08,54.26,54.15,48.51,2,89.57,Pass
STU0482,Ava,Male,Grade 5,Arts,41.65,69.12,69.93,69.16,32.01,56.38,3,77.91,Pass
STU0483,Mia,Female,Grade 5,Science,71.61,71.52,52.86,46.04,60.91,60.59,3,88.53,Pass
STU0484,Robert,Female,Grade 1,Science,44.64,47.34,32.07,68.94,82.02,55.0,3,98.79,Pass
STU0485,Zen,Female,Grade 2,Phys.Ed,76.76,50.63,78.99,51.52,51.92,61.96,3,85.57,Pass
STU0486,Tyler,Female,Grade 4,Science,72.61,79.71,71.48,66.4,77.38,73.51,4,73.05,Pass
STU0487,Jack,Male,Grade 1,Arts,69.81,54.55,50.39,53.15,76.82,60.94,3,83.91,Pass
STU0488,Damon,Male,Grade 5,Phys.Ed,43.45,75.46,68.49,50.4,86.47,64.86,3,88.31,Pass
STU0489,Emma,Male,Grade 3,English,59.62,83.53,69.97,56.77,70.82,68.14,3,73.87,Pass
STU0490,Mason,Female,Grade 5,Phys.Ed,21.95,91.24,75.02,38.94,100.0,65.43,3,100.0,Pass
STU0491,Lucas,Female,Grade 3,Science,54.68,81.04,68.94,85.9,81.88,74.49,4,93.15,Pass
STU0492,Mack,Male,Grade 1,Science,68.34,27.16,55.9,47.95,46.18,49.11,2,79.79,Pass
STU0493,Ava,Male,Grade 5,English,45.64,77.12,56.73,62.66,65.03,61.43,3,84.7,Pass
STU0494,Olivia,Male,Grade 3,Phys.Ed,78.04,55.17,62.38,59.62,48.82,60.81,3,90.81,Pass
STU0495,Cal,Female,Grade 5,Science,55.28,51.93,78.55,53.18,44.32,56.65,3,92.41,Pass
STU0496,Liam,Female,Grade 5,Math's,45.95,90.07,43.87,63.63,75.67,63.84,3,79.43,Not Attended
STU0497,Robert,Male,Grade 2,Arts,83.78,66.2,49.26,57.41,75.94,66.52,3,79.32,Pass
STU0498,Cal,Female,Grade 3,Math's,44.35,91.49,49.8,70.98,66.35,64.59,3,76.12,Fail
STU0499,Ethan,Male,Grade 5,English,64.38,57.26,60.0,80.82,66.6,65.81,3,75.86,Pass
STU0500,Tyler,Female,Grade 4,Science,44.97,43.51,42.41,71.04,58.17,52.02,2,84.65,Pass
STU0501,Ethan,Male,Grade 5,Phys.Ed,75.43,70.0,76.91,75.91,68.27,73.31,4,85.12,Pass
STU0502,Lucas,Female,Grade 2,Science,86.82,57.79,90.01,56.06,73.75,72.89,4,79.42,Pass
STU0503,Olivia,Female,Grade 2,Phys.Ed,63.95,55.95,87.1,68.38,63.66,67.81,3,80.22,Pass
STU0504,Ethan,Female,Grade 1,English,31.74,26.35,74.65,62.54,59.39,50.93,2,95.11,Pass
STU0505,Cal,Female,Grade 4,Arts,37.75,62.79,55.52,68.52,63.73,57.66,3,88.99,Pass
STU0506,Lucas,Male,Grade 3,English,60.9,76.66,49.8,50.05,62.27,59.94,3,78.84,Pass
STU0507,Shawn,Male,Grade 5,Math's,49.16,66.5,71.74,41.42,70.68,59.9,3,75.56,Pass
STU0508,Michal,Male,Grade 5,Phys.Ed,74.92,69.52,55.84,54.08,86.54,68.18,3,78.4,Pass
STU0509,Ava,Male,Grade 2,Phys.Ed,50.0,62.22,41.0,73.79,58.62,57.12,3,92.51,Not Attended
STU0510,Ava,Female,Grade 4,Arts,66.67,53.6,64.52,70.72,61.76,63.45,3,84.59,Pass
STU0511,Olivia,Female,Grade 1,Arts,52.87,74.3,67.37,65.28,64.3,64.83,3,83.7,Pass
STU0512,Liam,Female,Grade 4,Arts,51.81,44.54,60.49,65.28,35.76,51.58,2,84.15,Pass
STU0513,Tyler,Female,Grade 5,Science,67.7,64.14,65.1,67.41,71.56,67.18,3,92.13,Pass
STU0514,Robert,Male,Grade 1,Arts,78.98,67.61,68.85,45.28,66.72,65.49,3,78.6,Pass
STU0515,Shawn,Female,Grade 2,Arts,69.78,72.94,60.03,65.98,88.67,71.48,4,81.72,Pass
STU0516,Ethan,Female,Grade 4,English,48.76,51.43,62.06,63.17,61.39,57.36,3,77.56,Pass
STU0517,Ethan,Male,Grade 5,English,53.14,70.04,43.38,47.09,74.35,57.6,3,88.94,Pass
STU0518,Michal,Female,Grade 1,Math's,69.45,54.23,52.72,64.19,84.77,65.07,3,84.21,Fail
STU0519,Emma,Male,Grade 3,Science,78.18,61.41,1.05,51.18,82.34,54.83,2,83.73,Pass
STU0520,Ethan,Male,Grade 2,Science,67.97,69.02,63.69,70.61,100.0,74.26,4,93.99,Not Attended
STU0521,Emma,Male,Grade 5,Science,33.62,60.6,59.07,59.36,97.39,62.01,3,98.67,Pass
STU0522,Liam,Male,Grade 5,Phys.Ed,49.5,57.8,27.75,60.76,57.67,50.7,2,85.45,Pass
STU0523,Robert,Male,Grade 3,Arts,63.73,66.81,62.84,70.46,84.2,69.61,3,82.76,Pass
STU0524,Mack,Female,Grade 5,Math's,61.57,47.4,72.24,58.61,35.67,55.1,3,86.66,Pass
STU0525,Tyler,Female,Grade 1,English,40.6,67.88,55.32,50.57,64.79,55.83,3,84.83,Pass
STU0526,Lucas,Female,Grade 4,Math's,82.26,56.85,45.49,61.91,73.97,64.09,3,82.87,Pass
STU0527,Lucas,Male,Grade 3,English,53.57,72.71,12.75,91.59,71.5,60.42,3,85.19,Pass
STU0528,Olivia,Male,Grade 1,Phys.Ed,46.51,74.75,58.51,86.2,71.78,67.55,3,86.6,Pass
STU0529,Hudson,Male,Grade 2,Math's,64.2,58.69,100.0,77.32,43.09,68.66,3,85.86,Pass
STU0530,Shawn,Male,Grade 4,Arts,47.04,65.97,34.9,53.86,59.45,52.24,2,81.0,Pass
STU0531,Robert,Female,Grade 5,Math's,47.67,71.17,62.18,66.96,35.57,56.71,3,85.25,Pass
STU0532,Damon,Female,Grade 3,English,71.87,80.64,66.02,69.1,58.22,69.17,3,79.93,Pass
STU0533,Mia,Female,Grade 2,English,44.41,41.71,51.63,75.3,63.78,55.37,3,66.21,Pass
STU0534,Zen,Male,Grade 4,English,46.8,40.3,88.88,48.31,52.32,55.32,3,78.56,Pass
STU0535,Cal,Female,Grade 3,Arts,68.71,58.98,51.93,63.86,42.35,57.17,3,82.85,Pass
STU0536,Hudson,Female,Grade 3,Math's,60.91,80.37,35.16,62.05,77.64,63.23,3,83.31,Pass
STU0537,Robert,Male,Grade 3,Phys.Ed,41.11,83.97,99.7,75.39,42.85,68.6,3,90.3,Pass
STU0538,Mia,Female,Grade 2,Science,84.93,71.12,43.49,69.04,79.94,69.7,3,85.59,Pass
STU0539,Damon,Female,Grade 2,Math's,77.15,49.05,43.45,78.39,63.76,62.36,3,82.61,Pass
STU0540,Hudson,Female,Grade 4,Phys.Ed,68.59,34.57,50.81,74.69,95.69,64.87,3,86.32,Pass
STU0541,Cal,Male,Grade 5,Science,34.43,74.6,64.5,54.26,48.13,55.18,3,95.03,Pass
STU0542,Mia,Female,Grade 3,Arts,60.28,73.93,48.17,60.41,74.38,63.44,3,100.0,Pass
STU0543,Mack,Female,Grade 2,Phys.Ed,66.34,75.83,65.56,52.5,81.56,68.35,3,88.11,Pass
STU0544,Mack,Female,Grade 3,Arts,68.23,58.6,25.15,37.45,46.77,47.24,2,78.73,Pass
STU0545,Olivia,Male,Grade 4,Science,73.83,57.08,61.1,88.67,43.57,64.85,3,87.65,Pass
STU0546,Ava,Male,Grade 4,Science,71.05,67.54,69.6,50.02,75.68,66.78,3,86.35,Pass
STU0547,Tyler,Female,Grade 5,Science,58.02,82.91,83.53,71.27,47.56,68.66,3,86.87,Pass
STU0548,Ava,Female,Grade 5,Phys.Ed,68.44,77.64,56.01,64.43,57.79,64.86,3,89.92,Pass
STU0549,Cal,Female,Grade 1,Phys.Ed,53.43,58.41,53.2,52.02,67.3,56.87,3,87.02,Pass
STU0550,Mia,Female,Grade 2,Phys.Ed,51.61,65.24,52.13,41.49,50.64,52.22,2,91.12,Pass
STU0551,Emma,Female,Grade 5,Phys.Ed,64.86,56.4,39.96,79.27,79.49,63.99,3,92.02,Pass
STU0552,Mason,Male,Grade 2,Science,69.38,66.58,46.76,60.68,82.27,65.13,3,85.46,Not Attended
STU0553,Liam,Female,Grade 2,Arts,48.08,76.66,72.68,65.22,62.69,65.07,3,89.28,Pass
STU0554,Sophia,Female,Grade 3,Math's,57.98,45.34,64.03,77.93,83.03,65.66,3,89.92,Pass
STU0555,Hudson,Female,Grade 5,Math's,40.42,84.66,67.17,60.04,57.76,62.01,3,79.61,Pass
STU0556,Emma,Male,Grade 2,Arts,38.26,77.44,35.15,55.77,58.88,53.1,2,83.44,Pass
STU0557,Liam,Male,Grade 2,Arts,63.35,62.3,68.75,40.14,48.7,56.65,3,73.56,Fail
STU0558,Noah,Male,Grade 5,Math's,38.27,66.7,68.63,69.75,51.92,59.05,3,78.73,Pass
STU0559,Noah,Male,Grade 1,Arts,75.89,78.65,56.02,53.07,56.6,64.05,3,88.29,Pass
STU0560,Robert,Male,Grade 2,Arts,73.97,49.53,58.16,72.88,43.45,59.6,3,87.36,Pass
STU0561,Zen,Male,Grade 2,Arts,63.79,54.28,38.98,61.11,32.11,50.05,2,78.61,Pass
STU0562,Mason,Male,Grade 1,English,71.43,61.0,90.43,78.61,89.78,78.25,4,76.67,Pass
STU0563,Robert,Female,Grade 1,Science,80.39,54.98,24.95,85.41,70.08,63.16,3,75.45,Not Attended
STU0564,Ava,Female,Grade 1,Science,77.61,38.63,53.36,63.57,48.31,56.29,3,97.85,Pass
STU0565,Jack,Male,Grade 2,Math's,45.85,59.29,76.37,79.32,24.21,57.01,3,80.97,Fail
STU0566,Olivia,Female,Grade 5,Math's,77.0,100.0,29.24,75.76,64.68,69.34,3,95.11,Pass
STU0567,Emma,Female,Grade 4,Phys.Ed,73.4,60.48,46.06,70.73,49.49,60.03,3,89.14,Pass
STU0568,Hudson,Male,Grade 2,Science,79.73,74.99,53.39,58.8,83.06,69.99,3,77.64,Pass
STU0569,Michal,Female,Grade 4,Science,95.19,71.48,72.18,57.77,50.26,69.37,3,85.34,Pass
STU0570,Robert,Male,Grade 5,Math's,61.92,53.49,76.17,49.62,41.42,56.52,3,81.53,Pass
STU0571,Cal,Female,Grade 3,Phys.Ed,39.09,58.95,45.32,56.19,72.79,54.47,2,70.19,Pass
STU0572,Shawn,Male,Grade 5,Science,50.52,82.37,48.15,66.55,57.2,60.96,3,77.05,Pass
STU0573,Zen,Male,Grade 1,Science,69.78,99.69,70.34,56.62,100.0,79.28,4,97.07,Pass
STU0574,Damon,Female,Grade 5,Math's,72.16,50.89,64.99,77.29,76.16,68.3,3,93.8,Pass
STU0575,Damon,Female,Grade 2,Phys.Ed,54.78,46.35,66.65,66.22,48.63,56.52,3,77.45,Pass
STU0576,Sophia,Female,Grade 3,English,66.26,69.61,45.21,58.96,38.99,55.81,3,81.23,Pass
STU0577,Jack,Male,Grade 1,Math's,83.0,71.13,60.64,56.87,61.67,66.66,3,93.2,Pass
STU0578,Emma,Male,Grade 3,Phys.Ed,80.74,79.77,39.79,58.81,74.65,66.75,3,89.31,Pass
STU0579,Mack,Male,Grade 5,English,54.23,69.05,68.56,40.04,54.38,57.25,3,81.96,Pass
STU0580,Cal,Female,Grade 4,Arts,46.92,52.33,54.65,57.39,77.59,57.78,3,78.65,Fail
STU0581,Ava,Female,Grade 2,English,63.47,40.18,82.49,66.05,75.8,65.6,3,70.4,Pass
STU0582,Jack,Male,Grade 4,Phys.Ed,51.79,44.49,63.49,74.11,35.24,53.82,2,76.55,Pass
STU0583,Sophia,Male,Grade 5,Arts,56.45,61.41,63.14,50.46,39.9,54.27,2,94.96,Pass
STU0584,Liam,Male,Grade 5,Science,42.83,69.62,78.93,67.83,52.12,62.27,3,84.11,Pass
STU0585,Tyler,Male,Grade 5,Phys.Ed,68.69,66.27,50.56,67.47,73.56,65.31,3,75.41,Pass
STU0586,Noah,Female,Grade 1,Science,68.95,63.37,36.93,41.84,67.97,55.81,3,78.26,Pass
STU0587,Mason,Male,Grade 4,English,42.04,35.51,47.41,62.94,64.65,50.51,2,85.19,Pass
STU0588,Emma,Female,Grade 2,Math's,52.56,68.75,61.12,51.25,49.28,56.59,3,71.41,Pass
STU0589,Noah,Male,Grade 5,Math's,86.27,58.95,37.51,46.68,60.06,57.89,3,69.42,Pass
STU0590,Hudson,Female,Grade 2,Arts,79.38,67.63,98.18,58.26,12.89,63.27,3,95.66,Pass
STU0591,Ava,Female,Grade 3,English,64.8,62.67,28.78,94.22,76.37,65.37,3,87.36,Pass
STU0592,Tyler,Male,Grade 5,Arts,74.78,57.05,74.22,58.11,66.34,66.1,3,88.8,Pass
STU0593,Mason,Female,Grade 5,Phys.Ed,41.75,90.75,65.76,44.12,55.93,59.66,3,84.89,Pass
STU0594,Olivia,Male,Grade 5,English,52.57,62.11,41.35,58.56,62.41,55.4,3,89.28,Pass
STU0595,Shawn,Female,Grade 5,Science,66.4,69.49,54.12,62.5,87.25,67.95,3,87.05,Pass
STU0596,Sophia,Female,Grade 5,English,66.79,63.19,58.73,50.22,67.81,61.35,3,90.59,Pass
STU0597,Liam,Male,Grade 3,Arts,26.24,76.43,62.41,66.14,51.62,56.57,3,80.92,Pass
STU0598,Jack,Male,Grade 5,Phys.Ed,64.06,55.41,77.65,65.8,49.6,62.5,3,79.82,Pass
STU0599,Mason,Female,Grade 1,Math's,64.48,46.65,51.29,71.1,46.18,55.94,3,63.75,Pass
STU0600,Noah,Male,Grade 5,Arts,58.59,64.02,62.44,69.74,73.2,65.6,3,86.07,Pass
STU0601,Mia,Male,Grade 1,Math's,37.94,47.53,43.39,79.65,79.0,57.5,3,80.33,Pass
STU0602,Mason,Male,Grade 2,English,67.46,50.07,73.5,50.8,75.89,63.55,3,80.58,Pass
STU0603,Sophia,Male,Grade 1,Phys.Ed,46.17,61.05,37.82,72.43,90.03,61.5,3,97.36,Pass
STU0604,Olivia,Female,Grade 2,Phys.Ed,71.01,44.33,53.12,61.05,79.48,61.8,3,89.44,Pass
STU0605,Liam,Male,Grade 3,Science,73.56,66.68,26.89,23.55,66.36,51.41,2,81.89,Pass
STU0606,Jack,Female,Grade 5,English,54.46,42.01,45.91,86.17,45.46,54.8,2,71.29,Pass
STU0607,Damon,Male,Grade 4,Phys.Ed,71.66,57.78,63.5,73.29,47.08,62.66,3,65.42,Pass
STU0608,Lucas,Female,Grade 4,Math's,39.2,79.27,64.04,67.02,57.56,61.42,3,76.92,Pass
STU0609,Ethan,Male,Grade 2,Arts,53.13,52.34,97.8,58.86,70.91,66.61,3,84.24,Pass
STU0610,Zen,Male,Grade 1,Math's,63.15,46.62,63.31,56.03,76.71,61.16,3,85.21,Pass
STU0611,Olivia,Female,Grade 5,English,63.63,63.61,59.31,51.74,71.51,61.96,3,78.48,Fail
STU0612,Hudson,Female,Grade 4,English,72.07,82.5,100.0,48.93,65.09,73.72,4,80.18,Pass
STU0613,Robert,Female,Grade 3,Arts,77.7,47.75,45.65,49.63,68.22,57.79,3,93.92,Pass
STU0614,Mia,Female,Grade 2,Science,58.45,67.83,59.98,74.49,95.78,71.3,4,74.92,Pass
STU0615,Robert,Female,Grade 2,Science,77.15,65.38,84.81,52.94,62.12,68.48,3,76.62,Not Attended
STU0616,Ethan,Female,Grade 3,Science,54.69,45.89,72.49,69.6,35.32,55.6,3,94.67,Pass
STU0617,Hudson,Male,Grade 1,English,42.22,66.28,63.23,77.14,68.76,63.53,3,80.01,Fail
STU0618,Ethan,Male,Grade 3,English,58.33,72.88,8.59,55.8,55.7,50.26,2,95.93,Fail
STU0619,Shawn,Male,Grade 5,Science,44.28,66.43,81.23,85.03,67.57,68.91,3,85.12,Fail
STU0620,Mia,Female,Grade 3,Phys.Ed,71.44,61.59,57.08,60.7,53.55,60.87,3,83.4,Pass
STU0621,Tyler,Female,Grade 5,English,86.24,77.56,100.0,42.36,54.9,72.21,4,76.46,Pass
STU0622,Emma,Female,Grade 5,Math's,70.34,39.33,52.19,81.67,50.73,58.85,3,79.17,Pass
STU0623,Sophia,Female,Grade 5,Science,55.28,48.99,20.25,58.23,65.17,49.59,2,83.58,Pass
STU0624,Mack,Female,Grade 3,English,49.87,92.45,52.61,62.74,83.85,68.31,3,84.88,Pass
STU0625,Noah,Female,Grade 5,Arts,66.33,64.61,47.01,61.94,80.51,64.08,3,98.26,Fail
STU0626,Lucas,Female,Grade 3,English,48.46,70.75,30.19,54.85,78.46,56.54,3,78.59,Pass
STU0627,Ava,Female,Grade 4,Math's,53.2,63.4,46.86,84.69,38.07,57.25,3,100.0,Pass
STU0628,Lucas,Male,Grade 5,Science,50.23,74.42,34.61,65.37,28.05,50.53,2,86.19,Pass
STU0629,Mack,Female,Grade 2,Arts,72.18,66.72,88.77,50.74,100.0,75.68,4,64.87,Pass
STU0630,Cal,Female,Grade 3,Math's,66.53,86.69,64.03,54.63,71.88,68.75,3,77.36,Pass
STU0631,Jack,Female,Grade 4,Science,71.34,54.5,62.29,59.52,47.44,59.02,3,84.29,Pass
STU0632,Damon,Female,Grade 2,English,46.27,53.5,52.32,48.44,76.15,55.34,3,75.07,Pass
STU0633,Hudson,Female,Grade 5,English,45.28,82.76,49.26,40.91,61.26,55.89,3,84.28,Pass
STU0634,Mia,Female,Grade 2,Math's,58.06,69.1,76.75,43.4,61.32,61.72,3,74.51,Pass
STU0635,Emma,Female,Grade 4,Math's,40.15,92.12,30.84,56.78,62.05,56.39,3,94.47,Pass
STU0636,Mason,Male,Grade 2,Phys.Ed,66.08,53.42,36.08,58.13,47.88,52.32,2,87.29,Pass
STU0637,Mia,Male,Grade 5,English,80.65,83.19,53.97,39.47,53.93,62.24,3,79.2,Pass
STU0638,Tyler,Male,Grade 2,Science,63.61,68.24,88.72,57.28,70.51,69.67,3,88.93,Pass
STU0639,Zen,Male,Grade 2,English,37.23,59.74,77.67,64.3,40.75,55.94,3,80.14,Pass
STU0640,Liam,Female,Grade 3,Arts,78.05,68.33,66.1,65.09,45.75,64.67,3,92.19,Pass
STU0641,Noah,Male,Grade 4,Arts,93.37,65.5,24.18,52.9,60.06,59.2,3,75.22,Pass
STU0642,Sophia,Male,Grade 5,Science,48.59,73.34,44.32,52.69,64.4,56.67,3,100.0,Pass
STU0643,Hudson,Male,Grade 4,English,52.36,75.57,39.69,70.97,65.54,60.83,3,91.93,Pass
STU0644,Noah,Male,Grade 3,English,79.71,71.65,42.6,51.45,64.65,62.01,3,65.49,Pass
STU0645,Ethan,Female,Grade 5,English,80.67,97.24,36.22,70.26,63.02,69.48,3,71.64,Pass
STU0646,Mack,Female,Grade 3,English,54.07,77.79,65.85,66.38,87.45,70.31,4,79.96,Not Attended
STU0647,Liam,Female,Grade 2,Phys.Ed,69.96,78.01,57.78,68.23,55.87,65.97,3,100.0,Pass
STU0648,Sophia,Male,Grade 2,Science,68.13,45.25,33.96,76.1,50.16,54.72,2,71.6,Pass
STU0649,Hudson,Female,Grade 2,Phys.Ed,60.37,60.7,39.03,62.68,67.69,58.09,3,74.39,Pass
STU0650,Noah,Male,Grade 5,Math's,63.41,51.49,45.05,82.15,65.65,61.55,3,97.97,Pass
STU0651,Robert,Male,Grade 5,Math's,63.67,67.94,36.44,53.65,48.63,54.07,2,92.63,Pass
STU0652,Ethan,Male,Grade 2,English,65.52,69.22,67.56,64.6,69.74,67.33,3,94.05,Pass
STU0653,Noah,Male,Grade 5,Math's,63.69,60.76,48.64,64.28,49.32,57.34,3,94.28,Pass
STU0654,Olivia,Male,Grade 3,English,64.84,52.66,60.62,54.07,78.12,62.06,3,85.09,Not Attended
STU0655,Cal,Female,Grade 3,Science,69.54,53.53,34.32,61.83,76.8,59.2,3,70.44,Pass
STU0656,Emma,Male,Grade 5,Arts,74.42,79.57,54.98,85.64,57.32,70.39,4,84.87,Pass
STU0657,Zen,Male,Grade 4,Arts,60.65,66.46,73.7,67.16,86.34,70.86,4,80.26,Pass
STU0658,Mia,Female,Grade 5,English,100.0,74.37,60.89,69.67,57.16,72.42,4,100.0,Pass
STU0659,Mack,Female,Grade 5,Arts,83.86,77.26,88.92,66.62,46.8,72.69,4,85.79,Pass
STU0660,Sophia,Female,Grade 5,Arts,73.08,83.92,52.0,59.29,63.88,66.44,3,80.19,Pass
STU0661,Lucas,Male,Grade 5,Science,51.79,39.71,70.88,41.46,50.31,50.83,2,87.46,Pass
STU0662,Lucas,Female,Grade 3,Arts,59.56,53.8,61.3,69.86,44.71,57.85,3,84.7,Pass
STU0663,Shawn,Female,Grade 5,Science,53.18,69.23,39.6,65.2,48.67,55.18,3,92.5,Pass
STU0664,Cal,Female,Grade 2,Phys.Ed,59.68,51.16,100.0,70.69,66.91,69.69,3,84.72,Pass
STU0665,Ethan,Female,Grade 1,Science,84.96,55.11,81.09,78.98,49.94,70.01,4,72.36,Pass
STU0666,Mia,Male,Grade 4,Science,55.47,76.82,72.65,77.11,56.65,67.74,3,96.65,Fail
STU0667,Robert,Female,Grade 2,Phys.Ed,29.91,63.96,83.9,87.51,57.19,64.49,3,72.54,Pass
STU0668,Mason,Male,Grade 1,Arts,50.4,53.81,73.04,66.38,60.46,60.82,3,76.66,Pass
STU0669,Zen,Male,Grade 2,Arts,53.44,68.85,68.33,62.61,91.55,68.96,3,86.72,Pass
STU0670,Tyler,Female,Grade 5,Math's,72.67,39.09,35.82,56.25,98.81,60.53,3,76.49,Pass
STU0671,Liam,Female,Grade 5,Math's,51.09,64.58,83.68,59.26,80.97,67.92,3,87.1,Pass
STU0672,Mack,Male,Grade 1,English,76.72,75.37,59.28,38.3,34.26,56.79,3,71.33,Pass
STU0673,Cal,Male,Grade 2,English,33.8,86.16,39.28,55.54,67.62,56.48,3,83.67,Pass
STU0674,Ethan,Female,Grade 5,Arts,77.44,43.74,33.56,56.89,41.23,50.57,2,69.57,Pass
STU0675,Liam,Female,Grade 5,Science,54.44,73.85,31.11,49.88,45.63,50.98,2,81.52,Pass
STU0676,Tyler,Female,Grade 5,Math's,69.0,77.06,29.4,60.2,66.09,60.35,3,91.72,Pass
STU0677,Sophia,Male,Grade 1,Math's,45.26,51.67,70.44,73.57,55.37,59.26,3,97.08,Pass
STU0678,Liam,Female,Grade 5,English,88.51,51.1,44.65,67.75,73.54,65.11,3,80.43,Pass
STU0679,Mia,Female,Grade 2,Phys.Ed,69.58,85.69,37.94,50.92,63.44,61.51,3,75.55,Pass
STU0680,Robert,Male,Grade 3,English,44.51,74.31,71.29,74.34,46.61,62.21,3,80.15,Pass
STU0681,Mia,Female,Grade 5,English,73.95,55.16,32.14,67.73,77.22,61.24,3,96.86,Fail
STU0682,Zen,Male,Grade 1,Science,43.86,66.79,62.04,63.23,77.72,62.73,3,92.15,Pass
STU0683,Tyler,Male,Grade 3,Phys.Ed,31.63,63.25,51.03,71.02,48.9,53.17,2,87.1,Pass
STU0684,Olivia,Male,Grade 2,Arts,63.68,71.67,44.16,48.77,79.54,61.56,3,91.21,Pass
STU0685,Emma,Male,Grade 5,Arts,52.27,64.02,52.64,62.93,77.67,61.9,3,87.7,Pass
STU0686,Olivia,Female,Grade 3,English,52.53,77.76,44.18,69.0,50.44,58.78,3,74.39,Pass
STU0687,Cal,Female,Grade 5,English,54.25,74.67,85.06,62.33,84.09,72.08,4,73.13,Pass
STU0688,Ava,Male,Grade 2,English,52.14,66.69,72.32,60.2,75.38,65.35,3,88.94,Pass
STU0689,Jack,Female,Grade 5,Arts,67.1,57.05,64.51,69.12,52.77,62.11,3,93.88,Pass
STU0690,Zen,Male,Grade 2,Phys.Ed,61.8,61.2,49.21,37.43,35.27,48.98,2,99.21,Pass
STU0691,Shawn,Male,Grade 2,Arts,71.36,46.05,27.45,75.19,31.33,50.28,2,82.81,Pass
STU0692,Cal,Female,Grade 1,Phys.Ed,67.94,67.98,97.78,44.38,63.47,68.31,3,87.45,Fail
STU0693,Mason,Female,Grade 2,Arts,73.09,57.5,49.33,77.43,61.73,63.82,3,88.07,Pass
STU0694,Ethan,Female,Grade 1,Math's,61.8,60.68,81.47,50.93,77.78,66.53,3,79.77,Pass
STU0695,Noah,Female,Grade 5,Science,66.95,54.6,53.42,67.05,71.34,62.67,3,94.7,Not Attended
STU0696,Zen,Female,Grade 5,Science,76.09,44.47,45.11,80.78,59.4,61.17,3,91.99,Pass
STU0697,Damon,Female,Grade 4,Science,58.5,73.67,64.1,41.21,72.16,61.93,3,77.12,Pass
STU0698,Emma,Female,Grade 5,Science,40.94,20.46,64.37,62.48,61.04,49.86,2,84.77,Not Attended
STU0699,Jack,Female,Grade 4,English,33.5,64.2,35.1,71.82,75.55,56.04,3,76.82,Pass
STU0700,Mia,Male,Grade 2,Math's,50.51,59.54,19.45,65.03,58.63,50.63,2,91.76,Pass
STU0701,Liam,Female,Grade 2,Science,71.26,42.45,71.83,59.33,87.2,66.41,3,74.95,Pass
STU0702,Jack,Male,Grade 3,English,50.17,85.23,65.72,53.04,55.02,61.84,3,78.64,Pass
STU0703,Tyler,Male,Grade 3,Math's,55.43,86.94,23.81,64.67,60.72,58.31,3,76.24,Pass
STU0704,Zen,Female,Grade 4,English,80.71,78.15,94.31,55.2,85.34,78.74,4,74.67,Pass
STU0705,Tyler,Female,Grade 5,Phys.Ed,42.97,91.01,52.51,68.24,63.79,63.7,3,85.67,Pass
STU0706,Olivia,Female,Grade 1,Math's,81.58,43.89,41.31,76.51,72.44,63.14,3,100.0,Pass
STU0707,Lucas,Female,Grade 3,Arts,44.27,71.61,75.16,68.26,57.48,63.36,3,86.2,Fail
STU0708,Damon,Male,Grade 5,Science,70.68,72.44,87.73,76.06,52.03,71.79,4,90.56,Pass
STU0709,Mia,Male,Grade 1,Phys.Ed,73.17,75.17,60.88,61.14,78.14,69.7,3,86.94,Fail
STU0710,Tyler,Male,Grade 1,English,61.76,82.2,67.15,52.03,58.51,64.33,3,72.78,Pass
STU0711,Lucas,Male,Grade 1,Phys.Ed,75.4,67.82,41.48,58.64,31.11,54.89,2,94.41,Pass
STU0712,Emma,Male,Grade 3,Arts,44.16,69.75,69.37,60.14,62.37,61.16,3,94.15,Pass
STU0713,Robert,Male,Grade 2,Science,94.6,33.69,86.24,71.83,66.97,70.67,4,84.64,Pass
STU0714,Mack,Female,Grade 1,Science,31.49,48.61,69.25,79.61,44.74,54.74,2,80.9,Pass
STU0715,Tyler,Male,Grade 3,English,74.87,41.74,94.01,69.28,46.14,65.21,3,92.21,Pass
STU0716,Ava,Male,Grade 5,Math's,51.18,73.67,62.21,52.73,41.51,56.26,3,77.2,Pass
STU0717,Zen,Male,Grade 2,Science,55.83,79.88,64.81,64.04,51.75,63.26,3,83.01,Pass
STU0718,Jack,Female,Grade 5,Math's,45.65,64.01,87.26,65.93,66.73,65.91,3,74.92,Pass
STU0719,Mia,Female,Grade 1,Phys.Ed,75.72,51.02,11.31,59.87,53.93,50.37,2,75.59,Pass
STU0720,Mason,Male,Grade 1,Math's,70.96,50.09,37.64,57.1,72.97,57.75,3,98.48,Pass
STU0721,Ava,Male,Grade 5,Arts,53.82,91.43,37.15,79.43,61.22,64.61,3,86.39,Not Attended
STU0722,Hudson,Male,Grade 4,Math's,75.64,44.15,76.95,75.12,87.08,71.79,4,84.96,Pass
STU0723,Sophia,Male,Grade 1,Phys.Ed,76.04,76.88,60.55,50.23,52.55,63.25,3,79.6,Pass
STU0724,Hudson,Male,Grade 3,Science,55.92,75.81,45.44,38.94,65.51,56.32,3,92.57,Pass
STU0725,Noah,Female,Grade 5,Math's,73.62,68.51,44.31,53.95,83.99,64.88,3,91.49,Pass
STU0726,Zen,Female,Grade 2,Arts,36.15,64.31,41.54,55.76,86.3,56.81,3,83.57,Pass
STU0727,Mack,Female,Grade 3,Arts,26.67,75.1,66.24,62.08,59.49,57.92,3,77.54,Pass
STU0728,Zen,Male,Grade 2,Phys.Ed,77.73,64.87,91.4,71.32,72.09,75.48,4,92.69,Pass
STU0729,Robert,Female,Grade 5,Phys.Ed,60.26,71.23,60.36,62.89,41.3,59.21,3,76.66,Pass
STU0730,Cal,Male,Grade 3,Arts,74.18,70.65,100.0,48.66,35.63,65.82,3,80.86,Pass
STU0731,Michal,Male,Grade 2,Math's,79.82,48.13,42.66,52.62,55.3,55.71,3,76.99,Pass
STU0732,Liam,Male,Grade 3,English,63.19,88.41,76.35,66.36,62.96,71.45,4,83.91,Fail
STU0733,Sophia,Male,Grade 5,Arts,66.35,35.85,42.87,82.74,74.5,60.46,3,87.41,Pass
STU0734,Olivia,Male,Grade 3,Math's,72.94,47.79,56.12,72.92,59.0,61.75,3,81.05,Fail
STU0735,Olivia,Female,Grade 1,Science,65.51,66.56,79.03,66.18,53.8,66.22,3,92.92,Pass
STU0736,Hudson,Male,Grade 3,English,37.68,56.23,69.68,67.64,98.99,66.04,3,76.74,Pass
STU0737,Sophia,Female,Grade 2,Science,58.99,100.0,68.27,58.5,36.05,64.36,3,96.94,Pass
STU0738,Olivia,Male,Grade 5,Phys.Ed,34.69,82.63,90.46,33.09,55.49,59.27,3,80.77,Fail
STU0739,Tyler,Male,Grade 3,Math's,69.22,51.62,61.22,42.7,54.81,55.91,3,84.4,Pass
STU0740,Damon,Male,Grade 5,Phys.Ed,74.41,63.1,55.37,72.18,50.65,63.14,3,97.82,Pass
STU0741,Zen,Male,Grade 2,Phys.Ed,45.18,33.32,82.49,43.34,72.85,55.44,3,93.46,Pass
STU0742,Sophia,Male,Grade 5,Math's,74.75,74.7,77.54,46.01,78.19,70.24,4,82.57,Pass
STU0743,Jack,Female,Grade 5,Science,79.34,80.73,62.37,61.81,69.54,70.76,4,92.8,Pass
STU0744,Emma,Male,Grade 2,English,57.49,43.22,63.37,60.47,51.34,55.18,3,82.49,Pass
STU0745,Mia,Female,Grade 2,English,82.45,74.6,73.75,60.59,79.18,74.11,4,90.78,Pass
STU0746,Liam,Female,Grade 5,English,54.25,47.96,50.35,79.71,54.44,57.34,3,86.62,Pass
STU0747,Mason,Female,Grade 4,Science,56.49,70.03,39.05,56.7,49.25,54.3,2,76.88,Pass
STU0748,Olivia,Female,Grade 5,Science,50.49,61.56,76.64,51.96,80.55,64.24,3,79.82,Pass
STU0749,Sophia,Male,Grade 4,Science,60.27,64.04,54.2,51.58,63.17,58.65,3,88.33,Pass
STU0750,Mason,Female,Grade 3,English,6.55,67.05,68.39,53.76,28.99,44.95,2,83.23,Pass
STU0751,Ava,Female,Grade 5,Science,43.79,67.08,78.56,80.57,39.22,61.84,3,90.95,Pass
STU0752,Mia,Female,Grade 2,Math's,71.57,47.54,46.53,66.02,33.93,53.12,2,73.43,Pass
STU0753,Jack,Male,Grade 3,Phys.Ed,72.04,81.75,39.98,48.7,72.73,63.04,3,89.12,Pass
STU0754,Sophia,Female,Grade 4,Science,65.45,67.73,46.43,84.33,55.32,63.85,3,83.76,Pass
STU0755,Olivia,Female,Grade 1,Science,63.77,56.29,62.01,89.46,67.8,67.87,3,86.11,Pass
STU0756,Ava,Male,Grade 5,Math's,90.03,59.46,84.84,71.52,58.74,72.92,4,82.54,Fail
STU0757,Emma,Male,Grade 5,Science,30.77,75.41,25.22,44.61,56.56,46.51,2,74.29,Pass
STU0758,Olivia,Male,Grade 4,Arts,31.8,70.39,51.87,49.53,62.52,53.22,2,83.16,Pass
STU0759,Ava,Female,Grade 5,Phys.Ed,66.37,66.45,75.71,69.78,58.05,67.27,3,87.24,Pass
STU0760,Liam,Male,Grade 5,Phys.Ed,92.73,43.24,49.98,61.39,81.2,65.71,3,87.2,Pass
STU0761,Liam,Female,Grade 4,Arts,41.54,58.55,69.02,49.21,88.69,61.4,3,93.79,Pass
STU0762,Hudson,Female,Grade 3,Phys.Ed,27.71,55.04,73.79,56.03,70.37,56.59,3,71.82,Pass
STU0763,Shawn,Male,Grade 5,Science,78.78,46.84,65.91,73.69,55.82,64.21,3,89.39,Pass
STU0764,Cal,Male,Grade 1,Arts,71.92,74.39,35.64,62.64,86.25,66.17,3,66.52,Pass
STU0765,Mia,Male,Grade 3,Science,86.08,36.87,81.7,49.76,41.05,59.09,3,93.44,Pass
STU0766,Noah,Female,Grade 4,Phys.Ed,47.99,86.73,32.79,67.42,53.45,57.68,3,75.14,Pass
STU0767,Noah,Male,Grade 4,Science,53.94,83.35,49.31,61.99,76.31,64.98,3,87.58,Pass
STU0768,Noah,Male,Grade 3,Arts,100.0,65.11,44.21,44.11,59.48,62.58,3,82.98,Pass
STU0769,Jack,Female,Grade 1,English,71.5,60.57,25.17,59.21,25.12,48.31,2,86.83,Pass
STU0770,Robert,Female,Grade 5,Science,67.53,44.14,60.32,56.0,84.38,62.47,3,69.0,Pass
STU0771,Olivia,Female,Grade 5,Science,54.83,65.38,84.16,37.79,63.37,61.11,3,89.0,Pass
STU0772,Emma,Female,Grade 5,Arts,69.81,63.65,41.74,73.57,73.05,64.37,3,84.92,Pass
STU0773,Noah,Female,Grade 2,English,66.63,63.75,77.43,56.6,64.73,65.83,3,70.09,Pass
STU0774,Lucas,Female,Grade 5,English,72.3,76.38,44.22,68.93,56.83,63.73,3,67.43,Pass
STU0775,Jack,Male,Grade 2,Science,77.14,70.99,53.1,59.8,66.51,65.51,3,77.12,Pass
STU0776,Mason,Female,Grade 5,Phys.Ed,63.95,87.74,50.55,47.84,58.36,61.69,3,61.48,Pass
STU0777,Ethan,Male,Grade 5,Math's,63.79,59.83,23.34,76.61,74.57,59.63,3,100.0,Pass
STU0778,Liam,Male,Grade 5,Arts,66.74,73.94,90.8,70.22,93.71,79.08,4,86.84,Pass
STU0779,Damon,Female,Grade 4,Math's,42.94,82.17,100.0,56.47,42.34,64.78,3,80.74,Not Attended
STU0780,Ethan,Male,Grade 5,Math's,66.11,28.36,49.17,67.53,80.92,58.42,3,87.78,Pass
STU0781,Olivia,Male,Grade 4,Science,45.41,55.18,42.79,62.67,59.87,53.18,2,88.07,Pass
STU0782,Tyler,Male,Grade 2,Math's,53.88,55.15,42.06,49.81,59.99,52.18,2,81.18,Pass
STU0783,Mia,Male,Grade 5,Science,61.84,64.93,43.17,58.32,82.05,62.06,3,92.3,Pass
STU0784,Lucas,Male,Grade 1,Science,99.87,46.45,58.78,75.67,71.46,70.45,4,80.21,Pass
STU0785,Noah,Male,Grade 4,English,60.75,75.08,49.48,90.43,94.74,74.1,4,84.1,Pass
STU0786,Olivia,Female,Grade 5,Arts,80.8,89.89,50.82,38.08,75.34,66.99,3,78.62,Pass
STU0787,Damon,Male,Grade 3,Science,69.21,62.07,57.1,69.49,58.87,63.35,3,90.95,Pass
STU0788,Damon,Male,Grade 1,Phys.Ed,55.12,71.52,33.08,74.92,59.32,58.79,3,75.95,Pass
STU0789,Tyler,Male,Grade 5,Science,57.4,44.32,49.17,51.29,83.19,57.07,3,85.04,Pass
STU0790,Mia,Female,Grade 2,Math's,51.4,83.81,74.92,52.04,32.94,59.02,3,78.2,Pass
STU0791,Liam,Female,Grade 5,Science,60.6,69.28,72.33,48.01,50.63,60.17,3,89.81,Pass
STU0792,Cal,Female,Grade 2,Arts,71.53,64.35,51.8,63.94,70.59,64.44,3,89.66,Pass
STU0793,Olivia,Female,Grade 3,Phys.Ed,99.04,50.65,94.83,53.39,61.9,71.96,4,84.15,Pass
STU0794,Olivia,Female,Grade 1,Arts,80.16,65.76,90.13,61.42,56.4,70.77,4,79.19,Pass
STU0795,Liam,Male,Grade 3,Science,81.87,52.64,75.53,36.24,86.2,66.5,3,73.84,Pass
STU0796,Ethan,Male,Grade 5,English,61.68,69.84,53.95,65.3,58.62,61.88,3,89.56,Pass
STU0797,Jack,Male,Grade 4,Arts,83.03,54.43,66.01,46.53,46.36,59.27,3,94.4,Pass
STU0798,Cal,Female,Grade 3,Math's,76.13,69.62,42.63,41.43,84.4,62.84,3,67.57,Pass
STU0799,Jack,Female,Grade 1,English,100.0,71.63,70.21,51.72,60.87,70.89,4,83.14,Pass
STU0800,Lucas,Female,Grade 4,Science,67.72,85.12,48.66,67.89,61.24,66.13,3,82.53,Pass
STU0801,Ava,Male,Grade 5,Phys.Ed,54.43,67.79,63.01,63.43,43.32,58.39,3,94.08,Pass
STU0802,Zen,Male,Grade 2,Math's,40.96,78.3,64.23,79.79,64.24,65.5,3,75.32,Pass
STU0803,Tyler,Male,Grade 5,Arts,57.73,58.06,62.31,53.89,67.07,59.81,3,79.83,Pass
STU0804,Liam,Female,Grade 2,Science,80.69,75.13,63.48,58.51,38.7,63.3,3,95.31,Not Attended
STU0805,Noah,Female,Grade 1,Science,55.13,72.65,40.86,73.26,46.1,57.6,3,75.6,Pass
STU0806,Noah,Female,Grade 1,English,56.69,68.47,82.67,85.45,67.36,72.13,4,85.64,Pass
STU0807,Noah,Male,Grade 3,Science,51.66,46.37,66.63,71.05,83.62,63.87,3,75.12,Pass
STU0808,Jack,Female,Grade 3,Phys.Ed,75.18,52.22,42.59,72.82,55.04,59.57,3,91.28,Pass
STU0809,Noah,Female,Grade 2,Phys.Ed,53.62,61.63,53.92,53.47,82.66,61.06,3,87.69,Fail
STU0810,Mia,Male,Grade 1,Phys.Ed,58.03,55.16,49.15,61.02,46.05,53.88,2,80.0,Pass
STU0811,Zen,Male,Grade 3,English,61.02,54.94,45.66,63.73,73.07,59.68,3,84.51,Pass
STU0812,Ava,Female,Grade 1,Math's,64.4,48.93,45.57,61.73,77.78,59.68,3,95.84,Pass
STU0813,Damon,Male,Grade 5,Arts,51.41,54.64,69.52,60.87,54.59,58.21,3,90.49,Pass
STU0814,Sophia,Female,Grade 5,English,77.24,60.35,33.27,36.41,83.17,58.09,3,88.93,Pass
STU0815,Tyler,Male,Grade 2,Phys.Ed,31.26,60.65,59.41,54.79,85.25,58.27,3,94.53,Pass
STU0816,Damon,Female,Grade 4,Science,67.19,69.63,65.1,75.01,75.42,70.47,4,74.33,Pass
STU0817,Jack,Female,Grade 5,Arts,56.61,82.7,57.47,54.7,83.0,66.9,3,76.53,Pass
STU0818,Damon,Male,Grade 2,Science,36.37,52.1,47.19,59.44,14.98,42.01,2,89.73,Pass
STU0819,Sophia,Female,Grade 3,English,39.66,56.93,59.24,32.71,43.59,46.42,2,78.1,Pass
STU0820,Cal,Female,Grade 5,Science,61.16,44.19,79.17,55.48,63.54,60.71,3,83.74,Pass
STU0821,Emma,Male,Grade 5,Arts,46.43,80.31,30.39,54.14,76.43,57.54,3,83.53,Pass
STU0822,Tyler,Male,Grade 4,Arts,60.07,58.87,68.74,50.81,67.89,61.28,3,78.15,Pass
STU0823,Tyler,Male,Grade 5,Science,80.97,72.02,49.36,67.74,52.41,64.5,3,86.19,Pass
STU0824,Shawn,Male,Grade 3,Math's,98.58,77.69,48.42,50.13,55.09,65.98,3,78.67,Pass
STU0825,Mia,Female,Grade 5,English,59.8,69.85,77.9,57.79,82.12,69.49,3,70.57,Pass
STU0826,Damon,Male,Grade 3,Arts,76.48,75.86,93.34,55.99,45.44,69.42,3,81.11,Pass
STU0827,Shawn,Male,Grade 4,Math's,30.97,67.25,52.03,61.09,78.12,57.9,3,79.58,Pass
STU0828,Ethan,Female,Grade 2,Math's,66.68,55.33,79.73,52.09,65.29,63.82,3,83.16,Pass
STU0829,Lucas,Male,Grade 3,Arts,62.45,46.02,71.22,64.12,71.51,63.07,3,84.02,Fail
STU0830,Ava,Female,Grade 3,English,71.35,49.34,40.01,58.05,57.06,55.16,3,83.87,Pass
STU0831,Mack,Female,Grade 4,Phys.Ed,58.77,87.59,77.9,71.83,55.0,70.22,4,88.34,Pass
STU0832,Michal,Female,Grade 2,Phys.Ed,75.33,59.15,89.62,54.78,100.0,75.77,4,85.56,Pass
STU0833,Hudson,Female,Grade 1,Phys.Ed,81.15,66.95,37.54,76.82,81.5,68.79,3,95.06,Fail
STU0834,Olivia,Male,Grade 4,English,85.64,65.33,46.92,50.47,68.32,63.34,3,73.33,Fail
STU0835,Cal,Female,Grade 4,English,78.23,59.17,56.9,40.19,54.04,57.7,3,90.32,Pass
STU0836,Lucas,Male,Grade 3,Phys.Ed,86.56,45.96,36.86,41.61,68.96,55.99,3,85.33,Pass
STU0837,Mason,Male,Grade 1,Math's,63.32,64.02,51.13,62.08,92.57,66.62,3,83.17,Pass
STU0838,Zen,Male,Grade 1,Arts,52.53,74.39,66.94,51.28,85.7,66.17,3,86.35,Pass
STU0839,Damon,Male,Grade 5,Math's,74.36,48.82,72.21,56.55,34.43,57.27,3,84.11,Pass
STU0840,Damon,Male,Grade 5,Math's,33.65,85.42,75.1,49.46,75.14,63.75,3,85.51,Pass
STU0841,Sophia,Male,Grade 5,Arts,74.24,74.43,78.72,48.77,59.36,67.1,3,76.48,Pass
STU0842,Lucas,Male,Grade 4,Arts,78.1,69.06,45.18,60.56,32.45,57.07,3,89.51,Pass
STU0843,Zen,Male,Grade 4,Arts,74.55,84.61,56.22,60.11,78.48,70.79,4,77.89,Pass
STU0844,Lucas,Female,Grade 2,English,61.6,41.91,85.48,56.02,71.17,63.24,3,96.84,Pass
STU0845,Robert,Male,Grade 5,Math's,72.82,70.47,50.59,67.03,79.78,68.14,3,76.11,Pass
STU0846,Ethan,Male,Grade 5,Phys.Ed,66.4,58.47,76.84,67.1,46.74,63.11,3,81.06,Pass
STU0847,Robert,Male,Grade 5,Phys.Ed,71.63,62.22,63.92,51.1,74.26,64.62,3,83.38,Pass
STU0848,Liam,Female,Grade 1,English,68.2,39.84,60.33,56.16,42.6,53.43,2,89.26,Pass
STU0849,Shawn,Male,Grade 5,Phys.Ed,52.24,61.43,96.04,57.31,68.76,67.16,3,88.33,Fail
STU0850,Mason,Male,Grade 2,Science,99.93,50.79,60.99,70.36,81.42,72.7,4,79.46,Pass
STU0851,Emma,Female,Grade 5,Science,72.05,75.96,84.12,51.69,43.83,65.53,3,86.96,Pass
STU0852,Ethan,Male,Grade 4,Math's,42.2,62.66,83.14,60.32,65.27,62.72,3,87.8,Pass
STU0853,Mason,Male,Grade 2,Arts,64.5,80.84,38.5,48.85,32.03,52.94,2,79.61,Pass
STU0854,Robert,Female,Grade 5,Arts,60.02,74.05,49.84,45.84,47.01,55.35,3,79.87,Pass
STU0855,Lucas,Male,Grade 2,Arts,54.25,63.87,74.07,73.12,58.81,64.82,3,100.0,Pass
STU0856,Emma,Female,Grade 1,Science,57.88,59.6,47.6,66.61,83.97,63.13,3,93.37,Pass
STU0857,Liam,Male,Grade 5,Science,52.18,51.83,68.86,65.35,66.63,60.97,3,84.07,Pass
STU0858,Ava,Female,Grade 4,Math's,41.98,74.32,76.38,59.92,74.04,65.33,3,64.03,Pass
STU0859,Sophia,Female,Grade 5,English,63.14,77.93,49.15,65.35,87.86,68.69,3,90.65,Pass
STU0860,Noah,Female,Grade 5,Phys.Ed,76.64,66.12,34.52,72.73,58.67,61.74,3,72.88,Pass
STU0861,Jack,Female,Grade 4,Arts,81.55,53.34,51.78,78.45,63.56,65.73,3,82.86,Pass
STU0862,Liam,Female,Grade 2,Phys.Ed,59.17,35.61,31.69,54.26,45.83,45.31,2,76.67,Pass
STU0863,Shawn,Female,Grade 5,Arts,60.66,45.32,69.62,36.5,80.55,58.53,3,95.53,Pass
STU0864,Sophia,Male,Grade 2,Math's,41.44,75.7,81.29,70.71,80.28,69.88,3,95.01,Pass
STU0865,Mia,Male,Grade 1,English,66.77,81.34,70.99,45.18,54.07,63.67,3,83.62,Pass
STU0866,Mason,Female,Grade 4,English,69.08,62.62,54.03,72.28,61.89,63.98,3,93.71,Pass
STU0867,Robert,Female,Grade 1,Phys.Ed,40.38,59.82,65.61,58.5,66.17,58.1,3,93.88,Pass
STU0868,Olivia,Male,Grade 3,Math's,62.68,64.3,38.01,35.35,61.26,52.32,2,92.51,Pass
STU0869,Cal,Male,Grade 3,Math's,90.88,50.55,76.46,74.92,25.59,63.68,3,79.08,Pass
STU0870,Hudson,Male,Grade 3,Math's,42.66,61.54,60.31,56.01,53.64,54.83,2,86.03,Pass
STU0871,Mason,Male,Grade 5,Math's,52.56,56.11,36.72,62.01,45.71,50.62,2,74.58,Pass
STU0872,Cal,Female,Grade 5,Science,65.38,66.86,45.98,56.86,76.84,62.38,3,85.2,Pass
STU0873,Robert,Male,Grade 2,Arts,46.36,80.39,42.79,51.49,55.58,55.32,3,100.0,Pass
STU0874,Ethan,Male,Grade 3,Phys.Ed,30.91,68.16,58.51,74.63,68.74,60.19,3,94.67,Pass
STU0875,Ethan,Female,Grade 5,Math's,41.38,54.52,21.99,61.94,64.25,48.81,2,98.23,Pass
STU0876,Damon,Male,Grade 1,Arts,71.91,63.94,60.57,58.9,80.29,67.12,3,84.03,Pass
STU0877,Michal,Male,Grade 5,Arts,67.86,68.74,80.19,55.0,84.2,71.2,4,88.24,Pass
STU0878,Cal,Male,Grade 1,Math's,78.6,71.81,42.66,37.82,34.89,53.15,2,73.85,Fail
STU0879,Mason,Male,Grade 1,Arts,49.9,73.17,62.14,64.87,65.77,63.17,3,80.12,Fail
STU0880,Olivia,Female,Grade 3,Math's,65.47,86.68,51.58,53.21,75.71,66.53,3,88.95,Pass
STU0881,Robert,Female,Grade 2,Arts,59.27,69.94,55.09,68.02,67.5,63.96,3,98.66,Pass
STU0882,Olivia,Male,Grade 5,Science,37.74,70.85,48.66,52.19,39.86,49.86,2,80.28,Pass
STU0883,Ethan,Female,Grade 4,Science,65.96,58.18,68.41,54.47,54.93,60.39,3,71.84,Pass
STU0884,Robert,Female,Grade 4,Arts,70.33,69.93,50.84,27.46,63.62,56.43,3,90.3,Pass
STU0885,Michal,Male,Grade 5,Math's,59.36,88.05,78.18,42.95,82.27,70.16,4,89.46,Pass
STU0886,Mack,Female,Grade 4,Math's,54.94,81.7,88.8,79.34,75.11,75.98,4,81.98,Pass
STU0887,Mia,Female,Grade 5,Math's,62.81,47.43,70.03,68.59,73.92,64.56,3,91.57,Pass
STU0888,Cal,Male,Grade 5,Math's,57.89,69.49,71.67,39.56,62.7,60.26,3,70.83,Pass
STU0889,Hudson,Female,Grade 1,English,47.02,42.67,93.98,47.24,39.02,53.99,2,96.95,Pass
STU0890,Emma,Male,Grade 5,Phys.Ed,87.95,85.92,67.25,55.31,52.07,69.7,3,89.93,Pass
STU0891,Michal,Female,Grade 4,Phys.Ed,59.69,54.98,36.22,64.01,97.68,62.51,3,75.11,Pass
STU0892,Cal,Female,Grade 5,Phys.Ed,71.81,72.51,33.49,50.26,82.91,62.2,3,90.82,Pass
STU0893,Emma,Female,Grade 3,English,70.78,72.03,46.47,79.44,58.64,65.47,3,100.0,Not Attended
STU0894,Ethan,Female,Grade 5,Science,56.75,76.8,41.73,49.89,67.03,58.44,3,75.23,Pass
STU0895,Sophia,Male,Grade 4,Arts,62.23,60.89,66.0,62.77,61.57,62.69,3,78.99,Pass
STU0896,Ava,Female,Grade 5,Math's,75.13,64.86,59.73,36.29,49.5,57.1,3,90.75,Pass
STU0897,Zen,Female,Grade 4,English,67.91,71.89,39.49,62.28,88.23,65.96,3,89.99,Pass
STU0898,Shawn,Male,Grade 3,Math's,52.42,75.1,60.98,52.09,72.91,62.7,3,86.84,Pass
STU0899,Liam,Male,Grade 5,Arts,97.75,64.37,90.0,64.69,67.9,76.94,4,98.75,Pass
STU0900,Robert,Female,Grade 3,English,59.55,81.28,72.51,65.86,64.42,68.72,3,79.61,Pass
STU0901,Ethan,Female,Grade 2,Phys.Ed,63.5,72.98,67.8,66.11,45.21,63.12,3,74.63,Pass
STU0902,Cal,Female,Grade 2,Phys.Ed,45.9,64.71,49.25,63.51,86.53,61.98,3,77.18,Pass
STU0903,Ethan,Female,Grade 1,English,62.51,75.87,60.12,62.57,27.24,57.66,3,91.26,Pass
STU0904,Shawn,Female,Grade 5,English,72.85,62.36,53.91,75.57,62.76,65.49,3,86.08,Pass
STU0905,Sophia,Male,Grade 2,Arts,45.68,56.09,59.09,73.66,95.37,65.98,3,94.9,Pass
STU0906,Cal,Female,Grade 1,Phys.Ed,70.37,52.28,61.7,53.12,43.03,56.1,3,74.61,Fail
STU0907,Emma,Male,Grade 5,Science,57.45,72.81,62.73,69.33,56.04,63.68,3,94.18,Pass
STU0908,Mason,Female,Grade 5,Math's,41.53,53.0,74.57,63.77,64.63,59.5,3,86.45,Pass
STU0909,Olivia,Female,Grade 4,Science,78.18,49.81,68.37,71.02,65.62,66.6,3,86.61,Pass
STU0910,Emma,Male,Grade 3,Arts,72.15,65.47,64.21,74.98,73.01,69.96,3,82.65,Pass
STU0911,Damon,Female,Grade 3,English,69.87,77.37,61.71,82.08,53.23,68.85,3,97.4,Pass
STU0912,Damon,Female,Grade 1,Arts,52.41,57.36,68.06,64.9,43.77,57.3,3,87.52,Pass
STU0913,Cal,Male,Grade 3,Arts,35.31,58.54,46.21,60.05,52.81,50.58,2,89.93,Pass
STU0914,Damon,Female,Grade 5,Science,88.43,63.6,39.4,55.37,43.34,58.03,3,82.33,Not Attended
STU0915,Noah,Female,Grade 4,English,55.02,69.66,36.92,74.38,53.67,57.93,3,87.2,Fail
STU0916,Ava,Female,Grade 2,Phys.Ed,34.01,81.27,57.48,65.42,74.07,62.45,3,80.34,Pass
STU0917,Hudson,Male,Grade 2,Phys.Ed,55.66,66.66,41.01,64.71,69.61,59.53,3,86.77,Pass
STU0918,Emma,Female,Grade 2,Science,85.59,45.03,64.11,53.62,64.0,62.47,3,73.54,Pass
STU0919,Damon,Female,Grade 2,Phys.Ed,47.43,71.95,40.44,67.02,50.55,55.48,3,93.69,Pass
STU0920,Hudson,Male,Grade 3,Science,49.28,53.72,44.95,64.83,62.99,55.15,3,84.42,Pass
STU0921,Olivia,Male,Grade 2,Science,73.69,75.23,75.34,61.06,79.55,72.97,4,91.69,Pass
STU0922,Ava,Male,Grade 1,Science,62.43,81.85,24.3,48.1,79.06,59.15,3,93.7,Pass
STU0923,Mack,Female,Grade 5,Arts,45.66,90.76,71.92,61.46,90.37,72.03,4,92.25,Pass
STU0924,Lucas,Female,Grade 2,Math's,87.72,81.95,51.46,64.84,71.31,71.46,4,90.73,Pass
STU0925,Tyler,Male,Grade 5,Phys.Ed,49.21,71.44,43.8,58.47,71.32,58.85,3,92.49,Pass
STU0926,Cal,Male,Grade 2,Science,83.11,69.25,61.49,54.24,85.09,70.64,4,79.87,Pass
STU0927,Hudson,Male,Grade 5,Arts,51.51,60.5,64.81,74.02,63.02,62.77,3,78.61,Pass
STU0928,Zen,Male,Grade 5,Science,88.5,72.73,64.5,57.51,71.77,71.0,4,85.03,Pass
STU0929,Liam,Female,Grade 1,Arts,53.47,57.81,77.76,65.99,91.1,69.22,3,82.28,Not Attended
STU0930,Mack,Female,Grade 5,Science,54.9,40.2,43.3,62.22,60.1,52.14,2,88.99,Pass
STU0931,Mason,Female,Grade 4,Math's,57.24,67.94,75.24,54.14,83.36,67.59,3,71.37,Pass
STU0932,Liam,Female,Grade 2,Math's,68.87,94.18,59.53,78.59,49.55,70.14,4,80.04,Pass
STU0933,Zen,Male,Grade 2,Math's,82.0,61.96,41.62,50.74,73.72,62.01,3,100.0,Pass
STU0934,Ethan,Female,Grade 2,English,36.7,78.8,69.83,55.41,90.3,66.21,3,69.88,Pass
STU0935,Mason,Male,Grade 2,Math's,68.58,64.96,62.28,53.63,62.01,62.29,3,93.2,Pass
STU0936,Ava,Male,Grade 2,English,54.81,80.73,36.95,51.38,41.59,53.09,2,85.61,Pass
STU0937,Lucas,Female,Grade 5,Science,69.58,91.08,52.04,71.13,34.41,63.65,3,100.0,Pass
STU0938,Ethan,Female,Grade 1,Phys.Ed,55.35,48.66,81.53,71.06,74.3,66.18,3,83.33,Pass
STU0939,Ava,Female,Grade 2,Arts,35.2,73.65,89.32,50.73,37.88,57.36,3,87.64,Pass
STU0940,Lucas,Male,Grade 5,Phys.Ed,79.27,70.63,74.58,70.8,78.84,74.82,4,84.36,Pass
STU0941,Liam,Female,Grade 4,Math's,64.23,72.59,66.53,70.32,66.16,67.97,3,66.2,Pass
STU0942,Ethan,Male,Grade 2,English,63.03,81.93,61.95,59.98,65.29,66.44,3,80.9,Pass
STU0943,Tyler,Male,Grade 1,Phys.Ed,60.44,49.47,88.66,53.95,39.91,58.49,3,89.11,Fail
STU0944,Robert,Male,Grade 5,Science,48.84,85.82,34.67,40.53,68.94,55.76,3,76.95,Pass
STU0945,Damon,Female,Grade 4,Science,49.46,62.19,44.72,49.9,44.01,50.06,2,89.15,Pass
STU0946,Robert,Female,Grade 4,Science,58.51,76.18,58.77,59.14,24.18,55.36,3,90.58,Pass
STU0947,Sophia,Male,Grade 1,Math's,45.95,44.43,86.5,70.55,75.99,64.68,3,82.27,Pass
STU0948,Hudson,Male,Grade 5,Arts,58.77,90.05,63.34,43.48,64.6,64.05,3,88.14,Pass
STU0949,Lucas,Male,Grade 5,Phys.Ed,60.0,60.24,91.76,46.77,18.78,55.51,3,96.95,Pass
STU0950,Tyler,Male,Grade 3,Phys.Ed,86.43,68.59,88.81,56.26,54.51,70.92,4,74.28,Pass
STU0951,Emma,Female,Grade 4,Arts,45.24,35.7,67.47,67.35,47.21,52.6,2,74.5,Pass
STU0952,Robert,Male,Grade 2,English,74.09,48.86,82.0,54.06,46.57,61.11,3,86.8,Pass
STU0953,Lucas,Female,Grade 5,Arts,62.95,62.14,39.15,39.21,54.77,51.64,2,91.18,Fail
STU0954,Ethan,Male,Grade 5,Phys.Ed,49.76,49.85,68.94,68.62,69.4,61.31,3,67.89,Pass
STU0955,Lucas,Female,Grade 4,English,69.31,76.74,62.6,64.97,64.36,67.59,3,89.48,Pass
STU0956,Noah,Male,Grade 2,Math's,69.89,49.45,24.62,74.88,44.87,52.74,2,77.98,Pass
STU0957,Cal,Female,Grade 4,Phys.Ed,53.97,63.46,38.77,66.57,88.65,62.28,3,87.7,Pass
STU0958,Mia,Female,Grade 2,Science,70.32,75.49,31.12,56.07,54.78,57.55,3,90.68,Pass
STU0959,Noah,Male,Grade 3,Math's,59.74,56.72,63.74,62.59,37.35,56.03,3,69.48,Pass
STU0960,Lucas,Female,Grade 2,English,77.12,47.95,63.85,75.7,62.35,65.39,3,80.07,Pass
STU0961,Ethan,Female,Grade 2,Math's,100.0,66.84,83.23,46.59,51.39,69.61,3,75.36,Not Attended
STU0962,Ava,Female,Grade 4,Math's,70.27,70.24,54.81,69.11,76.23,68.13,3,81.94,Pass
STU0963,Lucas,Female,Grade 2,Phys.Ed,43.85,54.99,36.03,66.13,80.62,56.33,3,72.63,Fail
STU0964,Mack,Male,Grade 5,Phys.Ed,44.15,76.77,56.65,73.84,70.19,64.32,3,77.48,Fail
STU0965,Hudson,Female,Grade 2,Phys.Ed,50.93,38.69,72.54,80.75,71.93,62.97,3,68.9,Pass
STU0966,Sophia,Female,Grade 2,Arts,67.67,54.14,54.0,43.96,66.55,57.26,3,72.94,Pass
STU0967,Ava,Female,Grade 2,Arts,68.56,55.49,3.45,70.53,70.9,53.79,2,94.82,Pass
STU0968,Liam,Female,Grade 4,English,47.12,71.36,50.2,69.95,71.0,61.93,3,85.78,Pass
STU0969,Ethan,Female,Grade 2,Math's,84.79,73.91,92.65,62.0,62.51,75.17,4,95.4,Pass
STU0970,Olivia,Female,Grade 5,Science,57.51,80.19,83.28,66.06,65.19,70.44,4,85.84,Pass
STU0971,Damon,Female,Grade 1,Math's,41.97,56.63,49.87,80.25,74.78,60.7,3,78.9,Pass
STU0972,Olivia,Female,Grade 3,Math's,38.92,63.39,54.0,44.88,72.37,54.71,2,95.4,Pass
STU0973,Jack,Female,Grade 2,Arts,60.05,65.65,68.52,48.71,83.69,65.33,3,88.03,Pass
STU0974,Mia,Female,Grade 5,Phys.Ed,77.08,64.11,58.75,66.19,69.11,67.05,3,92.19,Pass
STU0975,Cal,Male,Grade 5,English,58.79,52.32,29.39,52.18,59.89,50.51,2,89.33,Pass
STU0976,Tyler,Male,Grade 5,Arts,62.71,75.73,52.14,73.86,67.72,66.43,3,78.56,Pass
STU0977,Zen,Female,Grade 2,Phys.Ed,57.47,69.53,61.92,65.39,60.07,62.88,3,91.68,Pass
STU0978,Zen,Female,Grade 2,Math's,74.64,94.96,47.88,81.1,53.66,70.45,4,95.28,Pass
STU0979,Damon,Female,Grade 2,Arts,64.55,65.51,56.93,50.28,72.51,61.95,3,81.74,Pass
STU0980,Mason,Male,Grade 1,Arts,39.26,55.65,63.58,66.61,75.76,60.17,3,73.55,Pass
STU0981,Emma,Female,Grade 5,Phys.Ed,48.55,74.03,86.85,69.7,77.77,71.38,4,79.83,Pass
STU0982,Mia,Female,Grade 1,Phys.Ed,36.54,51.24,85.69,54.5,74.36,60.47,3,83.77,Pass
STU0983,Ethan,Male,Grade 5,English,66.16,64.73,41.92,60.68,92.87,65.27,3,80.86,Not Attended
STU0984,Mason,Female,Grade 4,English,43.06,48.79,61.93,55.0,57.54,53.26,2,92.18,Pass
STU0985,Tyler,Male,Grade 5,Science,73.38,72.27,87.58,66.05,92.57,78.37,4,88.32,Not Attended
STU0986,Mason,Female,Grade 5,English,44.01,56.87,83.77,44.96,89.31,63.78,3,86.53,Pass
STU0987,Michal,Male,Grade 5,Phys.Ed,29.12,46.09,72.27,61.17,72.69,56.27,3,84.52,Pass
STU0988,Mack,Male,Grade 5,Arts,78.44,68.76,57.58,62.38,58.59,65.15,3,92.94,Pass
STU0989,Robert,Female,Grade 1,English,61.98,63.52,64.48,56.31,56.14,60.48,3,70.36,Pass
STU0990,Mack,Female,Grade 5,Math's,35.6,75.11,86.57,12.35,62.43,54.41,2,83.07,Pass
STU0991,Ethan,Male,Grade 2,Science,72.07,80.95,76.9,60.23,42.94,66.62,3,76.01,Pass
STU0992,Michal,Male,Grade 4,Arts,46.28,78.15,53.41,59.21,73.07,62.02,3,86.62,Pass
STU0993,Lucas,Female,Grade 1,Science,64.96,68.63,68.15,67.02,43.4,62.43,3,79.22,Fail
STU0994,Ethan,Female,Grade 1,Arts,58.22,64.17,21.5,58.64,74.57,55.42,3,82.9,Fail
STU0995,Emma,Female,Grade 2,Science,68.55,77.22,70.94,66.82,64.79,69.67,3,82.95,Pass
STU0996,Emma,Female,Grade 2,English,58.53,65.35,51.04,74.35,51.13,60.08,3,85.12,Pass
STU0997,Michal,Male,Grade 4,Arts,73.58,59.93,71.21,68.83,78.49,70.41,4,68.91,Pass
STU0998,Lucas,Male,Grade 1,Arts,66.86,73.03,38.2,57.28,66.17,60.31,3,76.27,Pass
STU0999,Shawn,Female,Grade 2,Arts,49.28,79.55,56.81,62.74,57.08,61.09,3,85.89,Pass
STU1000,Zen,Female,Grade 2,English,39.12,100.0,60.66,64.75,42.82,61.47,3,93.72,Pass
STU1001,Michal,Female,Grade 1,Arts,77.88,70.12,66.35,52.45,41.7,61.7,3,80.7,Pass
STU1002,Shawn,Female,Grade 4,Science,51.04,60.91,59.64,74.48,91.14,67.44,3,98.62,Pass
STU1003,Damon,Male,Grade 1,English,23.08,64.7,70.43,64.42,53.02,55.13,3,90.76,Pass
STU1004,Sophia,Female,Grade 3,Phys.Ed,34.83,57.84,61.57,48.91,69.9,54.61,2,89.21,Pass
STU1005,Mack,Male,Grade 4,English,52.76,62.53,60.48,69.22,68.53,62.7,3,91.3,Pass
STU1006,Tyler,Male,Grade 5,Math's,50.6,56.06,62.34,48.24,69.74,57.4,3,90.77,Pass
STU1007,Cal,Male,Grade 5,Phys.Ed,54.08,69.87,76.45,71.64,44.26,63.26,3,89.51,Pass
STU1008,Liam,Male,Grade 5,Math's,60.12,47.28,54.03,66.38,45.33,54.63,2,83.44,Pass
STU1009,Liam,Female,Grade 3,Science,55.27,60.31,61.74,41.62,39.87,51.76,2,86.9,Pass
STU1010,Michal,Male,Grade 5,Math's,83.16,61.66,49.66,71.46,71.15,67.42,3,82.5,Pass
STU1011,Mack,Male,Grade 3,English,69.46,75.85,65.97,72.0,55.3,67.72,3,89.54,Pass
STU1012,Damon,Female,Grade 3,Arts,71.14,61.35,65.85,66.76,46.88,62.4,3,85.35,Pass
STU1013,Emma,Female,Grade 2,Arts,56.07,70.33,85.63,77.97,62.53,70.51,4,85.11,Pass
STU1014,Hudson,Female,Grade 5,Phys.Ed,51.8,60.07,66.53,52.73,62.81,58.79,3,82.36,Pass
STU1015,Cal,Male,Grade 5,Phys.Ed,69.98,41.08,89.57,49.48,29.13,55.85,3,83.92,Pass
STU1016,Tyler,Female,Grade 5,Phys.Ed,70.46,79.08,66.13,85.92,59.76,72.27,4,77.32,Fail
STU1017,Lucas,Female,Grade 5,Science,59.15,53.59,67.94,69.51,67.34,63.51,3,91.2,Pass
STU1018,Zen,Female,Grade 4,English,75.37,81.7,42.85,54.57,67.55,64.41,3,80.19,Pass
STU1019,Ava,Female,Grade 5,English,71.35,91.28,38.44,55.88,56.77,62.74,3,94.85,Pass
STU1020,Ava,Female,Grade 1,Math's,70.38,60.34,37.96,50.29,90.74,61.94,3,87.07,Not Attended
STU1021,Emma,Female,Grade 1,Science,66.38,69.92,65.26,62.38,76.9,68.17,3,84.18,Not Attended
STU1022,Zen,Male,Grade 2,Phys.Ed,63.89,68.4,19.62,77.09,47.17,55.23,3,100.0,Pass
STU1023,Ethan,Female,Grade 5,Arts,46.03,71.34,57.09,74.36,61.96,62.16,3,90.74,Pass
STU1024,Hudson,Male,Grade 4,Science,68.97,65.01,48.72,80.09,77.35,68.03,3,87.93,Pass
STU1025,Noah,Male,Grade 1,English,59.4,71.82,48.74,63.76,75.44,63.83,3,78.14,Pass
STU1026,Cal,Male,Grade 5,Phys.Ed,67.72,65.43,58.27,64.11,71.59,65.42,3,74.0,Pass
STU1027,Emma,Male,Grade 2,English,77.33,74.2,61.7,38.29,86.77,67.66,3,76.52,Pass
STU1028,Jack,Female,Grade 1,Phys.Ed,77.66,67.7,31.73,64.14,66.0,61.45,3,93.21,Pass
STU1029,Shawn,Female,Grade 3,Math's,87.8,61.03,56.2,51.14,55.02,62.24,3,77.9,Pass
STU1030,Mack,Female,Grade 5,Arts,23.77,69.61,34.91,55.16,63.75,49.44,2,81.58,Pass
STU1031,Tyler,Female,Grade 1,Math's,60.18,76.18,52.73,70.95,24.74,56.96,3,75.84,Pass
STU1032,Lucas,Male,Grade 3,Phys.Ed,75.53,83.47,94.33,53.14,64.3,74.15,4,80.47,Pass
STU1033,Ethan,Female,Grade 1,Science,38.03,60.62,73.16,77.05,51.6,60.09,3,92.86,Pass
STU1034,Lucas,Male,Grade 2,English,49.54,61.43,92.41,53.05,75.34,66.36,3,80.28,Pass
STU1035,Damon,Male,Grade 5,Phys.Ed,73.75,58.04,85.36,59.49,73.74,70.07,4,89.97,Pass
STU1036,Robert,Male,Grade 4,Math's,65.39,36.83,67.52,43.71,41.16,50.92,2,86.93,Pass
STU1037,Michal,Male,Grade 2,Arts,57.24,54.75,70.28,77.69,70.52,66.1,3,84.83,Pass
STU1038,Jack,Male,Grade 4,English,75.27,81.41,73.74,59.34,52.34,68.42,3,75.38,Pass
STU1039,Mia,Female,Grade 5,English,84.0,46.27,32.41,64.23,81.39,61.66,3,71.41,Pass
STU1040,Zen,Female,Grade 4,English,75.15,61.64,82.54,74.64,64.65,71.72,4,80.39,Pass
STU1041,Hudson,Male,Grade 2,Math's,43.56,94.54,79.75,66.71,53.43,67.6,3,77.88,Pass
STU1042,Sophia,Female,Grade 5,Science,54.47,54.52,38.98,74.64,56.9,55.9,3,86.41,Pass
STU1043,Hudson,Male,Grade 1,Science,73.01,79.01,73.16,43.99,81.11,70.06,4,84.54,Pass
STU1044,Ava,Female,Grade 1,English,57.53,56.31,58.77,44.12,61.78,55.7,3,95.98,Pass
STU1045,Liam,Female,Grade 4,Arts,65.97,66.89,56.1,57.49,71.03,63.49,3,83.77,Pass
STU1046,Robert,Male,Grade 2,Phys.Ed,78.85,75.48,63.47,79.22,69.72,73.35,4,94.44,Pass
STU1047,Ava,Female,Grade 4,Phys.Ed,56.32,44.37,53.42,80.71,72.47,61.46,3,93.29,Pass
STU1048,Cal,Male,Grade 5,Math's,68.6,82.48,62.87,66.82,74.28,71.01,4,77.0,Pass
STU1049,Mack,Female,Grade 5,English,52.12,82.04,75.68,57.76,90.29,71.58,4,73.52,Fail
STU1050,Damon,Male,Grade 5,Arts,19.88,63.79,39.76,47.78,58.64,45.97,2,69.39,Not Attended
STU1051,Mason,Female,Grade 5,Phys.Ed,63.86,67.46,53.73,72.96,58.26,63.25,3,83.82,Pass
STU1052,Damon,Male,Grade 5,English,68.82,65.07,64.66,48.21,72.52,63.86,3,79.09,Pass
STU1053,Ethan,Female,Grade 2,Arts,60.18,70.93,86.3,61.03,69.81,69.65,3,76.54,Pass
STU1054,Lucas,Male,Grade 5,Math's,64.9,58.19,57.44,63.54,72.49,63.31,3,84.49,Pass
STU1055,Shawn,Male,Grade 3,English,60.23,49.8,47.72,74.83,55.25,57.57,3,85.15,Pass
STU1056,Mia,Female,Grade 5,Arts,84.11,59.82,61.62,68.16,78.3,70.4,4,95.84,Pass
STU1057,Shawn,Female,Grade 1,English,40.63,63.03,54.56,80.05,69.4,61.53,3,85.33,Pass
STU1058,Olivia,Male,Grade 5,Science,85.36,73.86,95.57,88.56,40.53,76.78,4,91.88,Pass
STU1059,Mia,Female,Grade 2,English,57.97,70.99,85.69,65.46,65.71,69.16,3,83.62,Pass
STU1060,Robert,Male,Grade 3,Phys.Ed,38.88,74.68,31.4,65.79,62.64,54.68,2,88.9,Pass
STU1061,Ethan,Female,Grade 2,English,62.49,50.7,66.42,48.25,67.09,58.99,3,74.79,Pass
STU1062,Zen,Male,Grade 3,Phys.Ed,66.43,71.53,45.48,55.49,60.18,59.82,3,71.73,Pass
STU1063,Tyler,Male,Grade 2,Science,70.4,82.24,53.76,78.24,35.48,64.02,3,92.62,Pass
STU1064,Olivia,Female,Grade 3,Math's,68.06,61.31,69.03,84.25,41.16,64.76,3,68.37,Pass
STU1065,Hudson,Male,Grade 5,English,49.58,75.6,48.49,59.12,73.99,61.36,3,78.87,Pass
STU1066,Mason,Female,Grade 2,Phys.Ed,85.34,69.45,67.15,66.28,43.76,66.4,3,95.99,Not Attended
STU1067,Mia,Male,Grade 5,Science,59.4,55.48,34.61,51.72,47.75,49.79,2,72.91,Not Attended
STU1068,Noah,Female,Grade 5,Phys.Ed,57.34,76.73,77.14,59.98,69.53,68.14,3,82.21,Pass
STU1069,Mia,Female,Grade 2,Phys.Ed,60.15,70.69,24.0,77.25,43.01,55.02,3,80.62,Pass
STU1070,Sophia,Male,Grade 1,Science,59.95,55.1,52.02,57.76,88.81,62.73,3,91.57,Pass
STU1071,Mason,Male,Grade 3,Arts,46.78,66.93,79.95,83.1,51.88,65.73,3,91.69,Pass
STU1072,Robert,Male,Grade 3,Arts,58.53,77.39,73.03,71.79,64.93,69.13,3,78.78,Pass
STU1073,Liam,Female,Grade 1,Math's,43.25,66.19,45.91,57.94,49.01,52.46,2,85.24,Pass
STU1074,Noah,Male,Grade 3,Phys.Ed,83.46,80.62,96.61,65.94,62.01,77.73,4,71.32,Pass
STU1075,Ethan,Female,Grade 3,Phys.Ed,55.12,95.79,25.86,75.99,58.34,62.22,3,76.4,Pass
STU1076,Liam,Male,Grade 5,Phys.Ed,57.52,61.54,64.96,55.46,83.79,64.65,3,84.7,Pass
STU1077,Cal,Female,Grade 5,English,87.21,72.87,44.4,58.93,62.58,65.2,3,79.41,Pass
STU1078,Zen,Female,Grade 2,English,88.63,70.31,72.63,50.19,57.23,67.8,3,94.18,Pass
STU1079,Damon,Female,Grade 5,Science,53.46,69.54,70.68,55.88,51.61,60.23,3,85.1,Pass
STU1080,Jack,Female,Grade 2,Math's,37.22,66.48,88.11,52.55,60.17,60.91,3,92.2,Pass
STU1081,Mason,Female,Grade 5,Arts,61.12,48.7,68.84,44.88,29.96,50.7,2,92.06,Pass
STU1082,Shawn,Female,Grade 5,Science,54.73,57.85,56.97,48.39,58.03,55.19,3,87.89,Pass
STU1083,Ava,Male,Grade 3,Math's,89.12,73.75,54.01,54.89,58.03,65.96,3,75.85,Pass
STU1084,Lucas,Male,Grade 1,English,74.35,79.24,69.08,54.5,31.37,61.71,3,80.04,Pass
STU1085,Ava,Male,Grade 5,Science,63.85,62.97,55.33,62.49,49.75,58.88,3,84.96,Fail
STU1086,Noah,Male,Grade 5,Math's,53.35,70.99,47.68,47.75,54.83,54.92,2,73.4,Pass
STU1087,Shawn,Male,Grade 2,Phys.Ed,86.31,72.8,87.44,65.41,74.62,77.32,4,66.93,Pass
STU1088,Hudson,Female,Grade 2,Phys.Ed,57.64,64.9,56.31,58.27,65.53,60.53,3,80.4,Pass
STU1089,Mason,Female,Grade 5,English,48.66,59.77,37.81,83.25,85.01,62.9,3,88.76,Pass
STU1090,Olivia,Female,Grade 5,Arts,67.34,60.77,92.03,77.36,54.83,70.47,4,92.34,Pass
STU1091,Ethan,Female,Grade 5,Science,61.27,63.05,79.98,74.07,91.5,73.97,4,78.79,Pass
STU1092,Sophia,Male,Grade 2,Science,40.96,65.44,44.83,72.26,38.99,52.5,2,72.65,Pass
STU1093,Jack,Female,Grade 3,Science,52.96,72.55,75.91,63.48,61.91,65.36,3,76.13,Pass
STU1094,Sophia,Female,Grade 1,Phys.Ed,63.87,63.62,58.53,67.18,44.16,59.47,3,84.34,Pass
STU1095,Liam,Female,Grade 4,Arts,67.73,59.59,44.64,63.57,44.61,56.03,3,99.15,Pass
STU1096,Tyler,Female,Grade 3,Math's,84.25,28.39,67.41,57.72,72.34,62.02,3,84.44,Pass
STU1097,Ethan,Female,Grade 4,Arts,70.9,80.74,53.67,50.73,75.42,66.29,3,68.77,Pass
STU1098,Liam,Male,Grade 5,Science,62.38,74.05,69.58,31.38,52.43,57.96,3,93.22,Pass
STU1099,Tyler,Male,Grade 5,Math's,57.55,78.31,96.0,48.35,71.89,70.42,4,99.89,Pass
STU1100,Michal,Female,Grade 5,Arts,59.66,61.97,62.74,57.95,30.49,54.56,2,95.33,Pass
STU1101,Noah,Female,Grade 3,Phys.Ed,78.16,65.75,53.98,67.79,67.36,66.61,3,92.24,Pass
STU1102,Hudson,Female,Grade 2,Phys.Ed,50.72,43.64,46.16,70.54,56.71,53.55,2,92.58,Pass
STU1103,Robert,Male,Grade 5,Science,56.59,46.35,58.03,69.07,49.54,55.92,3,67.97,Pass
STU1104,Mason,Female,Grade 4,Phys.Ed,80.7,48.16,68.28,81.7,47.02,65.17,3,76.11,Pass
STU1105,Robert,Female,Grade 2,Arts,69.9,78.43,36.59,64.77,56.68,61.27,3,84.7,Pass
STU1106,Olivia,Female,Grade 3,English,67.38,57.56,81.42,90.5,69.61,73.29,4,83.67,Pass
STU1107,Zen,Female,Grade 4,English,55.68,45.03,73.74,77.98,63.32,63.15,3,71.15,Fail
STU1108,Ava,Female,Grade 2,Science,50.4,73.03,50.95,62.79,70.25,61.48,3,82.22,Pass
STU1109,Hudson,Female,Grade 3,Phys.Ed,77.6,56.1,82.58,62.96,100.0,75.85,4,78.72,Pass
STU1110,Tyler,Female,Grade 5,English,69.12,61.35,67.71,74.96,71.18,68.87,3,80.65,Pass
STU1111,Olivia,Male,Grade 2,Math's,67.88,44.13,70.7,70.02,95.44,69.63,3,91.4,Pass
STU1112,Olivia,Female,Grade 2,English,67.01,55.92,56.88,40.6,46.26,53.33,2,74.5,Pass
STU1113,Tyler,Female,Grade 3,English,78.3,72.24,94.33,49.27,93.2,77.47,4,76.28,Pass
STU1114,Ethan,Female,Grade 5,Science,59.68,75.99,61.78,54.73,53.93,61.22,3,90.49,Pass
STU1115,Sophia,Female,Grade 5,Arts,80.34,42.64,80.39,85.73,67.03,71.23,4,88.79,Pass
STU1116,Liam,Female,Grade 5,English,64.08,72.97,69.29,73.79,50.6,66.15,3,79.74,Pass
STU1117,Mia,Female,Grade 2,Math's,50.62,62.25,69.73,78.36,48.02,61.79,3,77.16,Not Attended
STU1118,Tyler,Male,Grade 1,English,55.24,37.98,48.28,49.38,72.88,52.75,2,78.61,Pass
STU1119,Damon,Male,Grade 3,Math's,52.02,62.49,91.63,59.09,41.46,61.33,3,86.37,Pass
STU1120,Tyler,Male,Grade 4,English,70.43,69.68,19.18,61.31,65.85,57.29,3,82.72,Pass
STU1121,Olivia,Male,Grade 5,English,55.8,66.91,76.16,48.87,45.09,58.56,3,94.86,Pass
STU1122,Emma,Male,Grade 3,Science,50.05,45.38,61.54,61.53,87.21,61.14,3,90.21,Pass
STU1123,Mia,Male,Grade 1,Science,49.82,64.2,58.72,49.63,35.64,51.6,2,85.75,Pass
STU1124,Noah,Female,Grade 4,Math's,57.58,56.88,57.67,54.31,67.19,58.73,3,73.42,Pass
STU1125,Emma,Male,Grade 3,Arts,72.76,53.97,51.54,78.98,58.65,63.18,3,69.04,Pass
STU1126,Cal,Male,Grade 5,Science,79.98,66.2,52.41,73.54,64.93,67.41,3,78.0,Pass
STU1127,Noah,Female,Grade 5,Arts,45.94,58.61,60.06,58.66,83.36,61.33,3,85.74,Pass
STU1128,Mack,Male,Grade 4,Math's,62.2,65.81,42.82,67.08,62.36,60.06,3,79.98,Pass
STU1129,Lucas,Female,Grade 5,Arts,46.35,76.98,69.48,41.02,49.78,56.72,3,75.26,Pass
STU1130,Shawn,Female,Grade 5,Arts,57.22,46.5,36.31,71.15,86.11,59.46,3,78.28,Fail
STU1131,Lucas,Female,Grade 1,Arts,37.04,51.32,95.89,49.51,57.21,58.19,3,79.18,Pass
STU1132,Hudson,Female,Grade 5,Math's,47.71,56.46,51.99,57.91,58.28,54.47,2,83.22,Pass
STU1133,Hudson,Female,Grade 2,English,71.23,89.01,56.81,63.32,47.51,65.57,3,79.91,Pass
STU1134,Tyler,Male,Grade 5,English,51.25,90.35,67.39,67.43,65.73,68.43,3,79.1,Pass
STU1135,Ava,Male,Grade 5,Science,37.92,55.71,63.46,42.16,65.03,52.86,2,76.04,Pass
STU1136,Cal,Male,Grade 5,English,62.56,53.35,63.36,43.36,69.12,58.35,3,92.86,Pass
STU1137,Michal,Female,Grade 5,Math's,79.08,77.52,54.94,56.24,60.62,65.68,3,76.82,Pass
STU1138,Sophia,Female,Grade 4,Arts,76.18,49.28,56.25,68.02,75.3,65.0,3,69.29,Pass
STU1139,Tyler,Female,Grade 5,Science,63.55,38.42,55.63,73.69,73.11,60.88,3,87.46,Pass
STU1140,Damon,Female,Grade 3,Math's,53.56,63.95,63.9,76.33,48.14,61.18,3,78.97,Pass
STU1141,Ava,Female,Grade 3,Math's,67.31,78.65,53.03,69.55,51.97,64.1,3,72.72,Pass
STU1142,Shawn,Female,Grade 2,Science,81.12,77.42,77.93,89.42,67.51,78.68,4,95.54,Pass
STU1143,Mia,Male,Grade 5,English,67.62,37.15,48.99,63.76,26.88,48.88,2,83.23,Pass
STU1144,Noah,Female,Grade 4,Science,50.26,85.1,81.75,35.23,64.85,63.44,3,85.81,Pass
STU1145,Liam,Female,Grade 3,Arts,43.85,86.0,28.99,58.38,83.36,60.12,3,73.4,Fail
STU1146,Olivia,Male,Grade 5,Science,80.17,74.09,42.62,68.86,65.64,66.28,3,81.5,Pass
STU1147,Zen,Female,Grade 3,Science,69.49,78.38,65.19,65.31,82.02,72.08,4,78.68,Pass
STU1148,Damon,Female,Grade 2,Science,53.4,43.22,51.48,45.89,32.8,45.36,2,83.38,Pass
STU1149,Sophia,Male,Grade 5,Science,64.73,70.12,66.73,57.85,83.5,68.59,3,68.88,Pass
STU1150,Olivia,Female,Grade 1,Phys.Ed,79.97,62.0,83.4,52.43,77.89,71.14,4,98.48,Pass
STU1151,Noah,Female,Grade 2,Phys.Ed,25.25,93.07,61.39,31.75,66.95,55.68,3,82.37,Pass
STU1152,Shawn,Male,Grade 5,Math's,50.18,69.17,95.34,65.02,57.19,67.38,3,71.78,Pass
STU1153,Zen,Female,Grade 2,Science,82.3,59.63,41.56,70.78,54.73,61.8,3,84.05,Pass
STU1154,Ava,Male,Grade 5,Math's,45.18,82.37,67.36,56.83,55.79,61.51,3,80.75,Pass
STU1155,Shawn,Female,Grade 5,English,64.48,72.0,47.47,65.45,46.36,59.15,3,82.25,Not Attended
STU1156,Mack,Female,Grade 2,English,38.57,45.8,63.98,67.96,68.43,56.95,3,88.83,Pass
STU1157,Jack,Male,Grade 5,English,69.82,36.82,49.95,68.35,56.26,56.24,3,94.18,Pass
STU1158,Sophia,Male,Grade 1,English,59.26,58.24,81.15,86.39,40.1,65.03,3,68.61,Pass
STU1159,Mason,Female,Grade 5,English,73.57,87.0,76.77,45.39,79.48,72.44,4,97.87,Pass
STU1160,Shawn,Female,Grade 3,Phys.Ed,71.58,56.08,52.17,43.26,26.34,49.89,2,75.13,Pass
STU1161,Michal,Male,Grade 1,Math's,76.52,92.99,71.45,51.57,66.17,71.74,4,91.68,Pass
STU1162,Tyler,Male,Grade 5,Science,41.46,56.3,64.93,74.09,67.64,60.88,3,87.0,Pass
STU1163,Hudson,Female,Grade 5,Arts,80.82,83.52,68.23,68.58,97.56,79.74,4,76.3,Pass
STU1164,Sophia,Male,Grade 3,Math's,44.33,59.78,35.48,46.44,95.82,56.37,3,83.93,Not Attended
STU1165,Noah,Female,Grade 5,Arts,92.91,85.08,58.71,63.93,42.6,68.65,3,80.38,Pass
STU1166,Emma,Male,Grade 2,Science,100.0,85.04,56.35,59.6,76.56,75.51,4,90.43,Not Attended
STU1167,Cal,Male,Grade 5,English,62.82,72.18,75.35,57.66,32.54,60.11,3,80.14,Fail
STU1168,Shawn,Male,Grade 4,Science,53.48,73.18,65.22,61.53,77.89,66.26,3,78.71,Pass
STU1169,Liam,Female,Grade 5,English,54.51,18.89,50.07,73.85,85.44,56.55,3,79.14,Pass
STU1170,Jack,Male,Grade 3,English,38.4,71.21,39.93,57.66,57.05,52.85,2,86.25,Pass
STU1171,Robert,Female,Grade 4,Math's,57.69,80.41,60.75,45.59,40.57,57.0,3,80.67,Pass
STU1172,Ava,Female,Grade 1,Arts,65.67,64.64,72.33,71.61,57.27,66.3,3,86.79,Pass
STU1173,Shawn,Male,Grade 1,Science,68.42,68.46,35.45,77.67,80.85,66.17,3,82.75,Pass
STU1174,Emma,Female,Grade 4,English,49.8,55.22,65.76,45.21,78.92,58.98,3,79.73,Pass
STU1175,Mack,Male,Grade 1,Science,61.25,86.6,63.2,51.46,51.62,62.83,3,88.76,Pass
STU1176,Michal,Female,Grade 5,Phys.Ed,50.0,53.72,46.55,57.3,47.33,50.98,2,89.28,Fail
STU1177,Robert,Female,Grade 2,English,47.42,53.47,73.07,49.44,66.22,57.92,3,81.24,Pass
STU1178,Damon,Male,Grade 2,Phys.Ed,43.32,72.57,75.97,50.7,64.01,61.32,3,86.55,Pass
STU1179,Noah,Female,Grade 1,Phys.Ed,56.96,69.76,32.81,52.75,52.17,52.89,2,81.0,Pass
STU1180,Tyler,Female,Grade 2,Arts,39.28,73.68,58.51,40.54,49.64,52.33,2,86.69,Pass
STU1181,Cal,Female,Grade 5,Phys.Ed,44.85,67.68,100.0,70.54,51.17,66.85,3,98.82,Pass
STU1182,Lucas,Female,Grade 5,Phys.Ed,57.84,65.0,73.9,67.36,53.24,63.47,3,88.74,Pass
STU1183,Cal,Male,Grade 2,Math's,100.0,100.0,70.45,69.66,50.0,78.02,4,74.52,Pass
STU1184,Olivia,Female,Grade 3,Science,74.66,70.43,47.93,59.18,28.54,56.15,3,85.8,Pass
STU1185,Tyler,Female,Grade 1,Phys.Ed,78.74,75.01,46.33,66.47,54.23,64.16,3,83.58,Pass
STU1186,Ava,Female,Grade 2,Math's,70.05,70.26,34.72,51.47,45.5,54.4,2,81.07,Pass
STU1187,Ethan,Male,Grade 5,Science,26.86,70.2,52.69,67.45,78.11,59.06,3,85.56,Pass
STU1188,Zen,Female,Grade 5,Science,60.54,76.9,49.3,55.93,42.0,56.93,3,85.93,Pass
STU1189,Zen,Female,Grade 5,English,44.6,74.43,40.55,74.39,57.19,58.23,3,90.65,Pass
STU1190,Michal,Female,Grade 5,Science,55.0,55.68,58.99,60.06,66.31,59.21,3,82.97,Pass
STU1191,Hudson,Female,Grade 4,Arts,68.89,77.11,52.96,63.37,66.07,65.68,3,86.65,Pass
STU1192,Damon,Female,Grade 2,Arts,41.54,95.91,71.77,46.82,81.16,67.44,3,93.1,Pass
STU1193,Tyler,Male,Grade 2,Phys.Ed,72.74,83.3,88.28,42.72,59.52,69.31,3,77.25,Pass
STU1194,Hudson,Female,Grade 4,Arts,75.37,72.67,66.76,50.64,55.86,64.26,3,84.57,Pass
STU1195,Mia,Female,Grade 1,Math's,74.11,63.94,14.51,60.38,60.19,54.63,2,84.82,Pass
STU1196,Ethan,Male,Grade 2,Arts,59.01,76.42,60.33,91.79,59.64,69.44,3,86.81,Pass
STU1197,Damon,Male,Grade 2,Math's,66.63,61.25,44.3,45.29,69.7,57.43,3,72.9,Pass
STU1198,Ava,Male,Grade 3,Phys.Ed,59.32,53.66,60.59,61.32,70.12,61.0,3,71.79,Pass
STU1199,Zen,Male,Grade 2,English,67.66,51.55,49.35,58.27,87.92,62.95,3,75.66,Pass
STU1200,Zen,Female,Grade 3,Arts,65.31,65.4,6.96,80.26,70.86,57.76,3,86.64,Not Attended
STU1201,Cal,Male,Grade 5,Science,54.44,51.19,81.97,81.87,57.32,65.36,3,77.82,Pass
STU1202,Hudson,Male,Grade 5,Math's,52.97,58.32,89.33,57.44,72.39,66.09,3,84.42,Pass
STU1203,Ethan,Male,Grade 5,Phys.Ed,100.0,40.9,24.04,44.4,80.63,57.99,3,80.49,Pass
STU1204,Damon,Male,Grade 5,Science,75.78,46.85,49.53,49.89,20.24,48.46,2,80.17,Pass
STU1205,Robert,Male,Grade 1,Science,53.93,63.44,39.02,78.65,41.8,55.37,3,94.77,Pass
STU1206,Hudson,Male,Grade 5,Arts,61.52,44.93,62.41,80.52,47.33,59.34,3,77.32,Pass
STU1207,Sophia,Female,Grade 3,Phys.Ed,66.96,73.71,33.42,64.92,100.0,67.8,3,96.35,Pass
STU1208,Emma,Male,Grade 5,Arts,55.67,62.23,46.85,74.15,67.98,61.37,3,86.55,Pass
STU1209,Lucas,Male,Grade 1,Science,56.57,68.5,0.0,55.6,75.22,51.18,2,80.88,Pass
STU1210,Zen,Female,Grade 5,Phys.Ed,62.99,49.96,59.32,62.61,88.84,64.74,3,81.85,Pass
STU1211,Mack,Female,Grade 2,Arts,14.38,61.56,50.75,64.13,82.94,54.75,2,96.41,Pass
STU1212,Sophia,Male,Grade 2,Arts,67.51,66.79,47.61,45.98,49.1,55.4,3,76.76,Pass
STU1213,Sophia,Male,Grade 1,English,57.72,79.41,51.45,53.17,93.43,67.04,3,83.13,Not Attended
STU1214,Liam,Male,Grade 4,Math's,65.87,79.69,80.06,74.49,46.57,69.34,3,93.4,Pass
STU1215,Zen,Female,Grade 3,Arts,63.14,41.23,68.34,55.11,87.54,63.07,3,80.84,Pass
STU1216,Sophia,Male,Grade 2,English,61.02,82.28,67.64,66.25,59.1,67.26,3,88.02,Fail
STU1217,Shawn,Female,Grade 1,Math's,88.53,70.62,49.39,55.18,55.98,63.94,3,92.32,Pass
STU1218,Sophia,Male,Grade 5,Arts,53.7,57.97,59.14,44.59,68.06,56.69,3,94.93,Fail
STU1219,Lucas,Male,Grade 5,Science,86.09,72.65,21.76,67.66,52.92,60.22,3,73.42,Pass
STU1220,Lucas,Female,Grade 5,Science,77.35,76.23,58.44,54.4,60.05,65.29,3,75.91,Pass
STU1221,Sophia,Male,Grade 5,Math's,54.14,58.18,46.25,52.24,89.28,60.02,3,75.04,Pass
STU1222,Hudson,Male,Grade 5,Phys.Ed,64.36,70.48,58.1,56.2,79.77,65.78,3,80.81,Pass
STU1223,Liam,Female,Grade 5,English,57.49,59.74,63.95,61.42,51.43,58.81,3,66.6,Pass
STU1224,Mason,Male,Grade 1,Math's,76.98,82.56,88.92,68.6,81.34,79.68,4,81.93,Pass
STU1225,Ethan,Male,Grade 5,Math's,69.96,44.2,53.01,60.45,71.51,59.83,3,100.0,Fail
STU1226,Mia,Male,Grade 2,Math's,54.8,85.46,50.56,73.22,64.88,65.78,3,82.67,Pass
STU1227,Zen,Male,Grade 2,Math's,36.96,75.97,64.81,57.59,69.26,60.92,3,87.35,Pass
STU1228,Cal,Male,Grade 2,Math's,66.53,84.44,63.55,61.52,74.42,70.09,4,73.92,Pass
STU1229,Liam,Female,Grade 5,English,55.13,43.4,44.32,81.28,54.09,55.64,3,86.58,Pass
STU1230,Noah,Male,Grade 4,Arts,75.28,94.7,52.65,52.55,99.72,74.98,4,83.02,Pass
STU1231,Olivia,Female,Grade 3,Phys.Ed,61.5,47.02,49.92,36.83,82.76,55.6,3,72.27,Pass
STU1232,Emma,Female,Grade 3,Math's,42.65,83.55,46.23,39.45,66.81,55.74,3,81.96,Pass
STU1233,Zen,Male,Grade 5,Math's,60.45,48.12,58.55,64.57,44.05,55.15,3,80.01,Pass
STU1234,Ava,Female,Grade 5,English,67.45,80.22,73.12,74.66,63.98,71.89,4,78.97,Pass
STU1235,Tyler,Female,Grade 1,English,57.84,66.49,46.91,59.2,55.17,57.12,3,83.19,Pass
STU1236,Ava,Male,Grade 2,Phys.Ed,49.82,75.96,63.33,56.6,85.01,66.14,3,79.48,Pass
STU1237,Noah,Female,Grade 3,English,54.27,66.37,78.2,60.01,72.46,66.26,3,82.49,Pass
STU1238,Cal,Male,Grade 5,Arts,59.49,57.59,53.19,66.84,48.15,57.05,3,92.85,Pass
STU1239,Cal,Male,Grade 3,Phys.Ed,36.81,49.08,56.63,76.32,68.94,57.56,3,84.15,Pass
STU1240,Jack,Male,Grade 2,English,71.9,48.77,70.77,58.17,42.35,58.39,3,91.16,Pass
STU1241,Robert,Female,Grade 3,Science,78.86,77.11,64.5,45.97,36.69,60.63,3,100.0,Pass
STU1242,Robert,Female,Grade 1,Science,68.72,74.45,29.96,74.3,54.57,60.4,3,75.34,Pass
STU1243,Cal,Female,Grade 3,Arts,79.57,67.51,36.98,46.29,63.24,58.72,3,86.69,Pass
STU1244,Ethan,Female,Grade 3,Math's,78.28,62.75,72.46,62.78,68.86,69.03,3,90.22,Pass
STU1245,Mason,Female,Grade 1,Arts,54.87,56.71,55.66,55.79,71.86,58.98,3,87.36,Pass
STU1246,Robert,Female,Grade 4,English,69.08,78.73,66.14,83.54,57.88,71.07,4,87.98,Pass
STU1247,Hudson,Female,Grade 3,Science,87.84,77.77,56.86,47.61,56.47,65.31,3,82.71,Pass
STU1248,Hudson,Male,Grade 1,Phys.Ed,74.25,91.64,62.51,37.14,72.09,67.53,3,80.83,Pass
STU1249,Ava,Male,Grade 4,English,50.63,46.25,58.86,82.94,45.41,56.82,3,98.38,Pass
STU1250,Noah,Male,Grade 1,Phys.Ed,80.8,64.74,81.17,74.62,69.88,74.24,4,88.07,Pass
STU1251,Sophia,Male,Grade 1,English,55.08,58.84,65.48,58.07,71.61,61.82,3,74.1,Pass
STU1252,Ethan,Female,Grade 1,English,56.44,69.78,50.92,59.74,44.53,56.28,3,92.76,Pass
STU1253,Ava,Male,Grade 2,Phys.Ed,78.11,75.21,79.64,56.9,70.73,72.12,4,93.51,Pass
STU1254,Michal,Male,Grade 1,English,89.81,88.43,33.96,45.65,46.18,60.81,3,96.69,Pass
STU1255,Emma,Female,Grade 5,Math's,63.09,56.99,65.99,38.1,81.31,61.09,3,71.37,Pass
STU1256,Shawn,Female,Grade 4,Science,49.69,72.57,61.56,49.3,47.8,56.19,3,85.07,Not Attended
STU1257,Cal,Female,Grade 2,Science,56.76,78.64,63.91,71.89,57.97,65.84,3,94.6,Pass
STU1258,Hudson,Male,Grade 3,Math's,50.92,57.22,100.0,82.68,86.9,75.55,4,81.35,Pass
STU1259,Noah,Female,Grade 5,Science,76.66,68.52,59.11,57.98,59.65,64.38,3,88.87,Pass
STU1260,Noah,Male,Grade 2,Phys.Ed,84.64,24.47,69.18,69.61,81.35,65.85,3,83.48,Fail
STU1261,Lucas,Male,Grade 5,Math's,70.66,63.91,61.08,72.91,32.48,60.21,3,86.96,Pass
STU1262,Mason,Male,Grade 2,Phys.Ed,73.76,63.06,48.32,54.13,83.9,64.63,3,88.37,Pass
STU1263,Sophia,Male,Grade 2,Science,56.48,53.89,48.07,64.48,58.56,56.3,3,88.37,Pass
STU1264,Michal,Female,Grade 5,Phys.Ed,45.44,52.59,42.17,57.56,94.23,58.4,3,84.62,Pass
STU1265,Zen,Male,Grade 3,English,43.97,78.36,89.32,52.64,75.34,67.93,3,84.18,Pass
STU1266,Shawn,Female,Grade 5,Arts,43.05,76.27,88.98,49.92,57.83,63.21,3,89.49,Pass
STU1267,Mia,Female,Grade 5,Math's,47.47,84.99,60.1,72.8,44.23,61.92,3,88.71,Pass
STU1268,Liam,Male,Grade 3,Science,67.57,55.71,44.76,81.93,59.58,61.91,3,75.97,Pass
STU1269,Mack,Male,Grade 2,Science,54.5,73.45,41.46,90.35,77.98,67.55,3,82.46,Pass
STU1270,Olivia,Male,Grade 2,Arts,50.55,67.62,77.35,60.47,54.07,62.01,3,75.75,Pass
STU1271,Sophia,Male,Grade 5,Phys.Ed,60.37,64.38,75.72,68.31,69.7,67.69,3,59.73,Pass
STU1272,Mason,Female,Grade 2,English,38.45,87.4,64.95,56.52,84.59,66.38,3,77.77,Pass
STU1273,Mia,Female,Grade 5,Phys.Ed,64.7,64.64,40.79,59.55,46.42,55.22,3,82.5,Pass
STU1274,Ava,Female,Grade 2,Science,72.09,69.47,69.13,71.82,42.76,65.05,3,78.38,Pass
STU1275,Jack,Female,Grade 3,Phys.Ed,36.0,36.18,71.24,40.05,69.5,50.59,2,80.0,Pass
STU1276,Robert,Female,Grade 2,Math's,70.49,80.2,64.06,41.82,73.17,65.95,3,82.86,Pass
STU1277,Zen,Male,Grade 4,Math's,48.2,41.63,33.57,60.58,89.73,54.74,2,100.0,Pass
STU1278,Robert,Male,Grade 5,Science,77.05,100.0,81.75,62.95,54.75,75.3,4,76.6,Fail
STU1279,Hudson,Male,Grade 4,Math's,39.77,72.32,85.72,54.27,46.09,59.64,3,87.96,Pass
STU1280,Shawn,Female,Grade 2,Science,86.31,60.56,30.39,64.81,67.51,61.92,3,84.84,Pass
STU1281,Lucas,Male,Grade 5,Phys.Ed,74.49,73.44,73.57,64.02,47.87,66.68,3,95.6,Pass
STU1282,Shawn,Female,Grade 1,Phys.Ed,56.62,75.78,56.86,86.9,85.7,72.37,4,73.57,Fail
STU1283,Tyler,Male,Grade 5,Arts,55.13,82.97,79.7,60.0,78.7,71.3,4,64.71,Pass
STU1284,Liam,Female,Grade 4,Math's,45.68,69.53,23.53,51.84,80.53,54.22,2,83.9,Pass
STU1285,Lucas,Female,Grade 5,English,61.24,59.16,79.58,38.8,71.67,62.09,3,79.59,Pass
STU1286,Jack,Female,Grade 3,Arts,70.32,47.37,49.26,61.36,53.42,56.35,3,82.22,Pass
STU1287,Hudson,Female,Grade 3,Phys.Ed,66.08,45.93,57.34,48.42,94.27,62.41,3,94.34,Pass
STU1288,Robert,Female,Grade 4,Science,58.36,100.0,69.78,39.31,51.97,63.88,3,83.57,Pass
STU1289,Sophia,Female,Grade 5,English,60.89,50.87,26.74,84.84,62.57,57.18,3,77.83,Pass
STU1290,Shawn,Female,Grade 5,Science,47.69,58.53,43.36,58.38,31.11,47.81,2,77.57,Pass
STU1291,Mason,Female,Grade 5,Arts,43.16,54.12,43.02,49.89,72.12,52.46,2,90.91,Not Attended
STU1292,Liam,Female,Grade 3,Math's,46.19,76.17,47.77,58.56,90.33,63.81,3,92.97,Pass
STU1293,Lucas,Female,Grade 3,Arts,40.4,38.78,80.32,50.3,50.1,51.98,2,81.07,Pass
STU1294,Lucas,Male,Grade 3,Math's,82.77,71.55,45.0,73.79,63.29,67.28,3,84.3,Pass
STU1295,Noah,Male,Grade 4,Phys.Ed,43.59,69.07,63.17,39.35,48.8,52.8,2,78.54,Pass
STU1296,Ethan,Male,Grade 5,Math's,47.51,54.63,48.06,44.5,66.26,52.19,2,72.71,Pass
STU1297,Michal,Female,Grade 3,Science,24.15,61.79,71.57,69.65,64.24,58.28,3,91.11,Pass
STU1298,Ava,Female,Grade 2,English,58.62,61.11,78.48,57.85,79.47,67.11,3,80.23,Fail
STU1299,Tyler,Male,Grade 4,Science,82.77,60.28,64.53,66.86,51.84,65.26,3,83.01,Pass
STU1300,Noah,Male,Grade 3,Phys.Ed,62.28,58.7,71.13,52.27,73.21,63.52,3,85.7,Pass
STU1301,Ethan,Male,Grade 4,Phys.Ed,76.49,72.88,39.7,90.38,40.54,64.0,3,91.59,Pass
STU1302,Emma,Female,Grade 5,English,69.76,64.34,58.0,63.08,71.97,65.43,3,94.26,Pass
STU1303,Michal,Male,Grade 2,Science,60.53,77.34,90.08,64.02,73.48,73.09,4,86.63,Pass
STU1304,Cal,Female,Grade 3,Phys.Ed,73.87,51.07,78.41,55.41,79.88,67.73,3,72.46,Not Attended
STU1305,Zen,Male,Grade 2,Phys.Ed,72.1,68.27,66.24,56.96,70.94,66.9,3,95.86,Pass
STU1306,Michal,Female,Grade 1,Math's,66.41,44.96,41.2,66.46,62.82,56.37,3,87.52,Pass
STU1307,Liam,Male,Grade 4,Arts,32.05,60.57,25.23,50.08,42.97,42.18,2,74.05,Pass
STU1308,Michal,Male,Grade 1,Science,56.62,81.96,33.3,65.2,98.53,67.12,3,82.6,Fail
STU1309,Robert,Female,Grade 4,English,100.0,82.55,96.59,57.93,66.95,80.8,4,84.29,Pass
STU1310,Liam,Female,Grade 5,Science,68.96,49.65,57.47,85.21,64.78,65.22,3,81.38,Pass
STU1311,Zen,Female,Grade 5,Phys.Ed,78.53,80.39,63.81,66.03,76.84,73.12,4,85.45,Pass
STU1312,Olivia,Female,Grade 3,Science,67.73,97.7,44.74,55.83,34.9,60.18,3,87.48,Pass
STU1313,Damon,Female,Grade 5,Math's,77.0,87.02,63.74,58.49,76.49,72.55,4,76.81,Pass
STU1314,Robert,Male,Grade 3,Arts,63.15,57.32,53.33,59.51,47.03,56.07,3,81.85,Pass
STU1315,Robert,Male,Grade 4,Science,65.38,55.18,71.58,64.07,53.88,62.02,3,83.61,Fail
STU1316,Sophia,Male,Grade 5,Arts,72.22,36.0,94.25,57.54,90.56,70.11,4,89.73,Pass
STU1317,Cal,Female,Grade 3,Science,100.0,62.2,47.92,54.02,63.02,65.43,3,83.99,Pass
STU1318,Hudson,Male,Grade 3,Phys.Ed,74.82,58.48,74.04,64.25,84.87,71.29,4,89.9,Pass
STU1319,Mason,Male,Grade 5,Phys.Ed,62.23,55.18,63.62,56.74,72.67,62.08,3,84.5,Pass
STU1320,Ethan,Female,Grade 2,Arts,68.78,37.92,61.43,70.89,47.84,57.37,3,94.95,Pass
STU1321,Sophia,Female,Grade 2,Science,46.65,85.9,63.23,66.8,70.3,66.58,3,88.73,Pass
STU1322,Emma,Male,Grade 5,Arts,82.0,46.8,27.06,63.91,53.62,54.68,2,91.03,Not Attended
STU1323,Cal,Female,Grade 5,Science,63.79,82.65,65.17,56.72,66.85,67.04,3,98.71,Pass
STU1324,Mia,Male,Grade 4,Arts,40.64,63.05,51.47,56.24,76.05,57.49,3,84.72,Not Attended
STU1325,Damon,Female,Grade 5,Phys.Ed,74.88,77.93,80.82,77.5,62.36,74.7,4,95.1,Pass
STU1326,Lucas,Male,Grade 1,Arts,59.52,87.48,78.6,50.39,53.63,65.92,3,88.7,Pass
STU1327,Shawn,Male,Grade 2,Arts,48.72,55.18,23.62,63.04,60.43,50.2,2,74.49,Pass
STU1328,Mia,Female,Grade 5,Math's,66.66,67.51,59.25,49.7,62.99,61.22,3,78.83,Pass
STU1329,Cal,Female,Grade 3,English,47.37,67.79,43.31,52.96,48.58,52.0,2,82.08,Pass
STU1330,Shawn,Male,Grade 3,Science,43.47,92.73,53.04,52.5,93.25,67.0,3,90.72,Pass
STU1331,Lucas,Female,Grade 1,Science,62.7,57.65,47.16,65.78,57.1,58.08,3,100.0,Not Attended
STU1332,Ethan,Female,Grade 3,English,68.82,39.71,25.7,40.42,69.23,48.78,2,87.49,Pass
STU1333,Zen,Female,Grade 2,Math's,79.2,45.02,18.56,60.66,40.59,48.81,2,83.52,Pass
STU1334,Michal,Female,Grade 1,English,74.96,63.12,68.61,49.26,56.88,62.56,3,73.26,Pass
STU1335,Lucas,Male,Grade 4,Math's,52.05,44.52,52.37,66.7,58.36,54.8,2,66.12,Pass
STU1336,Hudson,Female,Grade 3,Phys.Ed,64.76,84.48,61.67,56.63,65.35,66.58,3,79.51,Pass
STU1337,Liam,Male,Grade 5,Math's,45.86,52.6,67.16,45.23,100.0,62.17,3,77.07,Pass
STU1338,Cal,Female,Grade 5,Arts,51.45,78.13,36.49,72.51,91.13,65.94,3,95.62,Pass
STU1339,Cal,Male,Grade 2,English,72.65,65.07,58.27,49.26,68.89,62.83,3,100.0,Pass
STU1340,Liam,Female,Grade 2,English,52.69,87.07,59.46,53.18,51.41,60.76,3,96.11,Pass
STU1341,Damon,Female,Grade 3,Math's,98.54,57.47,50.62,61.96,46.01,62.92,3,79.99,Pass
STU1342,Mia,Female,Grade 5,Science,65.16,62.9,34.19,56.41,60.4,55.81,3,77.54,Pass
STU1343,Hudson,Male,Grade 5,Arts,69.07,79.48,49.85,56.88,70.15,65.09,3,69.69,Pass
STU1344,Robert,Male,Grade 3,Phys.Ed,76.12,96.07,47.45,44.8,60.12,64.91,3,81.88,Fail
STU1345,Cal,Male,Grade 5,Science,66.42,56.94,48.67,43.72,49.34,53.02,2,99.7,Pass
STU1346,Noah,Female,Grade 2,English,40.97,63.29,52.59,65.48,53.99,55.26,3,74.27,Fail
STU1347,Lucas,Male,Grade 1,Science,79.31,72.0,70.0,50.25,75.11,69.34,3,70.21,Pass
STU1348,Sophia,Male,Grade 5,Phys.Ed,84.18,51.35,65.71,62.86,68.62,66.54,3,95.01,Pass
STU1349,Michal,Female,Grade 4,Science,58.45,64.12,43.43,73.68,46.0,57.14,3,82.91,Pass
STU1350,Mia,Male,Grade 5,Science,86.72,64.47,100.0,51.05,42.65,68.98,3,75.88,Pass
STU1351,Emma,Female,Grade 2,Phys.Ed,42.8,62.9,42.84,66.42,59.98,54.99,2,86.27,Pass
STU1352,Zen,Male,Grade 3,Phys.Ed,68.97,63.41,39.05,36.32,53.26,52.2,2,84.06,Pass
STU1353,Ava,Female,Grade 1,Phys.Ed,67.07,61.18,45.29,39.75,45.54,51.76,2,94.87,Pass
STU1354,Mason,Male,Grade 5,Phys.Ed,46.83,52.0,58.32,34.8,46.37,47.67,2,82.11,Pass
STU1355,Zen,Male,Grade 4,Science,75.3,78.49,41.7,58.65,26.2,56.07,3,88.68,Pass
STU1356,Damon,Female,Grade 3,English,44.62,65.55,62.76,54.5,49.95,55.48,3,77.56,Fail
STU1357,Mason,Male,Grade 5,Arts,35.61,78.14,59.07,55.76,67.08,59.13,3,77.25,Pass
STU1358,Zen,Male,Grade 2,Science,62.12,65.89,39.81,43.59,61.6,54.6,2,82.14,Fail
STU1359,Tyler,Male,Grade 3,Arts,60.87,70.15,91.5,67.78,76.72,73.41,4,92.84,Pass
STU1360,Tyler,Female,Grade 2,English,38.57,69.85,58.27,85.28,57.66,61.92,3,77.79,Pass
STU1361,Tyler,Female,Grade 1,English,65.36,72.06,36.49,57.26,58.18,57.87,3,72.22,Pass
STU1362,Jack,Female,Grade 2,Math's,69.08,45.42,52.77,59.83,75.04,60.43,3,82.6,Pass
STU1363,Zen,Female,Grade 1,Arts,74.88,71.11,65.24,70.54,30.18,62.39,3,86.48,Not Attended
STU1364,Robert,Male,Grade 4,Math's,62.34,54.84,64.93,51.15,78.2,62.29,3,85.33,Pass
STU1365,Michal,Male,Grade 5,Phys.Ed,54.75,65.6,47.12,60.47,25.63,50.71,2,87.43,Pass
STU1366,Ava,Male,Grade 3,Science,27.52,50.33,71.38,54.97,56.5,52.14,2,84.86,Pass
STU1367,Shawn,Female,Grade 3,Arts,81.57,83.49,41.97,66.45,49.34,64.56,3,77.4,Not Attended
STU1368,Noah,Male,Grade 3,Phys.Ed,66.64,88.57,81.55,55.52,34.28,65.31,3,95.08,Pass
STU1369,Cal,Male,Grade 1,Science,82.39,46.87,87.17,65.59,65.57,69.52,3,96.92,Pass
STU1370,Jack,Female,Grade 5,Math's,55.37,81.99,92.18,37.7,72.59,67.97,3,85.42,Pass
STU1371,Olivia,Female,Grade 2,Math's,65.2,55.74,54.19,70.97,95.78,68.37,3,90.07,Pass
STU1372,Damon,Female,Grade 4,English,61.13,49.76,74.67,79.23,64.96,65.95,3,92.67,Pass
STU1373,Lucas,Male,Grade 3,Math's,63.44,49.25,85.6,84.39,65.87,69.71,3,76.15,Pass
STU1374,Hudson,Female,Grade 5,Math's,76.25,80.86,47.6,62.14,55.87,64.54,3,100.0,Pass
STU1375,Mason,Male,Grade 3,Arts,71.49,58.86,40.06,70.05,65.06,61.1,3,65.09,Pass
STU1376,Mason,Male,Grade 3,Science,54.57,60.04,36.35,72.44,62.28,57.14,3,87.5,Pass
STU1377,Emma,Female,Grade 2,English,41.6,63.02,42.69,60.38,74.0,56.34,3,91.96,Pass
STU1378,Shawn,Male,Grade 2,English,65.02,71.85,54.06,48.07,61.42,60.09,3,78.8,Pass
STU1379,Ava,Female,Grade 4,Phys.Ed,42.33,39.94,58.38,76.15,62.49,55.86,3,86.08,Pass
STU1380,Hudson,Male,Grade 2,Science,40.5,96.68,38.73,63.64,35.15,54.94,2,80.81,Pass
STU1381,Zen,Male,Grade 2,English,79.4,85.06,49.44,61.92,65.94,68.35,3,88.95,Not Attended
STU1382,Lucas,Male,Grade 5,Phys.Ed,55.86,52.69,78.4,63.77,53.57,60.86,3,81.12,Pass
STU1383,Mia,Female,Grade 4,English,77.13,50.3,63.42,60.21,62.91,62.79,3,76.38,Pass
STU1384,Olivia,Female,Grade 4,Phys.Ed,62.21,51.1,61.66,63.52,82.44,64.18,3,99.26,Pass
STU1385,Sophia,Male,Grade 5,English,56.97,70.35,77.56,49.01,47.62,60.3,3,85.08,Fail
STU1386,Zen,Male,Grade 4,Arts,47.56,57.13,19.38,80.28,88.52,58.57,3,75.88,Pass
STU1387,Damon,Male,Grade 2,Arts,44.17,49.87,45.14,74.29,85.96,59.89,3,92.12,Pass
STU1388,Noah,Male,Grade 3,Math's,63.45,73.67,39.69,76.16,85.91,67.77,3,78.22,Fail
STU1389,Sophia,Male,Grade 5,English,62.71,54.16,62.43,73.01,75.5,65.56,3,85.78,Pass
STU1390,Zen,Female,Grade 2,Science,71.85,79.08,64.38,57.64,76.88,69.97,3,90.06,Pass
STU1391,Liam,Female,Grade 2,Math's,80.84,82.5,80.44,48.38,57.25,69.88,3,81.94,Pass
STU1392,Zen,Male,Grade 4,Phys.Ed,55.01,78.07,99.45,61.97,59.26,70.75,4,83.28,Pass
STU1393,Lucas,Female,Grade 5,Arts,52.83,53.59,59.62,61.97,58.63,57.33,3,95.66,Pass
STU1394,Cal,Female,Grade 2,English,64.96,67.59,64.17,61.87,42.63,60.24,3,73.46,Pass
STU1395,Emma,Male,Grade 4,Phys.Ed,86.6,62.89,92.13,50.34,78.91,74.17,4,84.13,Pass
STU1396,Olivia,Female,Grade 1,English,76.73,59.97,36.05,51.75,57.42,56.38,3,91.95,Pass
STU1397,Shawn,Male,Grade 4,English,44.16,60.48,69.84,59.21,54.96,57.73,3,73.96,Pass
STU1398,Emma,Male,Grade 5,English,71.66,99.98,79.42,61.56,44.24,71.37,4,94.44,Pass
STU1399,Mia,Female,Grade 2,Science,43.32,64.72,68.76,57.88,34.97,53.93,2,73.02,Pass
STU1400,Mason,Female,Grade 2,Math's,51.21,57.25,76.98,60.89,81.14,65.49,3,73.4,Pass
STU1401,Emma,Male,Grade 4,Science,67.69,67.75,50.8,78.14,21.03,57.08,3,83.85,Pass
STU1402,Michal,Male,Grade 2,Arts,43.96,95.65,31.26,69.88,77.09,63.57,3,88.96,Pass
STU1403,Sophia,Male,Grade 5,Phys.Ed,47.93,88.38,33.78,53.5,70.66,58.85,3,77.17,Pass
STU1404,Sophia,Male,Grade 5,Phys.Ed,59.19,77.65,55.89,63.78,81.34,67.57,3,90.33,Pass
STU1405,Tyler,Male,Grade 1,Math's,35.4,84.35,75.99,55.99,66.49,63.64,3,92.05,Pass
STU1406,Noah,Male,Grade 5,English,79.48,59.69,45.63,39.25,28.23,50.46,2,89.81,Pass
STU1407,Emma,Female,Grade 3,English,83.24,55.97,60.29,46.67,71.1,63.45,3,85.05,Pass
STU1408,Liam,Female,Grade 3,Math's,47.17,73.46,18.65,59.47,85.6,56.87,3,82.91,Pass
STU1409,Sophia,Female,Grade 3,Phys.Ed,63.95,76.67,61.66,52.01,40.57,58.97,3,86.97,Pass
STU1410,Tyler,Male,Grade 4,Arts,70.02,72.4,98.74,82.43,48.09,74.34,4,100.0,Pass
STU1411,Lucas,Female,Grade 5,Phys.Ed,40.23,80.51,54.47,47.21,82.02,60.89,3,95.49,Pass
STU1412,Lucas,Male,Grade 5,Science,85.6,61.79,96.93,68.5,67.02,75.97,4,84.07,Pass
STU1413,Zen,Female,Grade 1,Arts,67.91,55.49,63.91,65.82,60.37,62.7,3,78.24,Pass
STU1414,Shawn,Male,Grade 5,Phys.Ed,62.99,89.49,100.0,67.37,47.12,73.39,4,79.61,Fail
STU1415,Robert,Male,Grade 1,English,78.14,52.73,61.64,45.9,75.24,62.73,3,79.71,Pass
STU1416,Robert,Male,Grade 3,Math's,25.09,47.81,66.5,73.18,70.21,56.56,3,85.12,Not Attended
STU1417,Cal,Female,Grade 4,Phys.Ed,46.33,80.35,48.46,52.5,40.91,53.71,2,80.71,Pass
STU1418,Mack,Male,Grade 2,English,29.95,70.52,31.8,62.82,64.5,51.92,2,79.33,Pass
STU1419,Sophia,Female,Grade 2,English,44.53,77.55,47.08,70.87,56.4,59.29,3,76.32,Pass
STU1420,Cal,Male,Grade 4,Phys.Ed,55.51,40.84,48.49,45.98,84.9,55.14,3,80.81,Pass
STU1421,Michal,Male,Grade 5,Math's,42.02,79.17,59.57,75.59,70.01,65.27,3,83.99,Fail
STU1422,Olivia,Female,Grade 1,Arts,71.15,63.98,60.6,74.07,61.18,66.2,3,84.12,Pass
STU1423,Tyler,Male,Grade 5,English,67.86,81.37,62.73,80.91,40.19,66.61,3,96.81,Pass
STU1424,Mia,Female,Grade 5,Math's,71.72,85.74,93.98,46.29,60.66,71.68,4,83.61,Pass
STU1425,Jack,Female,Grade 4,Phys.Ed,55.36,69.26,67.27,31.55,71.02,58.89,3,89.93,Pass
STU1426,Liam,Female,Grade 4,Phys.Ed,53.21,73.13,71.78,74.55,59.8,66.49,3,99.91,Pass
STU1427,Jack,Male,Grade 5,Phys.Ed,87.45,24.97,68.64,45.52,50.12,55.34,3,95.39,Pass
STU1428,Noah,Female,Grade 2,Math's,74.85,65.81,44.43,51.78,54.71,58.31,3,69.71,Pass
STU1429,Ethan,Male,Grade 4,Science,60.37,85.7,60.48,78.17,86.8,74.3,4,76.58,Fail
STU1430,Sophia,Male,Grade 3,Arts,62.01,77.93,82.48,63.05,83.67,73.83,4,100.0,Fail
STU1431,Emma,Female,Grade 5,Arts,80.35,67.22,63.41,58.0,70.82,67.96,3,79.97,Pass
STU1432,Emma,Female,Grade 3,Science,46.38,92.82,60.82,72.33,51.34,64.74,3,84.08,Fail
STU1433,Ava,Male,Grade 4,Arts,64.15,45.16,74.17,51.57,80.92,63.19,3,85.62,Fail
STU1434,Tyler,Male,Grade 5,English,59.05,53.49,58.26,66.39,85.47,64.53,3,76.48,Pass
STU1435,Ethan,Female,Grade 2,Science,75.97,69.9,61.8,67.54,47.03,64.45,3,94.02,Pass
STU1436,Damon,Female,Grade 2,Phys.Ed,63.04,38.47,47.54,62.62,60.44,54.42,2,100.0,Pass
STU1437,Noah,Male,Grade 2,English,62.41,75.52,69.22,68.93,97.97,74.81,4,86.17,Pass
STU1438,Noah,Female,Grade 4,Arts,64.03,45.74,54.43,58.1,49.73,54.41,2,84.17,Pass
STU1439,Noah,Female,Grade 1,Phys.Ed,58.05,72.88,63.71,64.61,58.02,63.46,3,87.23,Pass
STU1440,Zen,Male,Grade 1,English,51.42,63.09,50.49,65.76,64.28,59.0,3,92.12,Fail
STU1441,Jack,Male,Grade 3,Arts,57.72,82.85,42.78,76.78,59.21,63.87,3,77.33,Fail
STU1442,Shawn,Female,Grade 3,Arts,89.36,67.14,61.33,53.97,60.65,66.49,3,81.82,Pass
STU1443,Mia,Male,Grade 4,Math's,50.51,69.18,33.46,56.63,63.45,54.65,2,70.52,Pass
STU1444,Mason,Male,Grade 4,Math's,47.85,52.16,75.48,65.28,62.07,60.57,3,85.38,Pass
STU1445,Damon,Male,Grade 5,Phys.Ed,81.25,91.34,88.67,78.07,58.42,79.55,4,86.41,Pass
STU1446,Emma,Male,Grade 2,English,53.59,63.54,62.37,65.35,62.76,61.52,3,79.35,Pass
STU1447,Mack,Male,Grade 5,Math's,47.41,72.52,76.37,72.26,75.11,68.74,3,82.93,Pass
STU1448,Tyler,Male,Grade 1,Math's,47.17,59.48,77.67,50.54,26.13,52.2,2,80.68,Pass
STU1449,Emma,Female,Grade 5,Math's,71.5,64.88,66.7,54.89,81.58,67.91,3,87.41,Pass
STU1450,Mia,Female,Grade 1,Science,65.09,91.49,72.57,55.63,100.0,76.96,4,80.98,Pass
STU1451,Zen,Female,Grade 5,Math's,77.08,72.96,66.41,84.32,75.54,75.26,4,77.24,Pass
STU1452,Tyler,Female,Grade 1,English,43.24,76.21,80.42,68.3,69.65,67.57,3,82.94,Pass
STU1453,Ava,Male,Grade 1,English,54.69,58.34,35.23,68.75,69.81,57.36,3,91.78,Fail
STU1454,Noah,Female,Grade 2,Math's,72.74,70.6,77.14,59.53,60.1,68.02,3,92.62,Pass
STU1455,Cal,Female,Grade 5,Arts,48.87,63.74,60.19,66.08,86.47,65.07,3,92.9,Pass
STU1456,Michal,Female,Grade 5,Math's,47.04,51.2,52.6,60.68,52.47,52.8,2,92.33,Pass
STU1457,Michal,Male,Grade 5,English,80.59,68.4,75.69,54.8,67.16,69.33,3,71.39,Pass
STU1458,Cal,Female,Grade 3,Math's,50.92,75.17,43.46,67.76,59.53,59.37,3,81.15,Pass
STU1459,Ethan,Male,Grade 2,Phys.Ed,62.21,58.93,58.87,50.77,65.48,59.25,3,86.45,Pass
STU1460,Olivia,Male,Grade 3,Phys.Ed,86.52,96.69,52.72,72.64,96.83,81.08,4,91.97,Pass
STU1461,Mason,Female,Grade 1,Science,33.83,71.34,47.12,59.76,65.37,55.49,3,88.43,Pass
STU1462,Mason,Male,Grade 5,Phys.Ed,65.01,42.54,62.51,61.66,75.26,61.4,3,80.62,Fail
STU1463,Ethan,Male,Grade 2,English,47.58,70.88,42.26,50.73,49.46,52.18,2,100.0,Pass
STU1464,Mason,Female,Grade 1,English,72.77,84.91,75.91,59.07,45.03,67.54,3,97.34,Pass
STU1465,Tyler,Male,Grade 2,Science,69.03,58.45,41.56,75.17,74.34,63.71,3,68.89,Pass
STU1466,Zen,Female,Grade 1,Arts,58.21,67.55,56.77,60.01,60.6,60.63,3,76.21,Fail
STU1467,Noah,Male,Grade 5,Arts,63.37,74.16,43.06,43.0,49.06,54.53,2,95.22,Pass
STU1468,Mia,Female,Grade 5,Arts,93.59,76.7,74.23,63.04,54.61,72.43,4,90.09,Pass
STU1469,Jack,Male,Grade 1,Science,77.73,73.86,86.38,72.17,57.06,73.44,4,65.6,Pass
STU1470,Robert,Female,Grade 2,Phys.Ed,55.56,46.99,50.32,54.73,48.56,51.23,2,94.62,Pass
STU1471,Noah,Female,Grade 2,Phys.Ed,63.57,63.97,90.1,66.97,33.57,63.63,3,73.88,Pass
STU1472,Mack,Male,Grade 4,Science,59.95,80.44,54.66,50.04,49.94,59.01,3,90.28,Pass
STU1473,Michal,Female,Grade 4,Phys.Ed,48.86,54.79,67.95,56.26,66.73,58.92,3,74.06,Pass
STU1474,Emma,Male,Grade 4,Science,80.57,60.3,68.09,70.4,69.88,69.85,3,97.58,Pass
STU1475,Sophia,Female,Grade 2,English,48.86,78.0,58.52,84.03,58.38,65.56,3,87.33,Pass
STU1476,Robert,Female,Grade 2,English,49.63,74.9,70.49,46.02,57.22,59.65,3,65.04,Pass
STU1477,Michal,Female,Grade 4,English,68.63,40.95,46.54,39.58,81.61,55.46,3,83.8,Pass
STU1478,Damon,Female,Grade 2,Math's,76.68,77.82,42.78,59.11,48.47,60.97,3,76.94,Pass
STU1479,Ava,Male,Grade 3,English,41.42,74.5,34.58,59.11,36.55,49.23,2,87.28,Pass
STU1480,Damon,Male,Grade 1,Arts,85.38,35.29,68.3,54.81,91.1,66.98,3,96.37,Pass
STU1481,Mack,Female,Grade 4,Arts,45.51,69.7,45.72,66.32,67.68,58.99,3,80.69,Pass
STU1482,Robert,Male,Grade 2,Math's,75.87,53.2,39.44,65.58,49.97,56.81,3,78.87,Pass
STU1483,Tyler,Female,Grade 5,Arts,74.76,89.15,43.25,36.96,58.56,60.53,3,100.0,Pass
STU1484,Mack,Female,Grade 4,Phys.Ed,54.8,56.02,32.62,52.14,73.7,53.86,2,79.23,Pass
STU1485,Robert,Female,Grade 2,Science,70.23,57.96,48.35,53.59,44.67,54.96,2,91.2,Pass
STU1486,Noah,Male,Grade 5,Phys.Ed,76.2,77.49,60.1,42.67,82.35,67.76,3,78.67,Pass
STU1487,Shawn,Male,Grade 5,Math's,75.28,41.11,59.89,54.19,62.26,58.55,3,74.51,Pass
STU1488,Liam,Male,Grade 1,Phys.Ed,73.31,76.12,38.2,73.0,47.03,61.53,3,83.79,Pass
STU1489,Olivia,Female,Grade 3,English,77.65,36.46,54.24,48.78,67.95,57.02,3,83.73,Pass
STU1490,Michal,Female,Grade 2,English,67.79,74.7,60.91,36.92,69.65,61.99,3,78.15,Pass
STU1491,Lucas,Male,Grade 4,Arts,55.69,67.26,59.33,50.91,89.93,64.62,3,72.1,Pass
STU1492,Liam,Female,Grade 5,Phys.Ed,55.76,58.39,23.63,62.71,67.81,53.66,2,83.62,Pass
STU1493,Jack,Male,Grade 1,English,62.44,97.37,43.03,56.59,69.61,65.81,3,78.3,Pass
STU1494,Robert,Male,Grade 5,Science,57.39,56.88,61.04,73.18,58.0,61.3,3,80.94,Pass
STU1495,Ava,Female,Grade 2,Math's,66.86,74.89,52.31,38.84,81.95,62.97,3,84.71,Fail
STU1496,Mason,Female,Grade 1,Phys.Ed,20.41,94.98,51.38,90.27,69.04,65.22,3,82.38,Pass
STU1497,Mack,Male,Grade 5,Phys.Ed,48.76,65.42,35.29,70.02,75.02,58.9,3,71.97,Pass
STU1498,Emma,Male,Grade 1,Arts,100.0,52.71,31.57,81.23,56.89,64.48,3,87.28,Pass
STU1499,Liam,Male,Grade 5,Science,62.68,66.89,42.52,70.34,85.62,65.61,3,94.57,Pass
STU1500,Hudson,Male,Grade 5,Math's,59.77,72.73,87.38,62.22,65.3,69.48,3,84.14,Pass
STU1501,Mason,Male,Grade 1,Arts,64.21,81.92,43.6,58.54,86.75,67.0,3,78.59,Fail
STU1502,Mason,Male,Grade 3,English,64.37,83.79,93.55,64.04,44.19,69.99,3,85.17,Pass
STU1503,Cal,Male,Grade 5,English,64.06,58.15,43.68,59.6,38.98,52.89,2,87.16,Pass
STU1504,Noah,Male,Grade 5,Science,74.45,48.1,23.67,71.39,41.57,51.84,2,90.63,Pass
STU1505,Sophia,Female,Grade 2,Arts,48.82,74.06,47.53,74.31,49.68,58.88,3,86.8,Pass
STU1506,Olivia,Male,Grade 1,Phys.Ed,89.82,81.65,84.7,51.74,56.87,72.96,4,83.97,Pass
STU1507,Sophia,Female,Grade 2,Math's,63.39,60.4,7.59,43.66,75.4,50.09,2,100.0,Pass
STU1508,Zen,Female,Grade 5,Science,94.22,57.78,24.0,35.82,84.15,59.2,3,83.62,Pass
STU1509,Noah,Female,Grade 1,English,76.74,52.54,52.37,54.15,66.47,60.45,3,84.26,Pass
STU1510,Michal,Female,Grade 1,English,17.69,58.68,44.4,65.19,100.0,57.19,3,89.56,Pass
STU1511,Mason,Female,Grade 1,Science,69.9,81.44,54.75,72.09,79.19,71.47,4,85.96,Pass
STU1512,Emma,Male,Grade 5,Arts,73.11,79.79,64.14,49.48,70.23,67.35,3,90.3,Pass
STU1513,Noah,Male,Grade 1,Phys.Ed,64.02,71.5,38.58,59.55,43.35,55.4,3,84.45,Pass
STU1514,Hudson,Male,Grade 5,Science,68.4,56.84,61.99,74.29,48.01,61.91,3,73.36,Pass
STU1515,Emma,Female,Grade 4,Phys.Ed,66.96,60.25,40.86,58.78,66.03,58.58,3,67.0,Pass
STU1516,Jack,Male,Grade 2,Phys.Ed,99.21,59.04,58.47,45.01,50.05,62.36,3,99.22,Pass
STU1517,Hudson,Female,Grade 2,Phys.Ed,56.88,65.11,76.62,66.41,56.34,64.27,3,82.93,Not Attended
STU1518,Liam,Female,Grade 2,Phys.Ed,48.68,80.39,27.09,80.41,57.51,58.82,3,77.82,Pass
STU1519,Sophia,Male,Grade 1,Phys.Ed,78.76,73.03,79.56,40.4,54.65,65.28,3,76.71,Pass
STU1520,Mack,Male,Grade 5,Science,74.68,73.5,44.48,53.96,83.7,66.06,3,77.8,Pass
STU1521,Jack,Male,Grade 3,English,80.93,69.47,72.8,66.45,54.84,68.9,3,79.2,Pass
STU1522,Ava,Male,Grade 2,Phys.Ed,68.9,69.52,59.17,55.91,37.74,58.25,3,91.71,Pass
STU1523,Mia,Male,Grade 5,English,61.21,74.12,72.06,49.67,47.17,60.85,3,76.67,Pass
STU1524,Liam,Female,Grade 5,Math's,47.75,69.77,100.0,54.94,56.06,65.71,3,88.48,Pass
STU1525,Sophia,Female,Grade 5,English,74.93,56.79,57.55,66.51,85.19,68.19,3,78.35,Pass
STU1526,Sophia,Female,Grade 5,Math's,83.04,61.18,72.9,66.13,59.95,68.64,3,70.73,Pass
STU1527,Liam,Female,Grade 4,Phys.Ed,82.59,64.04,58.79,62.29,43.51,62.25,3,85.13,Pass
STU1528,Mason,Female,Grade 5,English,50.19,59.42,55.75,55.12,22.2,48.54,2,87.09,Pass
STU1529,Cal,Female,Grade 5,Phys.Ed,70.15,88.43,45.81,50.56,20.12,55.01,3,81.65,Pass
STU1530,Liam,Female,Grade 2,Phys.Ed,66.31,38.29,72.49,69.69,84.75,66.31,3,75.84,Fail
STU1531,Mack,Female,Grade 1,English,59.31,75.95,74.64,64.3,91.29,73.1,4,94.83,Pass
STU1532,Emma,Female,Grade 3,Math's,73.96,63.21,41.75,51.37,52.28,56.51,3,98.03,Pass
STU1533,Emma,Female,Grade 1,Arts,68.21,73.42,44.37,46.99,79.82,62.56,3,73.2,Pass
STU1534,Jack,Male,Grade 1,English,70.01,33.64,80.17,69.82,79.18,66.57,3,91.17,Pass
STU1535,Liam,Male,Grade 2,Math's,33.65,84.88,45.65,41.1,34.97,48.05,2,98.41,Pass
STU1536,Michal,Male,Grade 4,English,75.33,92.67,41.39,75.06,48.93,66.67,3,78.29,Pass
STU1537,Michal,Female,Grade 5,Arts,57.0,56.69,42.85,78.1,43.8,55.69,3,82.66,Pass
STU1538,Tyler,Male,Grade 2,English,68.89,55.91,70.66,51.67,18.78,53.18,2,74.13,Pass
STU1539,Olivia,Male,Grade 1,Arts,87.76,70.78,84.25,68.56,78.0,77.87,4,92.81,Pass
STU1540,Hudson,Male,Grade 1,Math's,71.76,71.25,44.25,45.85,65.09,59.64,3,89.74,Pass
STU1541,Emma,Female,Grade 4,Science,50.07,75.37,61.31,73.72,57.83,63.66,3,89.92,Pass
STU1542,Shawn,Male,Grade 5,Science,88.77,77.2,86.97,74.5,53.38,76.16,4,71.68,Pass
STU1543,Mason,Female,Grade 3,Phys.Ed,100.0,59.94,70.64,53.82,69.5,70.78,4,83.0,Not Attended
STU1544,Hudson,Male,Grade 5,Phys.Ed,67.01,60.68,70.0,71.32,69.07,67.62,3,77.31,Fail
STU1545,Hudson,Male,Grade 5,Science,84.62,73.16,70.92,48.08,74.8,70.32,4,86.2,Pass
STU1546,Mia,Female,Grade 5,Arts,38.24,85.94,62.86,56.25,56.95,60.05,3,67.88,Pass
STU1547,Robert,Female,Grade 5,Math's,58.26,75.53,49.86,77.37,80.23,68.25,3,81.2,Not Attended
STU1548,Cal,Female,Grade 3,Science,46.0,69.31,57.88,55.62,49.17,55.59,3,86.19,Pass
STU1549,Lucas,Male,Grade 2,Science,82.62,63.53,77.32,56.59,92.21,74.46,4,92.62,Pass
STU1550,Robert,Male,Grade 2,Arts,68.73,48.71,66.36,76.33,74.02,66.83,3,90.87,Pass
STU1551,Hudson,Male,Grade 1,Phys.Ed,57.86,56.5,100.0,60.13,91.96,73.29,4,86.75,Pass
STU1552,Lucas,Female,Grade 5,Science,57.89,74.03,66.58,69.28,87.43,71.04,4,80.23,Pass
STU1553,Mack,Male,Grade 5,Phys.Ed,66.77,65.45,35.36,64.82,79.45,62.37,3,75.19,Fail
STU1554,Michal,Female,Grade 1,Phys.Ed,58.56,71.96,87.22,47.1,75.7,68.11,3,81.14,Pass
STU1555,Mia,Male,Grade 5,Math's,52.17,72.99,55.9,69.57,45.05,59.14,3,89.58,Pass
STU1556,Hudson,Male,Grade 4,Arts,45.69,63.09,58.13,49.13,43.19,51.85,2,94.85,Pass
STU1557,Cal,Male,Grade 5,Phys.Ed,43.61,57.89,97.2,63.87,53.11,63.14,3,89.44,Pass
STU1558,Robert,Female,Grade 1,Science,47.98,86.02,77.29,66.95,58.77,67.4,3,86.28,Pass
STU1559,Ethan,Male,Grade 5,Phys.Ed,52.01,57.76,87.49,67.84,52.11,63.44,3,81.51,Pass
STU1560,Michal,Male,Grade 5,English,74.61,42.49,59.34,60.87,58.43,59.15,3,79.6,Pass
STU1561,Lucas,Female,Grade 4,Math's,58.28,46.52,50.28,70.55,75.99,60.32,3,87.3,Pass
STU1562,Cal,Male,Grade 2,Science,54.62,62.74,61.39,69.37,73.0,64.22,3,93.09,Pass
STU1563,Mia,Female,Grade 4,Science,62.74,47.82,47.24,69.26,64.17,58.25,3,78.38,Pass
STU1564,Emma,Female,Grade 5,English,61.22,53.78,62.97,74.59,60.31,62.57,3,85.2,Fail
STU1565,Hudson,Male,Grade 5,English,68.7,57.04,39.57,66.93,65.26,59.5,3,82.99,Pass
STU1566,Shawn,Female,Grade 5,Science,34.47,63.49,77.27,56.62,39.4,54.25,2,82.68,Fail
STU1567,Jack,Female,Grade 4,Science,49.14,72.89,73.92,48.32,51.71,59.2,3,90.05,Pass
STU1568,Mia,Female,Grade 2,English,66.64,56.42,60.09,79.33,47.42,61.98,3,68.39,Pass
STU1569,Emma,Female,Grade 5,English,74.59,35.08,48.25,88.81,72.33,63.81,3,89.41,Pass
STU1570,Cal,Male,Grade 5,Arts,71.23,80.8,31.17,55.97,60.23,59.88,3,80.25,Pass
STU1571,Tyler,Female,Grade 4,Science,43.67,66.19,34.13,76.94,58.02,55.79,3,78.45,Pass
STU1572,Ava,Male,Grade 2,English,89.94,81.12,58.55,47.61,69.88,69.42,3,82.45,Pass
STU1573,Jack,Male,Grade 4,Phys.Ed,47.91,66.56,74.16,83.92,51.24,64.76,3,91.25,Pass
STU1574,Ethan,Male,Grade 5,Phys.Ed,54.2,69.43,79.95,47.47,31.66,56.54,3,92.64,Pass
STU1575,Noah,Male,Grade 4,Math's,91.25,77.71,42.52,43.45,50.54,61.09,3,85.38,Pass
STU1576,Liam,Male,Grade 1,Science,69.92,77.72,61.4,67.08,65.92,68.41,3,77.77,Pass
STU1577,Mia,Female,Grade 3,Science,48.88,64.02,43.94,75.87,54.97,57.54,3,87.52,Pass
STU1578,Ethan,Male,Grade 1,Arts,47.35,96.88,53.07,78.23,75.94,70.29,4,76.34,Pass
STU1579,Tyler,Male,Grade 3,Science,63.17,60.82,71.66,70.17,66.49,66.46,3,84.79,Pass
STU1580,Mason,Female,Grade 3,Science,57.01,52.52,65.21,76.78,58.63,62.03,3,77.28,Pass
STU1581,Ethan,Female,Grade 5,Arts,75.12,63.99,89.87,83.92,73.63,77.3,4,72.26,Pass
STU1582,Lucas,Male,Grade 5,Math's,78.74,74.45,47.07,56.38,68.38,65.01,3,78.21,Not Attended
STU1583,Ethan,Male,Grade 2,English,67.82,54.92,85.12,51.86,90.54,70.05,4,73.8,Pass
STU1584,Mason,Female,Grade 2,Arts,79.36,34.42,76.68,59.94,86.07,67.3,3,77.38,Pass
STU1585,Sophia,Male,Grade 5,Arts,54.97,37.89,58.29,63.78,59.91,54.97,2,86.29,Pass
STU1586,Tyler,Female,Grade 1,English,58.44,45.1,82.02,49.33,43.12,55.6,3,84.33,Fail
STU1587,Hudson,Female,Grade 5,Arts,98.28,65.56,82.43,47.14,24.63,63.61,3,72.73,Pass
STU1588,Mia,Female,Grade 5,Arts,55.65,69.33,72.35,58.01,36.45,58.36,3,87.21,Fail
STU1589,Emma,Female,Grade 5,Math's,57.65,53.68,74.9,70.63,64.61,64.29,3,100.0,Pass
STU1590,Ava,Female,Grade 4,Phys.Ed,77.8,81.5,40.11,59.52,44.87,60.76,3,74.67,Pass
STU1591,Mason,Male,Grade 1,Math's,70.89,54.13,81.29,70.64,56.4,66.67,3,81.0,Pass
STU1592,Noah,Male,Grade 5,Math's,52.67,62.29,71.96,52.96,51.55,58.29,3,80.44,Pass
STU1593,Shawn,Female,Grade 5,Arts,78.46,45.76,53.58,65.34,63.87,61.4,3,90.1,Fail
STU1594,Shawn,Male,Grade 4,English,58.34,42.73,52.0,64.06,63.99,56.23,3,89.15,Pass
STU1595,Michal,Male,Grade 1,Math's,70.69,65.76,50.36,64.84,69.64,64.26,3,85.81,Pass
STU1596,Mia,Female,Grade 5,English,78.35,54.28,62.16,81.03,65.53,68.27,3,100.0,Pass
STU1597,Ava,Female,Grade 3,English,61.43,83.94,60.86,41.24,69.88,63.47,3,77.57,Pass
STU1598,Sophia,Male,Grade 5,Math's,70.14,83.62,68.69,68.58,70.57,72.32,4,84.81,Pass
STU1599,Mason,Female,Grade 4,Math's,37.64,79.94,38.49,64.1,70.82,58.2,3,87.0,Fail
STU1600,Olivia,Male,Grade 5,Arts,55.02,70.51,53.67,79.39,70.02,65.72,3,89.22,Pass
STU1601,Lucas,Male,Grade 2,Science,66.34,68.31,71.61,55.65,51.69,62.72,3,93.45,Pass
STU1602,Mack,Female,Grade 2,Arts,76.97,60.35,81.81,48.61,61.03,65.75,3,80.08,Pass
STU1603,Cal,Male,Grade 3,Arts,68.29,64.24,52.75,49.45,81.96,63.34,3,78.05,Pass
STU1604,Hudson,Male,Grade 5,Math's,62.29,44.76,72.01,63.17,79.03,64.25,3,84.0,Pass
STU1605,Noah,Female,Grade 5,Arts,86.31,63.25,62.31,63.69,72.44,69.6,3,69.45,Fail
STU1606,Zen,Female,Grade 2,Arts,63.92,73.2,87.92,62.55,87.55,75.03,4,88.67,Pass
STU1607,Ethan,Female,Grade 2,Science,70.78,53.55,79.92,53.72,60.02,63.6,3,94.07,Pass
STU1608,Mason,Male,Grade 5,Science,69.65,70.5,43.18,65.75,94.66,68.75,3,72.88,Pass
STU1609,Liam,Female,Grade 5,English,45.92,64.8,44.43,49.65,55.19,52.0,2,85.27,Pass
STU1610,Damon,Female,Grade 5,Math's,68.69,82.39,59.75,51.61,59.63,64.42,3,81.06,Pass
STU1611,Cal,Female,Grade 1,Arts,55.48,41.98,65.4,69.1,86.97,63.79,3,90.88,Pass
STU1612,Mia,Female,Grade 4,Phys.Ed,79.0,51.72,43.51,75.63,43.95,58.76,3,90.68,Pass
STU1613,Noah,Male,Grade 2,Math's,91.37,77.88,66.12,66.46,63.98,73.16,4,84.13,Pass
STU1614,Hudson,Female,Grade 1,Arts,70.12,45.66,42.55,71.21,63.89,58.69,3,89.2,Pass
STU1615,Shawn,Female,Grade 5,English,72.83,56.88,57.59,50.53,54.23,58.41,3,86.13,Fail
STU1616,Mia,Male,Grade 1,English,54.48,62.58,33.64,74.6,71.16,59.29,3,90.34,Pass
STU1617,Ava,Female,Grade 5,English,51.97,64.07,60.72,74.04,34.5,57.06,3,93.75,Pass
STU1618,Shawn,Male,Grade 5,Phys.Ed,84.66,65.35,41.92,60.82,72.46,65.04,3,79.71,Pass
STU1619,Mack,Female,Grade 4,Arts,60.72,93.18,79.88,54.84,66.3,70.98,4,83.98,Pass
STU1620,Olivia,Male,Grade 5,Science,81.46,54.91,51.26,60.93,41.59,58.03,3,98.12,Fail
STU1621,Noah,Female,Grade 5,Math's,66.63,68.94,70.71,66.41,61.19,66.77,3,75.99,Pass
STU1622,Robert,Female,Grade 5,Arts,63.48,63.19,60.32,93.38,67.99,69.67,3,89.16,Pass
STU1623,Mason,Male,Grade 3,English,77.83,61.32,42.72,65.38,45.33,58.52,3,88.29,Pass
STU1624,Mia,Male,Grade 1,Math's,59.05,76.19,64.21,53.65,48.4,60.3,3,77.47,Pass
STU1625,Lucas,Female,Grade 2,English,64.83,40.79,35.91,47.54,54.47,48.71,2,72.14,Pass
STU1626,Mia,Female,Grade 5,Arts,73.54,71.73,69.9,74.57,57.6,69.46,3,92.6,Pass
STU1627,Shawn,Male,Grade 1,Math's,57.05,87.77,76.65,74.77,76.12,74.47,4,91.57,Pass
STU1628,Ava,Male,Grade 5,English,55.12,99.87,48.17,55.03,68.75,65.39,3,85.64,Pass
STU1629,Damon,Female,Grade 5,Science,100.0,89.25,75.18,46.29,61.82,74.51,4,89.28,Pass
STU1630,Hudson,Male,Grade 3,Phys.Ed,50.67,84.69,72.58,54.91,66.6,65.89,3,84.4,Fail
STU1631,Ava,Male,Grade 2,Science,61.62,75.66,63.98,69.48,53.18,64.78,3,83.43,Pass
STU1632,Emma,Male,Grade 2,Phys.Ed,32.39,56.63,15.34,47.41,71.72,44.7,2,85.44,Pass
STU1633,Sophia,Female,Grade 5,Math's,27.25,54.78,61.04,70.95,75.83,57.97,3,87.8,Pass
STU1634,Jack,Male,Grade 1,Arts,56.48,59.27,31.3,67.28,80.32,58.93,3,96.93,Pass
STU1635,Noah,Female,Grade 5,Phys.Ed,36.54,80.58,27.67,56.91,59.41,52.22,2,83.44,Not Attended
STU1636,Michal,Female,Grade 4,Science,80.02,61.29,25.56,66.89,76.8,62.11,3,90.83,Pass
STU1637,Michal,Male,Grade 5,English,75.7,72.73,69.83,64.63,57.56,68.09,3,75.54,Pass
STU1638,Lucas,Female,Grade 5,Science,71.54,64.24,100.0,85.33,38.72,71.96,4,89.25,Pass
STU1639,Noah,Female,Grade 5,Math's,71.02,92.07,56.17,57.92,72.77,69.99,3,81.36,Pass
STU1640,Mia,Male,Grade 4,English,57.2,58.44,43.21,53.47,57.39,53.94,2,80.1,Pass
STU1641,Emma,Male,Grade 2,Math's,70.89,74.82,58.95,58.11,70.22,66.6,3,86.13,Pass
STU1642,Olivia,Female,Grade 2,Science,51.99,66.47,66.46,82.37,54.4,64.34,3,90.2,Fail
STU1643,Shawn,Female,Grade 5,Math's,66.59,84.14,70.37,48.9,35.43,61.09,3,86.49,Pass
STU1644,Mack,Female,Grade 2,Math's,61.28,74.04,88.18,65.95,73.0,72.49,4,89.41,Pass
STU1645,Olivia,Male,Grade 1,Phys.Ed,73.31,84.19,60.87,41.06,83.89,68.67,3,72.22,Pass
STU1646,Emma,Male,Grade 5,English,68.63,74.28,52.16,44.21,86.25,65.11,3,88.48,Pass
STU1647,Shawn,Female,Grade 4,Phys.Ed,78.46,60.66,74.91,69.02,73.17,71.24,4,74.44,Pass
STU1648,Cal,Female,Grade 5,Phys.Ed,88.68,67.4,79.48,43.16,51.54,66.05,3,87.51,Pass
STU1649,Robert,Female,Grade 3,Arts,59.14,64.9,84.1,74.07,93.13,75.07,4,88.4,Pass
STU1650,Mack,Female,Grade 1,Arts,79.96,75.73,64.74,60.96,46.06,65.49,3,66.55,Fail
STU1651,Liam,Female,Grade 2,Phys.Ed,68.97,64.83,90.34,75.79,78.35,75.66,4,90.06,Pass
STU1652,Mia,Male,Grade 5,Science,61.65,67.15,59.96,45.58,56.46,58.16,3,85.77,Pass
STU1653,Damon,Male,Grade 5,Science,39.45,41.47,74.71,43.72,79.99,55.87,3,80.43,Not Attended
STU1654,Sophia,Male,Grade 2,Science,87.03,59.72,52.91,61.8,56.37,63.57,3,87.34,Pass
STU1655,Robert,Female,Grade 1,Math's,50.14,67.2,51.26,57.98,67.29,58.78,3,92.48,Fail
STU1656,Mack,Male,Grade 5,Science,47.46,61.55,95.45,45.0,71.45,64.18,3,85.0,Pass
STU1657,Shawn,Female,Grade 4,English,68.5,46.87,70.02,53.02,50.91,57.86,3,76.2,Fail
STU1658,Zen,Female,Grade 2,English,75.81,80.95,39.36,42.63,51.37,58.02,3,92.36,Pass
STU1659,Michal,Male,Grade 5,Math's,25.88,69.32,72.19,51.65,69.01,57.61,3,80.49,Pass
STU1660,Mia,Male,Grade 1,English,68.13,24.89,36.37,34.75,65.81,45.99,2,85.92,Pass
STU1661,Damon,Female,Grade 5,Phys.Ed,45.25,89.66,33.18,65.48,43.06,55.32,3,89.79,Pass
STU1662,Tyler,Female,Grade 2,Math's,78.59,67.09,46.59,54.52,100.0,69.36,3,77.0,Pass
STU1663,Mason,Female,Grade 5,Math's,61.66,63.25,86.23,47.51,53.06,62.34,3,68.67,Pass
STU1664,Damon,Male,Grade 3,Science,71.54,70.86,100.0,66.45,55.56,72.88,4,79.51,Pass
STU1665,Mia,Male,Grade 5,Math's,52.8,54.7,87.29,43.88,29.91,53.72,2,74.78,Pass
STU1666,Olivia,Male,Grade 1,Science,48.54,83.32,77.83,79.46,81.88,74.21,4,84.08,Pass
STU1667,Sophia,Male,Grade 3,Arts,67.54,67.35,53.94,59.89,91.31,68.01,3,66.56,Pass
STU1668,Shawn,Male,Grade 5,English,56.32,78.1,66.02,50.64,63.74,62.96,3,73.37,Pass
STU1669,Ethan,Male,Grade 4,Arts,49.05,42.8,67.72,57.61,60.48,55.53,3,90.45,Pass
STU1670,Michal,Male,Grade 3,English,69.72,63.19,58.55,73.98,84.45,69.98,3,76.53,Pass
STU1671,Shawn,Female,Grade 2,Arts,79.36,82.09,72.03,47.45,68.01,69.79,3,89.34,Pass
STU1672,Olivia,Male,Grade 5,Phys.Ed,38.77,77.13,61.72,70.37,52.85,60.17,3,89.16,Pass
STU1673,Noah,Male,Grade 1,Arts,49.45,79.5,43.43,63.0,70.2,61.11,3,74.09,Pass
STU1674,Olivia,Male,Grade 5,English,67.95,57.42,67.19,72.23,61.81,65.32,3,79.43,Pass
STU1675,Lucas,Male,Grade 5,English,49.49,61.45,54.33,56.75,74.56,59.32,3,81.47,Pass
STU1676,Damon,Female,Grade 4,Science,71.89,53.58,78.02,47.19,43.4,58.82,3,91.14,Pass
STU1677,Ethan,Female,Grade 1,English,60.77,91.41,61.81,80.86,66.53,72.27,4,80.9,Pass
STU1678,Mason,Female,Grade 4,Science,52.36,72.59,54.73,37.13,77.98,58.96,3,92.76,Pass
STU1679,Olivia,Male,Grade 5,Science,73.73,62.09,87.44,49.6,53.71,65.31,3,85.02,Pass
STU1680,Shawn,Female,Grade 3,Arts,74.6,65.47,34.37,56.0,60.48,58.18,3,74.13,Pass
STU1681,Emma,Male,Grade 2,Math's,70.27,52.0,79.5,76.88,48.94,65.52,3,82.52,Fail
STU1682,Olivia,Male,Grade 3,Science,57.23,62.28,34.79,55.18,69.84,55.86,3,81.77,Pass
STU1683,Lucas,Female,Grade 5,Phys.Ed,66.48,82.61,51.92,51.6,94.17,69.36,3,82.56,Pass
STU1684,Olivia,Female,Grade 5,Math's,68.94,65.6,85.09,41.26,56.36,63.45,3,100.0,Pass
STU1685,Ava,Female,Grade 5,English,48.61,71.3,42.26,46.28,46.31,50.95,2,78.32,Pass
STU1686,Noah,Male,Grade 5,Arts,75.42,65.51,58.91,58.8,70.11,65.75,3,92.96,Not Attended
STU1687,Michal,Male,Grade 1,Arts,59.73,73.46,37.67,71.23,66.46,61.71,3,75.74,Pass
STU1688,Mack,Female,Grade 4,Phys.Ed,33.2,47.84,45.57,60.19,32.06,43.77,2,88.8,Pass
STU1689,Ethan,Female,Grade 1,Phys.Ed,55.48,87.87,59.51,23.36,55.92,56.43,3,100.0,Pass
STU1690,Robert,Female,Grade 3,Science,51.26,71.38,59.66,86.2,58.76,65.45,3,57.6,Fail
STU1691,Sophia,Female,Grade 3,Arts,78.63,80.1,37.2,39.48,73.28,61.74,3,66.24,Pass
STU1692,Hudson,Female,Grade 5,English,67.35,67.46,65.07,61.55,40.98,60.48,3,80.85,Pass
STU1693,Tyler,Female,Grade 2,English,81.29,49.77,42.47,45.0,35.93,50.89,2,83.56,Pass
STU1694,Mack,Female,Grade 2,English,64.69,91.89,67.28,32.05,79.9,67.16,3,71.92,Pass
STU1695,Mia,Female,Grade 1,Arts,65.63,47.49,73.61,64.36,86.99,67.61,3,81.83,Pass
STU1696,Olivia,Male,Grade 4,English,80.52,71.99,46.08,68.78,56.81,64.83,3,91.12,Fail
STU1697,Jack,Female,Grade 4,Arts,31.81,76.87,61.87,75.94,66.41,62.58,3,80.3,Pass
STU1698,Zen,Female,Grade 5,Math's,55.68,74.47,84.37,44.03,62.96,64.3,3,83.62,Fail
STU1699,Robert,Female,Grade 5,English,69.35,63.22,77.16,67.25,68.25,69.05,3,70.27,Not Attended
STU1700,Zen,Female,Grade 2,Math's,50.58,43.91,81.94,67.15,56.94,60.11,3,66.83,Pass
STU1701,Michal,Female,Grade 2,Math's,40.94,57.83,60.91,52.17,76.76,57.72,3,78.73,Pass
STU1702,Shawn,Male,Grade 5,English,65.69,52.87,75.36,58.71,65.28,63.58,3,85.75,Pass
STU1703,Jack,Male,Grade 1,Math's,84.31,78.22,55.87,53.03,37.19,61.72,3,80.44,Pass
STU1704,Shawn,Female,Grade 3,English,62.76,67.49,74.53,61.04,74.11,67.98,3,79.69,Pass
STU1705,Ethan,Male,Grade 5,Math's,52.7,70.11,65.88,54.84,75.54,63.81,3,72.82,Fail
STU1706,Tyler,Female,Grade 4,Math's,59.93,54.3,81.13,48.78,68.09,62.45,3,87.31,Pass
STU1707,Lucas,Male,Grade 3,Arts,62.28,53.35,37.34,58.14,69.94,56.21,3,75.05,Pass
STU1708,Emma,Male,Grade 5,Science,70.22,67.58,67.33,58.16,50.11,62.68,3,90.27,Pass
STU1709,Robert,Male,Grade 5,English,54.39,81.68,66.41,61.67,58.97,64.62,3,94.14,Pass
STU1710,Mason,Male,Grade 2,Science,86.25,28.33,62.18,67.34,47.4,58.3,3,86.22,Not Attended
STU1711,Olivia,Male,Grade 5,Math's,100.0,70.74,70.87,49.3,66.44,71.47,4,81.02,Pass
STU1712,Zen,Female,Grade 5,Math's,73.99,59.96,39.28,65.35,74.71,62.66,3,82.93,Fail
STU1713,Olivia,Female,Grade 3,English,86.59,69.1,78.24,51.36,82.36,73.53,4,91.16,Fail
STU1714,Robert,Female,Grade 3,Arts,54.11,73.34,60.36,65.94,74.01,65.55,3,87.99,Pass
STU1715,Liam,Female,Grade 1,Science,72.31,49.74,47.92,58.98,72.48,60.29,3,79.2,Fail
STU1716,Emma,Male,Grade 2,Arts,50.51,49.92,39.22,46.61,68.74,51.0,2,100.0,Pass
STU1717,Cal,Female,Grade 1,Math's,65.04,62.09,65.99,54.1,52.11,59.87,3,82.54,Pass
STU1718,Lucas,Female,Grade 5,Phys.Ed,71.63,55.36,41.57,73.21,47.15,57.78,3,79.15,Pass
STU1719,Michal,Male,Grade 1,Phys.Ed,70.52,81.36,71.18,50.16,59.47,66.54,3,79.88,Pass
STU1720,Ava,Female,Grade 2,Science,88.25,44.18,39.56,57.86,93.8,64.73,3,81.53,Pass
STU1721,Hudson,Female,Grade 5,Math's,72.96,44.01,53.9,36.36,48.84,51.22,2,72.6,Pass
STU1722,Olivia,Female,Grade 5,Phys.Ed,88.42,49.07,28.37,81.69,72.3,63.97,3,85.01,Pass
STU1723,Ethan,Female,Grade 1,English,99.7,64.41,73.28,65.11,69.66,74.43,4,95.81,Pass
STU1724,Mack,Male,Grade 2,Math's,59.37,52.21,59.97,68.9,76.25,63.34,3,82.53,Pass
STU1725,Zen,Male,Grade 3,Science,96.88,73.94,52.25,66.55,60.56,70.04,4,67.29,Fail
STU1726,Michal,Male,Grade 5,Science,54.61,72.44,95.56,60.1,80.79,72.7,4,97.37,Fail
STU1727,Mia,Female,Grade 3,English,42.68,75.82,65.76,60.08,62.4,61.35,3,85.1,Pass
STU1728,Damon,Female,Grade 4,Math's,43.89,88.83,100.0,75.77,50.04,71.71,4,65.39,Pass
STU1729,Damon,Male,Grade 5,Science,47.49,61.75,42.58,54.21,66.21,54.45,2,88.09,Fail
STU1730,Sophia,Female,Grade 5,Math's,53.2,56.92,62.39,54.39,85.11,62.4,3,93.5,Pass
STU1731,Shawn,Female,Grade 5,English,59.74,57.48,38.84,60.5,56.53,54.62,2,89.51,Pass
STU1732,Lucas,Female,Grade 4,Math's,51.09,48.91,52.29,73.82,57.04,56.63,3,96.52,Pass
STU1733,Hudson,Male,Grade 5,Phys.Ed,40.16,60.3,61.14,51.81,78.53,58.39,3,79.9,Pass
STU1734,Lucas,Female,Grade 1,Math's,66.45,78.69,56.7,69.04,57.9,65.76,3,81.23,Pass
STU1735,Shawn,Female,Grade 2,Science,72.27,57.7,80.17,56.44,81.3,69.58,3,80.66,Pass
STU1736,Mason,Female,Grade 4,Science,62.49,81.92,85.52,41.7,75.23,69.37,3,97.08,Fail
STU1737,Ava,Female,Grade 1,Science,67.75,37.69,57.82,58.77,74.42,59.29,3,93.41,Pass
STU1738,Damon,Female,Grade 2,Science,66.59,55.14,49.09,89.59,52.16,62.51,3,71.48,Pass
STU1739,Jack,Male,Grade 5,Phys.Ed,57.63,72.59,81.43,57.61,73.48,68.54,3,88.52,Pass
STU1740,Mason,Female,Grade 2,Science,60.08,77.73,40.61,49.91,63.3,58.33,3,80.51,Not Attended
STU1741,Mason,Female,Grade 5,Math's,49.23,85.73,63.52,43.28,55.04,59.36,3,91.51,Pass
STU1742,Tyler,Male,Grade 3,Arts,51.08,71.47,60.63,62.88,24.52,54.11,2,84.13,Fail
STU1743,Lucas,Male,Grade 2,Phys.Ed,70.0,86.24,36.16,67.16,82.52,68.41,3,89.56,Pass
STU1744,Emma,Female,Grade 3,Science,55.56,82.84,35.02,64.6,70.2,61.64,3,78.32,Pass
STU1745,Ethan,Male,Grade 2,English,40.92,73.32,70.66,56.52,66.87,61.66,3,76.64,Pass
STU1746,Michal,Female,Grade 3,Science,67.69,58.54,60.36,69.88,59.76,63.25,3,76.5,Pass
STU1747,Ethan,Male,Grade 4,Phys.Ed,61.26,55.95,46.18,57.77,70.94,58.42,3,75.49,Pass
STU1748,Emma,Male,Grade 4,Math's,47.08,63.67,80.97,57.57,85.5,66.96,3,89.85,Pass
STU1749,Liam,Male,Grade 5,English,47.31,68.07,85.23,46.4,82.06,65.81,3,73.67,Pass
STU1750,Michal,Female,Grade 3,Math's,71.24,57.44,44.03,40.77,69.24,56.54,3,94.12,Pass
STU1751,Hudson,Male,Grade 4,Math's,76.85,71.23,80.0,59.78,67.24,71.02,4,78.37,Pass
STU1752,Tyler,Male,Grade 4,Phys.Ed,74.7,58.78,48.99,51.25,78.19,62.38,3,74.31,Pass
STU1753,Jack,Male,Grade 1,Phys.Ed,74.35,66.24,84.01,74.7,85.96,77.05,4,95.69,Pass
STU1754,Zen,Female,Grade 5,Arts,57.02,40.18,82.48,71.27,64.69,63.13,3,80.28,Pass
STU1755,Michal,Male,Grade 5,Arts,82.14,62.21,91.88,78.18,53.73,73.63,4,75.11,Pass
STU1756,Shawn,Female,Grade 5,Phys.Ed,56.98,62.88,64.25,57.05,66.93,61.62,3,86.1,Pass
STU1757,Ava,Male,Grade 5,Science,53.21,94.0,65.38,68.35,59.87,68.16,3,78.24,Pass
STU1758,Sophia,Female,Grade 2,Science,22.8,92.96,73.28,56.43,72.69,63.63,3,87.37,Pass
STU1759,Lucas,Male,Grade 4,Math's,62.14,68.31,56.05,63.55,73.15,64.64,3,86.04,Pass
STU1760,Michal,Female,Grade 1,Math's,36.56,90.32,53.62,44.6,54.29,55.88,3,85.66,Pass
STU1761,Ethan,Female,Grade 5,Math's,65.72,40.37,82.86,64.83,77.7,66.3,3,93.11,Pass
STU1762,Mack,Female,Grade 5,English,83.18,59.43,89.93,50.55,85.88,73.8,4,85.61,Pass
STU1763,Olivia,Male,Grade 4,Phys.Ed,52.17,67.27,71.99,89.33,94.68,75.09,4,85.79,Pass
STU1764,Shawn,Female,Grade 3,Phys.Ed,49.36,88.92,88.86,61.86,70.44,71.89,4,79.16,Pass
STU1765,Emma,Male,Grade 5,English,52.92,72.89,57.35,78.01,71.84,66.6,3,85.95,Pass
STU1766,Noah,Female,Grade 5,Arts,63.02,65.62,43.83,80.06,66.98,63.9,3,81.86,Pass
STU1767,Zen,Female,Grade 4,English,71.22,42.01,39.37,50.9,82.15,57.13,3,87.22,Pass
STU1768,Damon,Male,Grade 2,English,56.69,64.84,70.19,72.6,68.16,66.5,3,92.84,Pass
STU1769,Olivia,Male,Grade 3,Science,59.33,54.07,57.13,62.21,61.42,58.83,3,81.87,Pass
STU1770,Ava,Female,Grade 3,Science,43.44,58.54,75.3,68.22,62.34,61.57,3,74.9,Pass
STU1771,Lucas,Male,Grade 5,Phys.Ed,63.82,47.14,61.22,65.31,95.52,66.6,3,86.13,Pass
STU1772,Noah,Male,Grade 4,Phys.Ed,73.55,59.41,53.08,48.88,59.02,58.78,3,76.15,Pass
STU1773,Hudson,Female,Grade 3,Phys.Ed,35.99,70.71,82.72,99.76,77.79,73.4,4,79.88,Pass
STU1774,Hudson,Male,Grade 5,Phys.Ed,40.21,54.7,75.95,64.53,48.13,56.71,3,70.35,Fail
STU1775,Ava,Male,Grade 3,Math's,60.88,59.31,29.28,68.86,72.75,58.22,3,84.45,Pass
STU1776,Mack,Male,Grade 3,Phys.Ed,80.3,64.38,66.1,59.59,68.84,67.84,3,88.31,Pass
STU1777,Emma,Female,Grade 4,Science,36.76,71.69,46.27,78.42,33.34,53.3,2,85.6,Pass
STU1778,Zen,Female,Grade 5,Math's,47.62,57.95,46.84,31.94,65.27,49.92,2,91.48,Pass
STU1779,Jack,Male,Grade 4,Phys.Ed,44.46,46.8,73.16,56.08,51.42,54.39,2,67.78,Pass
STU1780,Shawn,Female,Grade 5,Arts,38.95,100.0,35.87,74.83,61.07,62.15,3,79.47,Not Attended
STU1781,Hudson,Male,Grade 3,Science,37.07,76.01,56.53,71.0,66.58,61.44,3,72.54,Pass
STU1782,Lucas,Male,Grade 5,English,50.79,58.52,38.2,64.99,61.22,54.74,2,100.0,Pass
STU1783,Zen,Female,Grade 3,Math's,75.35,74.24,59.72,48.08,28.15,57.11,3,82.24,Pass
STU1784,Emma,Female,Grade 2,Phys.Ed,72.72,60.31,54.2,63.29,76.55,65.41,3,93.3,Pass
STU1785,Mia,Female,Grade 5,Math's,59.81,84.69,74.01,55.24,37.18,62.18,3,92.86,Pass
STU1786,Liam,Male,Grade 5,Science,67.79,38.08,39.7,67.98,66.99,56.11,3,89.33,Pass
STU1787,Sophia,Female,Grade 5,Arts,64.64,44.91,46.77,50.88,55.59,52.56,2,84.9,Not Attended
STU1788,Sophia,Female,Grade 3,Arts,73.17,64.31,81.19,52.09,65.28,67.21,3,87.51,Pass
STU1789,Michal,Male,Grade 3,Arts,73.26,56.56,40.26,69.35,54.05,58.7,3,70.59,Pass
STU1790,Lucas,Male,Grade 5,Phys.Ed,67.32,63.79,45.22,47.73,84.11,61.63,3,89.18,Pass
STU1791,Mason,Male,Grade 1,Science,44.38,59.37,53.86,59.52,77.88,59.0,3,88.48,Fail
STU1792,Noah,Female,Grade 5,Science,88.77,71.64,71.25,74.97,47.57,70.84,4,82.68,Pass
STU1793,Emma,Male,Grade 5,Phys.Ed,31.6,71.87,70.03,60.08,49.55,56.63,3,82.05,Pass
STU1794,Michal,Male,Grade 5,English,50.18,33.63,78.79,46.12,64.41,54.63,2,100.0,Pass
STU1795,Noah,Female,Grade 5,Phys.Ed,78.66,72.95,72.9,67.85,82.43,74.96,4,90.85,Pass
STU1796,Ethan,Female,Grade 2,Science,80.9,65.5,64.53,53.2,76.01,68.03,3,74.05,Pass
STU1797,Jack,Female,Grade 2,Phys.Ed,74.55,62.94,86.85,58.11,45.68,65.63,3,82.06,Pass
STU1798,Damon,Female,Grade 2,Science,59.15,59.77,73.96,78.08,71.91,68.57,3,72.68,Pass
STU1799,Shawn,Female,Grade 1,Science,66.53,61.44,51.57,38.2,86.45,60.84,3,80.93,Pass
STU1800,Michal,Female,Grade 1,Science,54.95,52.4,74.64,63.53,76.49,64.4,3,77.75,Pass
STU1801,Liam,Female,Grade 2,Arts,77.2,56.1,63.47,65.56,79.56,68.38,3,80.48,Pass
STU1802,Zen,Male,Grade 5,Phys.Ed,49.79,57.46,33.98,61.49,50.64,50.67,2,90.29,Pass
STU1803,Damon,Male,Grade 5,Math's,67.49,73.29,85.2,53.47,39.19,63.73,3,85.6,Pass
STU1804,Mia,Male,Grade 4,Phys.Ed,36.26,92.45,53.41,58.49,69.76,62.07,3,83.31,Pass
STU1805,Emma,Male,Grade 4,English,61.16,64.69,50.92,63.14,76.39,63.26,3,82.97,Pass
STU1806,Emma,Female,Grade 5,English,57.31,70.37,46.98,62.52,45.4,56.52,3,85.98,Pass
STU1807,Emma,Male,Grade 5,Math's,42.4,72.57,49.42,79.32,78.3,64.4,3,84.21,Pass
STU1808,Lucas,Female,Grade 5,Science,66.14,95.22,62.32,46.18,53.11,64.59,3,85.66,Pass
STU1809,Michal,Female,Grade 5,Phys.Ed,71.72,78.54,53.46,59.12,34.4,59.45,3,83.12,Pass
STU1810,Mason,Female,Grade 5,Science,43.3,49.23,81.97,60.16,83.26,63.58,3,80.76,Pass
STU1811,Lucas,Female,Grade 1,Math's,90.4,85.16,43.63,80.15,77.88,75.45,4,75.61,Fail
STU1812,Mack,Female,Grade 5,Arts,70.45,80.35,52.66,43.62,40.88,57.59,3,87.38,Pass
STU1813,Shawn,Female,Grade 3,Arts,65.67,80.54,61.92,68.62,62.55,67.86,3,83.74,Not Attended
STU1814,Noah,Female,Grade 1,Science,67.18,75.23,63.02,83.31,55.16,68.78,3,89.43,Fail
STU1815,Emma,Female,Grade 3,Science,67.9,63.47,41.47,44.22,100.0,63.41,3,74.96,Pass
STU1816,Mack,Female,Grade 5,Phys.Ed,52.14,67.32,38.74,69.97,59.34,57.5,3,76.3,Pass
STU1817,Lucas,Male,Grade 1,Arts,49.97,73.6,58.63,56.32,89.76,65.66,3,89.37,Pass
STU1818,Ethan,Female,Grade 1,Arts,96.22,46.25,30.68,57.29,76.15,61.32,3,97.27,Pass
STU1819,Ava,Male,Grade 4,English,48.81,64.11,74.43,68.72,49.22,61.06,3,89.22,Pass
STU1820,Emma,Female,Grade 2,English,56.49,81.72,71.81,60.98,56.33,65.47,3,80.88,Pass
STU1821,Emma,Male,Grade 4,Arts,56.78,62.98,35.68,50.94,69.57,55.19,3,84.08,Pass
STU1822,Emma,Female,Grade 4,Math's,85.65,54.27,64.53,55.15,63.58,64.64,3,87.66,Pass
STU1823,Hudson,Female,Grade 1,Science,60.05,66.58,99.8,74.62,53.12,70.84,4,79.05,Pass
STU1824,Noah,Female,Grade 4,Science,71.79,75.55,49.0,75.75,45.48,63.51,3,73.89,Pass
STU1825,Cal,Female,Grade 4,Math's,48.27,49.07,32.75,37.52,64.78,46.48,2,62.98,Pass
STU1826,Liam,Female,Grade 1,Science,57.72,69.15,63.84,76.62,87.53,70.97,4,96.02,Pass
STU1827,Hudson,Female,Grade 2,Arts,70.62,65.99,63.13,60.31,45.53,61.11,3,100.0,Pass
STU1828,Mia,Male,Grade 5,Arts,44.43,72.58,66.05,58.52,63.48,61.01,3,81.61,Pass
STU1829,Ethan,Female,Grade 2,Math's,74.32,95.19,29.69,69.77,80.03,69.8,3,87.61,Not Attended
STU1830,Mack,Female,Grade 2,Phys.Ed,74.37,54.27,83.03,85.11,58.34,71.02,4,81.48,Pass
STU1831,Mack,Male,Grade 5,Science,66.85,98.44,73.11,57.01,56.2,70.32,4,78.69,Pass
STU1832,Ava,Male,Grade 2,Math's,43.97,74.11,73.8,76.43,58.44,65.35,3,85.38,Pass
STU1833,Sophia,Female,Grade 1,Arts,72.58,54.52,65.78,64.92,69.14,65.39,3,75.82,Pass
STU1834,Mack,Female,Grade 5,English,62.96,53.31,67.85,69.01,59.92,62.61,3,88.36,Fail
STU1835,Liam,Male,Grade 5,Arts,63.77,51.44,48.99,68.14,100.0,66.47,3,81.27,Pass
STU1836,Robert,Female,Grade 2,Science,30.76,84.95,19.86,57.83,44.15,47.51,2,76.92,Pass
STU1837,Olivia,Female,Grade 2,Phys.Ed,56.2,71.26,76.31,63.09,52.87,63.95,3,73.73,Pass
STU1838,Ava,Male,Grade 3,English,54.23,70.19,69.16,72.11,85.78,70.29,4,93.5,Pass
STU1839,Mack,Male,Grade 4,English,79.9,65.89,47.47,54.5,56.56,60.86,3,87.92,Pass
STU1840,Michal,Male,Grade 5,Math's,63.1,65.72,37.15,64.51,93.81,64.86,3,89.53,Fail
STU1841,Michal,Female,Grade 1,Arts,78.29,77.24,81.01,50.15,56.6,68.66,3,72.11,Fail
STU1842,Zen,Male,Grade 2,Science,54.14,76.24,66.24,69.36,44.43,62.09,3,95.45,Pass
STU1843,Damon,Male,Grade 2,Phys.Ed,64.58,73.27,67.61,54.28,64.61,64.87,3,81.0,Pass
STU1844,Mia,Female,Grade 1,English,45.33,61.18,50.07,61.64,84.29,60.5,3,82.81,Pass
STU1845,Tyler,Female,Grade 5,Phys.Ed,65.24,68.34,61.73,35.78,51.46,56.51,3,90.85,Pass
STU1846,Noah,Male,Grade 5,English,52.42,60.8,75.64,55.72,85.31,65.98,3,78.65,Pass
STU1847,Cal,Female,Grade 1,Math's,79.41,44.97,45.15,48.51,53.68,54.34,2,86.45,Pass
STU1848,Liam,Male,Grade 3,Science,24.08,51.03,44.79,62.81,65.97,49.74,2,89.09,Pass
STU1849,Shawn,Female,Grade 1,Math's,83.71,83.81,37.35,64.99,53.47,64.67,3,85.11,Pass
STU1850,Liam,Female,Grade 4,English,72.06,60.53,19.22,76.58,92.7,64.22,3,86.5,Pass
STU1851,Zen,Female,Grade 4,Phys.Ed,52.36,86.14,65.45,35.97,46.72,57.33,3,92.34,Pass
STU1852,Tyler,Male,Grade 5,English,61.75,61.09,64.25,74.82,44.72,61.32,3,87.91,Pass
STU1853,Tyler,Male,Grade 4,English,67.56,83.75,92.7,41.44,87.3,74.55,4,94.39,Not Attended
STU1854,Tyler,Female,Grade 5,English,61.08,68.19,40.56,56.93,85.42,62.44,3,97.47,Pass
STU1855,Shawn,Female,Grade 4,Arts,75.15,61.98,40.49,68.4,79.87,65.18,3,78.72,Pass
STU1856,Emma,Female,Grade 5,Arts,64.46,71.75,49.44,46.55,100.0,66.44,3,79.78,Pass
STU1857,Noah,Female,Grade 3,Arts,60.99,54.34,75.87,67.8,54.77,62.75,3,75.66,Pass
STU1858,Mason,Male,Grade 4,Arts,54.51,80.49,31.5,55.18,53.45,55.02,3,94.7,Pass
STU1859,Sophia,Female,Grade 1,Math's,53.59,67.77,67.25,67.65,61.63,63.58,3,71.99,Pass
STU1860,Tyler,Female,Grade 3,Arts,52.18,74.81,58.95,38.9,81.06,61.18,3,61.94,Pass
STU1861,Hudson,Male,Grade 2,Science,64.62,66.53,76.91,52.68,57.13,63.57,3,71.91,Not Attended
STU1862,Lucas,Male,Grade 2,Arts,62.72,72.69,23.97,55.25,44.07,51.74,2,89.52,Pass
STU1863,Hudson,Female,Grade 2,Science,57.89,81.02,60.79,59.16,48.98,61.57,3,92.22,Pass
STU1864,Cal,Female,Grade 4,Science,54.35,49.55,67.83,59.45,72.26,60.69,3,64.93,Pass
STU1865,Mack,Female,Grade 5,Arts,54.74,85.46,19.8,59.96,58.6,55.71,3,83.77,Pass
STU1866,Cal,Female,Grade 5,Arts,61.73,65.16,97.55,77.05,92.23,78.74,4,86.75,Pass
STU1867,Jack,Male,Grade 5,Arts,43.06,64.41,92.06,76.31,49.51,65.07,3,77.66,Pass
STU1868,Shawn,Male,Grade 2,Science,55.96,58.9,57.56,60.42,83.08,63.18,3,99.75,Pass
STU1869,Noah,Female,Grade 1,English,53.81,63.44,41.46,46.85,96.55,60.42,3,86.42,Pass
STU1870,Michal,Female,Grade 2,Math's,60.33,62.49,95.39,74.76,66.29,71.85,4,79.7,Pass
STU1871,Lucas,Male,Grade 2,Science,59.95,83.94,77.77,52.19,59.04,66.58,3,92.82,Pass
STU1872,Michal,Female,Grade 1,Math's,38.87,78.4,68.34,64.4,69.83,63.97,3,78.52,Pass
STU1873,Sophia,Male,Grade 4,Phys.Ed,74.34,68.97,44.05,38.53,44.01,53.98,2,69.97,Pass
STU1874,Zen,Female,Grade 3,Science,79.87,55.99,67.29,62.46,64.99,66.12,3,83.85,Pass
STU1875,Emma,Female,Grade 1,Math's,46.97,71.04,94.83,51.45,75.12,67.88,3,87.34,Pass
STU1876,Tyler,Male,Grade 1,Arts,80.93,56.42,60.39,75.74,37.71,62.24,3,82.13,Pass
STU1877,Emma,Female,Grade 2,Phys.Ed,50.84,49.01,66.98,76.99,74.8,63.72,3,79.43,Pass
STU1878,Liam,Male,Grade 4,English,63.48,68.37,39.12,58.68,60.17,57.97,3,95.01,Pass
STU1879,Liam,Male,Grade 2,English,55.35,51.08,59.1,71.41,59.28,59.24,3,88.73,Pass
STU1880,Zen,Male,Grade 3,English,51.87,82.76,61.56,69.92,87.47,70.72,4,92.94,Pass
STU1881,Sophia,Male,Grade 4,Arts,77.12,86.32,53.66,56.9,95.2,73.84,4,88.76,Not Attended
STU1882,Shawn,Male,Grade 5,Science,61.26,73.11,40.13,70.44,68.94,62.78,3,84.68,Not Attended
STU1883,Sophia,Female,Grade 5,Arts,57.89,61.47,92.2,41.96,37.94,58.29,3,90.25,Fail
STU1884,Jack,Male,Grade 3,Arts,50.55,78.85,71.46,55.17,69.35,65.08,3,74.41,Pass
STU1885,Mia,Female,Grade 3,Science,62.06,23.02,59.11,67.61,29.57,48.27,2,84.35,Pass
STU1886,Mason,Female,Grade 4,Science,82.64,70.24,69.72,60.13,77.83,72.11,4,77.08,Pass
STU1887,Robert,Male,Grade 5,Math's,62.7,53.07,85.73,62.66,90.1,70.85,4,90.85,Not Attended
STU1888,Liam,Female,Grade 5,Science,56.38,50.67,88.79,68.25,85.3,69.88,3,91.05,Pass
STU1889,Olivia,Female,Grade 5,Phys.Ed,59.21,44.06,62.94,70.49,52.11,57.76,3,76.69,Fail
STU1890,Jack,Male,Grade 4,Phys.Ed,42.51,58.01,80.41,72.61,77.08,66.13,3,78.52,Pass
STU1891,Noah,Female,Grade 5,Phys.Ed,57.2,71.36,44.5,40.02,81.71,58.96,3,82.56,Pass
STU1892,Mason,Male,Grade 4,English,57.66,55.28,51.44,49.73,56.81,54.18,2,86.91,Pass
STU1893,Noah,Male,Grade 5,Arts,60.82,68.02,77.7,58.3,70.41,67.05,3,86.96,Pass
STU1894,Michal,Female,Grade 4,Math's,44.09,64.05,74.92,55.88,66.75,61.14,3,90.76,Pass
STU1895,Damon,Female,Grade 4,Phys.Ed,64.05,65.24,67.66,65.73,74.28,67.39,3,89.86,Pass
STU1896,Michal,Male,Grade 5,Phys.Ed,36.6,59.91,53.52,50.34,75.19,55.11,3,80.75,Pass
STU1897,Damon,Female,Grade 5,Science,46.85,62.89,82.24,39.82,55.65,57.49,3,85.78,Pass
STU1898,Ethan,Female,Grade 4,Science,84.63,55.8,50.98,93.67,49.64,66.94,3,96.69,Pass
STU1899,Olivia,Female,Grade 2,Math's,58.16,41.1,62.47,70.99,85.27,63.6,3,84.77,Pass
STU1900,Damon,Male,Grade 3,English,41.24,83.16,22.02,57.6,71.95,55.2,3,86.87,Pass
STU1901,Noah,Female,Grade 3,English,57.42,85.51,32.53,42.72,51.57,53.95,2,78.57,Pass
STU1902,Olivia,Male,Grade 3,Arts,58.36,66.79,88.77,62.4,61.22,67.51,3,78.9,Pass
STU1903,Sophia,Female,Grade 3,Science,77.11,56.05,47.02,39.08,75.71,58.99,3,83.69,Pass
STU1904,Shawn,Male,Grade 5,Science,49.3,52.03,45.83,35.76,59.91,48.57,2,91.07,Pass
STU1905,Mia,Male,Grade 4,Science,67.73,52.13,50.2,66.92,53.73,58.14,3,90.58,Fail
STU1906,Cal,Female,Grade 5,Science,80.61,70.48,87.7,71.94,54.62,73.07,4,94.35,Pass
STU1907,Zen,Male,Grade 5,Phys.Ed,68.83,91.51,79.56,67.28,46.58,70.75,4,82.56,Fail
STU1908,Emma,Male,Grade 4,Science,80.02,58.14,39.9,51.02,65.33,58.88,3,84.04,Pass
STU1909,Cal,Male,Grade 3,Arts,81.73,65.0,66.18,65.32,74.43,70.53,4,87.58,Pass
STU1910,Mason,Female,Grade 5,Arts,69.26,56.79,43.45,68.86,55.4,58.75,3,90.03,Pass
STU1911,Tyler,Male,Grade 5,Phys.Ed,42.01,74.92,52.11,76.07,96.58,68.34,3,79.25,Pass
STU1912,Mason,Female,Grade 5,Arts,54.61,89.58,39.55,68.04,69.29,64.21,3,83.81,Pass
STU1913,Jack,Female,Grade 4,Science,82.83,56.18,45.54,39.24,63.05,57.37,3,91.08,Pass
STU1914,Mason,Female,Grade 2,English,60.31,59.47,36.0,71.82,35.02,52.52,2,92.99,Pass
STU1915,Emma,Female,Grade 2,English,56.25,69.61,64.22,65.8,60.62,63.3,3,76.44,Pass
STU1916,Lucas,Female,Grade 2,Arts,70.49,65.34,52.86,56.62,56.65,60.39,3,85.59,Pass
STU1917,Cal,Male,Grade 2,Arts,78.55,65.55,65.23,64.94,26.65,60.18,3,71.29,Pass
STU1918,Zen,Female,Grade 3,English,8.89,86.25,59.63,45.91,77.73,55.68,3,82.33,Pass
STU1919,Tyler,Male,Grade 4,Math's,62.77,57.42,46.15,48.69,74.77,57.96,3,74.01,Pass
STU1920,Mason,Female,Grade 4,Arts,70.82,67.43,76.32,84.25,56.0,70.96,4,84.11,Fail
STU1921,Cal,Female,Grade 1,Science,63.99,58.39,59.87,90.18,68.02,68.09,3,68.71,Pass
STU1922,Cal,Female,Grade 2,Arts,87.85,39.62,75.42,79.32,78.97,72.24,4,78.93,Pass
STU1923,Robert,Male,Grade 2,Science,52.79,42.86,78.72,56.9,70.46,60.34,3,95.38,Pass
STU1924,Hudson,Male,Grade 4,Arts,44.82,68.85,75.74,45.12,66.29,60.16,3,88.32,Pass
STU1925,Mia,Male,Grade 4,Phys.Ed,62.92,68.11,97.16,58.52,68.16,70.97,4,94.3,Pass
STU1926,Ava,Male,Grade 1,English,52.36,77.66,71.29,58.11,74.94,66.87,3,93.81,Pass
STU1927,Olivia,Male,Grade 5,Science,60.11,70.57,43.16,58.75,70.89,60.7,3,81.4,Pass
STU1928,Lucas,Male,Grade 5,Phys.Ed,47.27,62.0,41.82,53.9,38.9,48.78,2,94.26,Pass
STU1929,Mia,Female,Grade 5,English,74.62,86.23,51.15,56.05,95.58,72.73,4,94.83,Pass
STU1930,Ethan,Male,Grade 4,Phys.Ed,69.6,69.42,55.82,43.21,67.53,61.12,3,86.46,Fail
STU1931,Cal,Female,Grade 3,Phys.Ed,37.89,49.49,88.64,55.63,84.82,63.29,3,84.05,Pass
STU1932,Shawn,Male,Grade 4,Phys.Ed,57.48,41.14,100.0,57.61,77.86,66.82,3,78.66,Pass
STU1933,Lucas,Male,Grade 5,Science,64.83,72.96,73.73,51.67,52.7,63.18,3,68.88,Pass
STU1934,Damon,Male,Grade 3,Phys.Ed,61.96,71.76,59.94,63.1,63.65,64.08,3,71.83,Pass
STU1935,Damon,Female,Grade 5,English,51.55,56.35,24.3,55.47,48.24,47.18,2,71.82,Pass
STU1936,Shawn,Female,Grade 2,English,84.87,70.3,71.71,82.73,78.79,77.68,4,81.81,Pass
STU1937,Mia,Female,Grade 2,Math's,56.49,64.89,62.3,53.61,54.1,58.28,3,78.81,Pass
STU1938,Emma,Female,Grade 5,Arts,83.63,65.91,40.1,73.31,87.0,69.99,3,100.0,Pass
STU1939,Zen,Female,Grade 4,Science,50.67,92.55,59.2,52.53,81.7,67.33,3,84.44,Pass
STU1940,Lucas,Female,Grade 2,Science,52.89,56.74,72.89,45.44,65.09,58.61,3,77.88,Pass
STU1941,Ethan,Female,Grade 5,Math's,75.39,78.49,48.82,60.95,86.51,70.03,4,87.54,Pass
STU1942,Ava,Male,Grade 3,Phys.Ed,39.06,53.41,67.66,68.16,49.97,55.65,3,68.6,Pass
STU1943,Ava,Female,Grade 3,Science,64.25,52.11,83.92,56.11,61.32,63.54,3,79.71,Pass
STU1944,Jack,Female,Grade 5,Science,77.23,36.84,38.91,54.83,50.26,51.61,2,78.24,Pass
STU1945,Mack,Female,Grade 1,English,56.0,62.61,84.98,39.83,83.39,65.36,3,100.0,Pass
STU1946,Damon,Female,Grade 5,Science,58.27,58.92,58.18,47.54,60.92,56.76,3,74.35,Pass
STU1947,Sophia,Male,Grade 1,Science,41.85,66.99,27.69,50.16,60.81,49.5,2,78.36,Pass
STU1948,Tyler,Male,Grade 5,Science,95.44,67.66,71.22,60.38,68.4,72.62,4,67.56,Pass
STU1949,Sophia,Female,Grade 3,Arts,62.84,75.31,19.69,79.53,27.73,53.02,2,75.37,Fail
STU1950,Robert,Female,Grade 5,Science,85.33,61.57,42.0,75.56,58.41,64.57,3,80.12,Pass
STU1951,Robert,Female,Grade 2,Phys.Ed,63.53,69.5,49.23,80.05,77.37,67.93,3,80.36,Fail
STU1952,Liam,Male,Grade 1,Phys.Ed,58.1,86.91,64.11,74.14,73.0,71.25,4,85.37,Pass
STU1953,Tyler,Female,Grade 1,Science,57.08,60.83,62.92,68.66,60.8,62.06,3,91.64,Pass
STU1954,Liam,Male,Grade 5,Phys.Ed,55.68,40.6,64.11,61.2,65.01,57.32,3,76.71,Pass
STU1955,Michal,Male,Grade 3,Science,68.46,60.02,58.56,49.53,55.69,58.45,3,80.7,Pass
STU1956,Noah,Female,Grade 2,English,72.02,59.56,53.37,45.43,90.85,64.25,3,87.79,Pass
STU1957,Noah,Female,Grade 4,Science,100.0,76.65,55.35,55.11,50.5,67.52,3,79.27,Pass
STU1958,Olivia,Female,Grade 4,Phys.Ed,68.4,86.86,57.33,62.56,95.29,74.09,4,74.5,Pass
STU1959,Olivia,Male,Grade 5,Science,59.79,38.33,71.87,62.82,53.42,57.24,3,80.4,Pass
STU1960,Ava,Female,Grade 3,Math's,47.12,65.48,66.36,68.8,70.13,63.58,3,81.61,Pass
STU1961,Lucas,Female,Grade 1,English,49.29,70.09,70.42,63.6,54.57,61.59,3,92.91,Fail
STU1962,Sophia,Female,Grade 1,English,46.88,56.03,71.0,64.01,42.33,56.05,3,77.1,Pass
STU1963,Zen,Female,Grade 1,English,59.17,60.24,47.91,38.9,62.76,53.8,2,73.72,Pass
STU1964,Damon,Female,Grade 4,Science,34.86,45.65,28.37,70.15,46.97,45.2,2,90.67,Pass
STU1965,Damon,Female,Grade 5,Phys.Ed,40.42,57.86,69.72,55.93,45.83,53.95,2,73.83,Pass
STU1966,Mia,Female,Grade 4,Arts,70.61,60.47,54.62,58.84,71.64,63.24,3,89.1,Pass
STU1967,Noah,Female,Grade 5,English,68.87,82.31,53.0,45.86,82.31,66.47,3,85.09,Pass
STU1968,Robert,Male,Grade 5,Science,58.76,82.7,65.12,42.23,59.26,61.61,3,93.51,Pass
STU1969,Damon,Male,Grade 5,Math's,59.93,57.35,56.46,63.02,58.16,58.98,3,77.67,Pass
STU1970,Noah,Female,Grade 5,Arts,58.57,61.7,37.88,83.2,73.21,62.91,3,84.05,Pass
STU1971,Sophia,Female,Grade 5,English,64.09,89.55,46.73,49.45,96.62,69.29,3,93.48,Not Attended
STU1972,Mia,Male,Grade 2,Arts,70.59,50.16,49.19,65.47,48.5,56.78,3,78.2,Pass
STU1973,Cal,Male,Grade 5,Arts,72.44,91.02,77.57,69.99,57.62,73.73,4,85.54,Pass
STU1974,Michal,Male,Grade 3,Science,71.69,52.84,62.55,75.56,59.08,64.35,3,67.86,Pass
STU1975,Lucas,Female,Grade 5,English,53.21,53.36,59.19,47.49,61.28,54.91,2,91.85,Pass
STU1976,Tyler,Male,Grade 3,English,52.74,68.61,62.69,47.24,69.69,60.19,3,77.12,Pass
STU1977,Cal,Male,Grade 3,Arts,100.0,68.03,70.37,77.8,83.44,79.93,4,88.09,Fail
STU1978,Olivia,Male,Grade 4,Arts,71.37,49.31,70.71,75.43,51.2,63.6,3,77.06,Pass
STU1979,Ethan,Male,Grade 3,English,67.03,61.4,62.04,73.59,57.27,64.26,3,82.19,Pass
STU1980,Sophia,Female,Grade 3,Arts,57.68,60.63,98.01,67.27,77.8,72.28,4,94.84,Pass
STU1981,Ethan,Male,Grade 1,English,57.92,57.29,74.8,64.21,55.14,61.87,3,89.4,Pass
STU1982,Zen,Female,Grade 5,Phys.Ed,67.85,60.91,75.25,58.33,52.52,62.97,3,72.26,Pass
STU1983,Mason,Female,Grade 5,Science,53.82,67.72,43.08,41.61,79.63,57.17,3,78.85,Pass
STU1984,Damon,Male,Grade 5,Math's,30.28,62.45,78.16,53.6,77.62,60.42,3,89.41,Fail
STU1985,Mia,Male,Grade 5,Phys.Ed,41.81,59.34,70.82,63.71,90.74,65.28,3,79.77,Pass
STU1986,Olivia,Female,Grade 4,Science,77.73,70.97,90.23,57.39,55.16,70.3,4,78.12,Pass
STU1987,Jack,Male,Grade 2,English,72.78,86.72,63.99,52.91,74.91,70.26,4,83.69,Pass
STU1988,Lucas,Male,Grade 5,English,80.88,70.26,48.84,65.72,56.21,64.38,3,81.57,Pass
STU1989,Michal,Male,Grade 4,Math's,70.42,62.78,50.86,54.95,53.18,58.44,3,84.71,Pass
STU1990,Olivia,Male,Grade 1,English,61.91,46.86,81.3,54.93,55.76,60.15,3,68.43,Pass
STU1991,Hudson,Female,Grade 5,Arts,74.81,61.5,68.61,45.27,32.5,56.54,3,84.13,Fail
STU1992,Sophia,Male,Grade 4,Arts,60.55,52.14,70.2,52.13,57.94,58.59,3,80.29,Pass
STU1993,Mia,Female,Grade 5,Science,63.44,56.66,53.42,64.55,71.96,62.0,3,96.03,Pass
STU1994,Liam,Female,Grade 2,Math's,65.45,48.55,91.74,72.32,72.93,70.2,4,95.88,Pass
STU1995,Mason,Male,Grade 1,Math's,61.58,77.61,44.59,49.54,58.73,58.41,3,80.06,Pass
STU1996,Tyler,Female,Grade 5,English,67.21,77.41,56.67,37.89,48.04,57.44,3,89.44,Pass
STU1997,Sophia,Female,Grade 1,Arts,72.62,93.76,75.55,43.23,45.66,66.16,3,81.8,Pass
STU1998,Mason,Female,Grade 5,Math's,79.85,86.36,27.39,43.85,80.56,63.6,3,90.96,Pass
STU1999,Michal,Male,Grade 5,English,25.12,71.28,10.47,71.19,89.45,53.5,2,87.99,Pass
STU2000,Jack,Female,Grade 3,Science,73.37,41.43,76.26,36.86,35.3,52.64,2,80.01,Pass
STU2001,Robert,Female,Grade 1,Phys.Ed,55.45,60.88,73.17,84.58,57.29,66.27,3,87.09,Pass
STU2002,Zen,Male,Grade 2,Science,58.09,66.86,45.83,66.77,49.82,57.47,3,84.63,Pass
STU2003,Tyler,Male,Grade 5,Science,37.92,64.94,46.32,71.44,75.06,59.13,3,88.06,Pass
STU2004,Michal,Male,Grade 4,Science,42.86,65.53,72.15,25.29,84.16,58.0,3,85.05,Pass
STU2005,Michal,Female,Grade 4,Phys.Ed,78.49,46.87,52.55,49.9,90.48,63.66,3,89.11,Pass
STU2006,Sophia,Male,Grade 3,Math's,51.13,64.0,84.81,56.61,64.99,64.31,3,84.77,Pass
STU2007,Tyler,Female,Grade 1,Science,74.38,83.47,28.23,50.85,82.58,63.9,3,86.99,Pass
STU2008,Liam,Male,Grade 1,Phys.Ed,64.02,67.84,71.24,92.69,82.67,75.69,4,81.1,Pass
STU2009,Damon,Male,Grade 5,Math's,39.92,61.03,83.59,45.47,58.96,57.8,3,90.89,Pass
STU2010,Damon,Male,Grade 2,Math's,63.48,50.63,52.81,62.95,32.57,52.49,2,66.03,Fail
STU2011,Zen,Male,Grade 5,English,54.25,62.74,86.06,57.65,64.25,64.99,3,80.59,Pass
STU2012,Noah,Male,Grade 2,Phys.Ed,70.23,69.96,69.27,51.25,56.04,63.35,3,97.27,Pass
STU2013,Liam,Male,Grade 1,Science,72.52,52.97,84.02,62.72,86.92,71.83,4,83.02,Fail
STU2014,Hudson,Female,Grade 5,Phys.Ed,73.63,76.89,89.78,55.09,50.88,69.26,3,83.88,Fail
STU2015,Jack,Male,Grade 2,Phys.Ed,53.71,86.12,44.93,78.62,78.41,68.36,3,99.3,Pass
STU2016,Zen,Female,Grade 3,Arts,67.94,68.71,52.18,70.12,81.41,68.07,3,72.81,Pass
STU2017,Mack,Male,Grade 5,English,67.72,77.45,67.24,59.55,60.48,66.49,3,91.49,Pass
STU2018,Shawn,Female,Grade 5,Arts,64.32,56.47,80.94,69.1,51.9,64.55,3,76.98,Pass
STU2019,Damon,Female,Grade 3,Math's,70.15,73.76,65.59,77.5,48.88,67.18,3,70.2,Pass
STU2020,Zen,Male,Grade 5,Math's,61.43,71.4,49.38,43.24,67.46,58.58,3,100.0,Pass
STU2021,Ethan,Male,Grade 5,Science,41.6,55.77,95.23,73.03,63.01,65.73,3,84.18,Pass
STU2022,Olivia,Female,Grade 1,Math's,62.14,55.57,59.18,60.24,71.97,61.82,3,67.39,Pass
STU2023,Mason,Male,Grade 1,Phys.Ed,85.48,53.15,49.29,54.52,62.5,60.99,3,83.34,Pass
STU2024,Hudson,Female,Grade 2,Math's,30.49,36.58,68.5,66.42,52.19,50.84,2,94.41,Pass
STU2025,Emma,Male,Grade 5,Phys.Ed,88.78,82.18,49.8,59.67,72.84,70.65,4,85.44,Fail
STU2026,Sophia,Female,Grade 1,English,62.5,71.35,47.08,53.8,60.63,59.07,3,74.96,Pass
STU2027,Hudson,Male,Grade 5,Phys.Ed,49.42,81.98,70.27,72.01,66.16,67.97,3,87.18,Pass
STU2028,Cal,Male,Grade 5,Arts,51.32,70.31,57.18,72.42,66.64,63.57,3,87.69,Pass
STU2029,Emma,Male,Grade 5,Math's,70.26,64.61,46.29,44.07,49.92,55.03,3,90.11,Pass
STU2030,Olivia,Male,Grade 4,Phys.Ed,36.81,79.65,46.82,50.11,62.43,55.16,3,78.85,Pass
STU2031,Ethan,Male,Grade 3,Phys.Ed,79.4,45.09,100.0,67.65,44.56,67.34,3,83.26,Pass
STU2032,Zen,Male,Grade 5,Arts,57.65,45.53,59.91,63.7,92.58,63.87,3,87.83,Not Attended
STU2033,Mason,Female,Grade 2,Science,46.11,66.35,40.69,47.72,60.13,52.2,2,76.16,Pass
STU2034,Mia,Male,Grade 1,Phys.Ed,81.23,58.34,73.2,68.64,82.5,72.78,4,81.2,Pass
STU2035,Ethan,Male,Grade 2,Math's,58.31,74.17,70.04,61.45,65.64,65.92,3,86.96,Pass
STU2036,Emma,Male,Grade 1,Science,100.0,67.86,28.71,27.23,76.14,59.99,3,85.13,Pass
STU2037,Robert,Female,Grade 3,English,57.21,80.21,53.65,70.94,53.54,63.11,3,75.59,Pass
STU2038,Zen,Male,Grade 4,Math's,85.99,73.17,62.26,49.77,55.61,65.36,3,92.71,Pass
STU2039,Lucas,Female,Grade 5,Arts,53.39,93.83,62.12,46.4,58.95,62.94,3,74.37,Pass
STU2040,Hudson,Male,Grade 2,Phys.Ed,52.77,39.26,70.77,76.59,48.34,57.55,3,71.64,Pass
STU2041,Shawn,Female,Grade 2,Arts,56.17,70.78,48.32,58.89,100.0,66.83,3,88.98,Pass
STU2042,Ava,Male,Grade 4,Math's,50.27,80.46,49.61,77.21,59.15,63.34,3,81.76,Pass
STU2043,Tyler,Male,Grade 4,Math's,79.37,76.55,59.09,65.24,61.92,68.43,3,78.03,Pass
STU2044,Olivia,Female,Grade 4,Phys.Ed,72.81,51.26,40.54,40.37,72.97,55.59,3,77.52,Pass
STU2045,Olivia,Male,Grade 4,English,46.25,69.77,60.77,60.97,54.71,58.49,3,79.36,Pass
STU2046,Lucas,Male,Grade 4,Math's,82.81,70.45,62.68,53.56,56.49,65.2,3,92.58,Pass
STU2047,Hudson,Female,Grade 1,Science,87.49,59.94,25.98,70.78,77.84,64.41,3,93.14,Pass
STU2048,Sophia,Male,Grade 5,Phys.Ed,74.96,50.52,42.72,43.23,60.59,54.4,2,98.2,Pass
STU2049,Damon,Male,Grade 2,Math's,54.58,48.02,89.29,74.29,66.39,66.51,3,84.27,Pass
STU2050,Lucas,Male,Grade 3,Phys.Ed,63.2,50.29,100.0,69.04,43.47,65.2,3,77.54,Pass
STU2051,Mia,Male,Grade 4,Arts,100.0,54.48,57.44,76.14,91.37,75.88,4,79.33,Pass
STU2052,Jack,Female,Grade 5,English,59.4,57.23,90.94,68.79,36.09,62.49,3,82.98,Pass
STU2053,Olivia,Male,Grade 2,Math's,69.74,70.11,85.81,75.66,43.58,68.98,3,83.21,Pass
STU2054,Mia,Male,Grade 5,Math's,32.8,52.05,22.28,42.18,85.4,46.94,2,90.02,Pass
STU2055,Cal,Female,Grade 5,Math's,67.47,62.06,32.22,60.19,64.52,57.29,3,82.02,Pass
STU2056,Ethan,Female,Grade 4,Arts,42.99,78.45,50.0,72.13,63.23,61.36,3,84.52,Pass
STU2057,Sophia,Female,Grade 3,Arts,53.89,64.99,87.47,79.51,78.64,72.9,4,81.2,Pass
STU2058,Ava,Male,Grade 1,Arts,32.92,50.1,71.56,45.74,57.56,51.58,2,99.57,Pass
STU2059,Sophia,Male,Grade 5,Math's,68.55,37.62,90.99,54.22,84.98,67.27,3,87.4,Pass
STU2060,Tyler,Female,Grade 2,English,50.8,77.62,51.49,46.69,78.39,61.0,3,81.79,Pass
STU2061,Lucas,Female,Grade 3,Phys.Ed,58.82,62.08,54.59,57.72,53.56,57.35,3,83.17,Pass
STU2062,Cal,Female,Grade 5,Arts,68.5,61.04,51.96,58.19,77.43,63.43,3,96.57,Not Attended
STU2063,Shawn,Male,Grade 3,Science,62.87,84.81,44.33,52.82,75.75,64.11,3,80.25,Pass
STU2064,Emma,Female,Grade 5,Phys.Ed,76.85,69.49,31.88,53.69,92.16,64.82,3,83.44,Pass
STU2065,Emma,Female,Grade 1,English,82.11,59.41,77.89,82.87,69.04,74.26,4,75.62,Pass
STU2066,Cal,Male,Grade 5,Arts,75.47,68.9,57.86,48.9,33.22,56.87,3,77.51,Pass
STU2067,Ava,Female,Grade 5,Science,57.35,52.77,63.42,69.26,75.44,63.65,3,85.56,Pass
STU2068,Tyler,Female,Grade 4,Math's,71.25,39.77,45.84,54.76,39.4,50.2,2,82.1,Fail
STU2069,Mason,Male,Grade 2,Arts,71.92,62.67,81.25,56.21,66.53,67.72,3,95.87,Pass
STU2070,Hudson,Male,Grade 1,English,62.46,60.82,50.02,65.01,71.25,61.91,3,70.82,Pass
STU2071,Ava,Male,Grade 5,English,53.36,59.45,88.3,52.13,66.14,63.88,3,76.74,Pass
STU2072,Robert,Male,Grade 4,Arts,74.63,40.7,60.62,56.41,70.88,60.65,3,100.0,Pass
STU2073,Ethan,Female,Grade 4,Math's,46.11,33.54,68.01,55.04,78.74,56.29,3,76.7,Pass
STU2074,Zen,Female,Grade 2,English,51.93,66.66,56.41,81.51,49.18,61.14,3,85.96,Pass
STU2075,Noah,Female,Grade 4,Arts,57.51,57.62,35.78,58.47,42.06,50.29,2,86.92,Pass
STU2076,Mia,Male,Grade 3,Math's,76.64,68.09,28.12,49.14,51.41,54.68,2,84.08,Pass
STU2077,Mason,Female,Grade 5,Science,52.72,54.1,82.76,93.71,47.93,66.24,3,91.13,Fail
STU2078,Michal,Female,Grade 5,Arts,70.95,89.19,58.07,66.18,85.44,73.96,4,94.0,Pass
STU2079,Olivia,Male,Grade 1,English,58.39,77.17,63.77,78.26,80.35,71.59,4,81.6,Pass
STU2080,Mason,Male,Grade 1,Science,85.53,60.13,37.73,59.18,51.57,58.83,3,73.29,Pass
STU2081,Hudson,Female,Grade 1,English,35.59,53.24,24.46,69.88,84.37,53.51,2,81.0,Pass
STU2082,Mason,Female,Grade 4,Science,67.75,89.86,97.14,57.66,77.59,78.0,4,86.52,Pass
STU2083,Damon,Male,Grade 2,Arts,86.85,69.0,91.35,50.22,17.68,63.02,3,80.3,Pass
STU2084,Mason,Male,Grade 3,Arts,62.84,76.27,67.88,79.71,49.1,67.16,3,85.66,Pass
STU2085,Ethan,Female,Grade 1,Phys.Ed,50.29,50.67,70.74,53.11,82.14,61.39,3,96.71,Pass
STU2086,Hudson,Female,Grade 1,Science,80.01,73.87,77.29,51.92,93.48,75.31,4,78.64,Pass
STU2087,Robert,Male,Grade 2,Math's,55.04,71.67,42.55,71.13,77.38,63.56,3,100.0,Pass
STU2088,Olivia,Male,Grade 5,English,35.65,80.42,71.09,49.45,69.54,61.23,3,82.17,Pass
STU2089,Liam,Male,Grade 5,Science,70.96,89.15,41.34,70.0,61.28,66.55,3,93.14,Pass
STU2090,Cal,Male,Grade 5,Math's,50.71,72.38,71.07,65.3,56.45,63.18,3,84.47,Pass
STU2091,Hudson,Male,Grade 4,Math's,60.74,63.99,68.86,67.22,61.95,64.55,3,86.77,Pass
STU2092,Ava,Female,Grade 2,Math's,71.03,56.44,64.12,53.62,82.66,65.57,3,78.28,Pass
STU2093,Mack,Female,Grade 5,Math's,59.71,53.41,81.88,58.76,54.46,61.64,3,90.16,Pass
STU2094,Hudson,Female,Grade 5,Science,58.32,55.66,71.92,72.46,62.26,64.13,3,80.49,Pass
STU2095,Cal,Male,Grade 3,Science,74.79,67.48,28.78,79.27,67.76,63.62,3,88.85,Fail
STU2096,Damon,Male,Grade 5,English,47.5,75.45,68.94,40.96,89.66,64.5,3,80.98,Pass
STU2097,Sophia,Male,Grade 3,Science,62.33,85.09,73.84,58.76,50.85,66.17,3,77.27,Pass
STU2098,Robert,Male,Grade 5,Arts,62.35,94.26,80.75,64.35,64.3,73.2,4,88.87,Pass
STU2099,Liam,Male,Grade 5,Phys.Ed,46.01,83.86,74.77,47.94,100.0,70.52,4,82.26,Pass
STU2100,Olivia,Female,Grade 5,Phys.Ed,63.87,71.71,81.28,51.68,75.66,68.84,3,72.85,Pass
STU2101,Mia,Female,Grade 5,Arts,77.43,80.97,66.84,46.21,57.74,65.83,3,92.05,Pass
STU2102,Damon,Female,Grade 2,Phys.Ed,32.52,78.08,58.22,45.95,75.2,57.99,3,95.36,Pass
STU2103,Jack,Female,Grade 3,Science,87.82,54.92,47.33,55.35,57.29,60.54,3,96.0,Pass
STU2104,Liam,Male,Grade 5,Phys.Ed,44.74,65.08,65.36,66.53,77.38,63.82,3,82.37,Pass
STU2105,Emma,Male,Grade 1,Math's,92.95,51.66,54.71,69.31,63.08,66.34,3,79.27,Pass
STU2106,Mia,Female,Grade 5,Math's,100.0,48.48,28.2,52.36,70.35,59.88,3,88.49,Pass
STU2107,Cal,Female,Grade 4,Math's,57.3,100.0,78.9,61.6,61.21,71.8,4,91.61,Pass
STU2108,Shawn,Female,Grade 4,Arts,42.33,78.32,100.0,67.68,80.61,73.79,4,98.43,Pass
STU2109,Ava,Male,Grade 5,Science,71.85,62.53,35.26,60.06,74.64,60.87,3,82.81,Pass
STU2110,Lucas,Male,Grade 2,Arts,59.86,47.18,71.86,42.27,79.2,60.07,3,80.73,Pass
STU2111,Emma,Male,Grade 5,English,55.77,54.86,75.75,64.41,72.98,64.75,3,77.41,Pass
STU2112,Emma,Male,Grade 5,English,66.91,66.8,70.95,62.17,30.88,59.54,3,70.02,Pass
STU2113,Robert,Female,Grade 3,Arts,60.46,83.09,60.93,62.61,63.39,66.1,3,86.88,Pass
STU2114,Noah,Male,Grade 5,Arts,54.71,39.46,67.43,67.24,55.66,56.9,3,89.65,Pass
STU2115,Olivia,Male,Grade 4,Arts,79.8,84.83,53.89,64.5,70.13,70.63,4,88.97,Pass
STU2116,Mia,Male,Grade 5,Math's,74.4,75.48,100.0,74.05,53.0,75.39,4,78.08,Fail
STU2117,Noah,Female,Grade 1,English,58.22,66.31,26.88,57.81,23.23,46.49,2,79.32,Fail
STU2118,Ethan,Female,Grade 5,Phys.Ed,57.34,45.32,48.23,78.79,63.13,58.56,3,79.89,Pass
STU2119,Ethan,Female,Grade 1,Phys.Ed,69.18,66.3,36.68,72.36,54.77,59.86,3,81.13,Pass
STU2120,Shawn,Female,Grade 3,Science,72.23,83.69,61.6,66.66,48.38,66.51,3,71.9,Pass
STU2121,Michal,Male,Grade 5,Arts,67.19,62.08,50.03,49.89,98.04,65.45,3,90.35,Pass
STU2122,Emma,Female,Grade 4,Phys.Ed,45.95,84.94,60.14,58.16,80.09,65.86,3,91.29,Pass
STU2123,Ethan,Male,Grade 4,Science,67.73,86.69,45.92,64.37,61.45,65.23,3,81.9,Pass
STU2124,Tyler,Male,Grade 2,Math's,72.49,53.94,93.13,57.86,77.89,71.06,4,82.4,Not Attended
STU2125,Robert,Female,Grade 5,English,65.44,86.91,45.9,45.41,35.01,55.74,3,94.04,Pass
STU2126,Liam,Female,Grade 4,Science,73.49,96.22,51.55,84.83,62.04,73.62,4,79.92,Pass
STU2127,Zen,Male,Grade 1,Arts,44.5,56.72,50.67,63.7,41.37,51.39,2,77.65,Pass
STU2128,Damon,Male,Grade 2,Arts,66.8,79.2,100.0,72.78,44.27,72.61,4,77.86,Pass
STU2129,Mia,Female,Grade 3,English,56.99,69.93,57.3,55.65,78.03,63.58,3,89.08,Pass
STU2130,Emma,Male,Grade 1,English,63.77,65.56,62.66,49.78,57.8,59.91,3,81.87,Pass
STU2131,Emma,Female,Grade 2,Arts,85.81,75.31,43.19,65.77,46.81,63.38,3,86.08,Pass
STU2132,Robert,Female,Grade 3,Science,56.06,69.0,58.5,40.83,72.95,59.47,3,73.32,Pass
STU2133,Jack,Male,Grade 1,Math's,65.94,61.66,86.31,50.0,45.5,61.88,3,76.21,Pass
STU2134,Mia,Male,Grade 4,Math's,62.55,38.53,32.14,65.2,88.09,57.3,3,86.79,Pass
STU2135,Ava,Female,Grade 5,English,36.63,60.31,66.82,72.05,66.9,60.54,3,95.17,Pass
STU2136,Damon,Male,Grade 5,Phys.Ed,47.48,37.44,52.21,74.61,86.59,59.67,3,79.91,Pass
STU2137,Noah,Female,Grade 3,Math's,83.2,71.86,49.39,60.92,65.99,66.27,3,92.9,Pass
STU2138,Ava,Female,Grade 3,Arts,63.67,100.0,100.0,57.14,78.35,79.83,4,73.97,Pass
STU2139,Liam,Female,Grade 5,Science,54.05,81.06,100.0,61.9,100.0,79.4,4,80.38,Pass
STU2140,Mia,Female,Grade 5,Science,68.21,48.56,50.68,55.09,77.3,59.97,3,84.93,Pass
STU2141,Zen,Female,Grade 2,English,57.4,63.57,36.56,48.91,72.01,55.69,3,99.4,Pass
STU2142,Ethan,Female,Grade 4,Math's,64.8,69.17,47.3,84.63,52.63,63.71,3,70.66,Pass
STU2143,Sophia,Female,Grade 1,English,90.08,70.96,69.9,62.95,67.32,72.24,4,95.19,Pass
STU2144,Ava,Male,Grade 3,Arts,71.16,99.5,29.81,48.77,72.03,64.25,3,100.0,Pass
STU2145,Lucas,Male,Grade 2,Science,63.34,86.73,29.81,54.63,56.48,58.2,3,87.71,Pass
STU2146,Cal,Male,Grade 1,Arts,59.59,61.44,76.71,56.06,38.67,58.49,3,85.42,Pass
STU2147,Lucas,Female,Grade 4,English,45.19,57.55,78.38,63.77,68.76,62.73,3,73.95,Pass
STU2148,Ethan,Female,Grade 2,English,58.77,45.89,59.86,43.39,66.73,54.93,2,90.4,Pass
STU2149,Hudson,Female,Grade 4,Phys.Ed,78.84,78.63,42.09,60.73,100.0,72.06,4,72.27,Pass
STU2150,Noah,Male,Grade 5,Arts,62.6,38.69,33.15,49.57,64.03,49.61,2,92.59,Fail
STU2151,Olivia,Male,Grade 2,Phys.Ed,48.5,71.91,57.0,61.75,89.82,65.8,3,93.25,Pass
STU2152,Cal,Female,Grade 1,English,83.21,89.02,49.78,53.46,63.65,67.82,3,79.66,Pass
STU2153,Emma,Male,Grade 3,Phys.Ed,64.4,70.27,64.74,59.26,48.56,61.45,3,98.07,Pass
STU2154,Liam,Male,Grade 5,Science,70.32,77.0,90.93,45.21,60.76,68.85,3,95.02,Pass
STU2155,Ethan,Male,Grade 3,Phys.Ed,62.69,65.99,45.08,56.84,45.9,55.3,3,84.13,Pass
STU2156,Jack,Male,Grade 3,Arts,51.5,56.91,81.75,62.9,76.51,65.91,3,91.54,Pass
STU2157,Jack,Male,Grade 1,Arts,70.52,88.7,57.47,55.07,96.29,73.61,4,82.62,Pass
STU2158,Cal,Male,Grade 2,English,76.3,57.71,66.23,61.82,87.61,69.94,3,83.0,Pass
STU2159,Ethan,Male,Grade 5,Science,84.78,62.31,67.59,66.57,39.73,64.2,3,90.42,Pass
STU2160,Hudson,Male,Grade 5,Math's,51.82,70.02,56.89,62.12,50.56,58.28,3,82.48,Pass
STU2161,Zen,Female,Grade 2,Science,45.68,71.6,68.44,59.16,67.82,62.54,3,97.03,Pass
STU2162,Olivia,Female,Grade 2,Phys.Ed,43.49,69.53,66.1,49.11,53.81,56.41,3,69.31,Pass
STU2163,Noah,Female,Grade 3,Phys.Ed,69.87,60.25,70.91,47.75,49.0,59.56,3,76.2,Pass
STU2164,Olivia,Female,Grade 2,Math's,69.64,84.79,48.08,51.36,54.6,61.7,3,88.57,Pass
STU2165,Damon,Female,Grade 4,Arts,56.81,58.83,44.01,54.1,39.57,50.66,2,91.07,Pass
STU2166,Robert,Female,Grade 5,Math's,64.14,76.97,55.62,58.55,55.48,62.15,3,81.72,Pass
STU2167,Cal,Male,Grade 1,English,100.0,51.48,57.58,61.73,54.44,65.05,3,83.28,Pass
STU2168,Olivia,Male,Grade 5,Science,84.05,62.06,73.92,79.44,61.02,72.1,4,89.53,Pass
STU2169,Emma,Male,Grade 5,Science,76.93,49.49,48.0,52.51,80.28,61.44,3,74.6,Fail
STU2170,Sophia,Female,Grade 5,Math's,69.27,51.26,45.62,70.78,55.96,58.58,3,98.09,Pass
STU2171,Mack,Female,Grade 3,Math's,73.14,74.98,51.29,75.79,68.26,68.69,3,81.45,Pass
STU2172,Mason,Female,Grade 5,Arts,67.96,76.56,54.82,73.15,69.85,68.47,3,70.89,Pass
STU2173,Zen,Male,Grade 3,Math's,77.17,77.25,44.43,63.18,72.22,66.85,3,84.74,Pass
STU2174,Ava,Female,Grade 5,Arts,69.56,57.48,28.71,47.08,54.61,51.49,2,84.19,Pass
STU2175,Mack,Female,Grade 1,English,55.7,82.6,36.38,66.6,74.65,63.19,3,82.86,Pass
STU2176,Sophia,Female,Grade 5,Math's,43.68,79.52,80.52,75.9,87.73,73.47,4,90.2,Pass
STU2177,Emma,Female,Grade 5,English,63.07,60.77,73.86,66.39,77.08,68.23,3,82.33,Pass
STU2178,Ethan,Male,Grade 5,Math's,70.6,78.26,74.2,74.31,82.86,76.05,4,66.97,Pass
STU2179,Emma,Male,Grade 4,Math's,61.73,78.5,100.0,58.09,66.95,73.05,4,76.87,Pass
STU2180,Liam,Male,Grade 4,Arts,63.28,49.52,52.35,71.05,84.24,64.09,3,81.39,Pass
STU2181,Michal,Male,Grade 2,Science,46.84,75.54,60.51,69.95,25.57,55.68,3,72.64,Pass
STU2182,Hudson,Male,Grade 5,Phys.Ed,62.82,54.9,36.27,71.39,72.59,59.59,3,92.48,Pass
STU2183,Sophia,Female,Grade 2,Phys.Ed,35.84,75.93,25.63,51.52,87.98,55.38,3,90.65,Pass
STU2184,Hudson,Male,Grade 5,Math's,37.96,64.77,33.24,51.24,64.37,50.32,2,82.26,Pass
STU2185,Cal,Male,Grade 5,Math's,43.39,73.86,31.34,78.31,65.95,58.57,3,76.88,Pass
STU2186,Tyler,Male,Grade 4,Math's,95.79,70.53,79.18,76.71,44.84,73.41,4,86.29,Pass
STU2187,Cal,Male,Grade 5,English,37.82,70.81,55.48,77.78,81.6,64.7,3,77.15,Pass
STU2188,Lucas,Female,Grade 1,Math's,63.51,97.36,35.71,77.34,37.26,62.23,3,97.22,Not Attended
STU2189,Ethan,Male,Grade 5,Phys.Ed,73.2,69.71,53.87,52.46,60.04,61.86,3,77.46,Fail
STU2190,Lucas,Female,Grade 4,Phys.Ed,44.55,63.65,50.87,70.33,87.41,63.36,3,96.43,Pass
STU2191,Noah,Male,Grade 5,English,83.05,71.97,45.15,71.34,59.46,66.2,3,68.4,Pass
STU2192,Ethan,Male,Grade 2,Phys.Ed,87.83,62.16,63.11,75.93,25.48,62.9,3,79.91,Pass
STU2193,Michal,Female,Grade 5,Arts,72.1,79.41,60.85,44.21,29.72,57.26,3,71.76,Pass
STU2194,Mason,Female,Grade 5,Phys.Ed,58.85,60.84,96.21,51.13,77.85,68.97,3,84.02,Fail
STU2195,Mason,Female,Grade 2,Phys.Ed,83.94,62.65,74.39,65.37,63.12,69.89,3,85.63,Pass
STU2196,Hudson,Female,Grade 2,Math's,53.29,78.62,58.29,45.43,51.43,57.41,3,58.41,Fail
STU2197,Emma,Male,Grade 5,Math's,70.24,56.62,45.05,48.61,58.97,55.9,3,92.89,Not Attended
STU2198,Noah,Male,Grade 2,English,89.75,53.31,77.97,56.73,71.65,69.88,3,83.98,Pass
STU2199,Robert,Male,Grade 2,Math's,62.04,67.08,74.74,78.07,73.95,71.18,4,98.38,Pass
STU2200,Damon,Male,Grade 5,Math's,74.1,64.5,54.04,77.49,74.58,68.94,3,89.28,Pass
STU2201,Olivia,Male,Grade 5,Math's,63.23,52.14,72.54,46.61,24.48,51.8,2,69.56,Pass
STU2202,Tyler,Female,Grade 3,Phys.Ed,81.79,73.14,78.43,72.67,57.98,72.8,4,82.15,Pass
STU2203,Olivia,Female,Grade 1,English,72.67,67.3,68.91,54.41,45.54,61.77,3,95.72,Pass
STU2204,Cal,Female,Grade 4,Phys.Ed,80.97,62.96,48.11,57.89,59.63,61.91,3,90.16,Pass
STU2205,Liam,Female,Grade 5,English,74.58,73.84,59.41,85.88,32.39,65.22,3,92.9,Pass
STU2206,Jack,Male,Grade 4,Science,56.41,49.97,51.06,67.54,62.89,57.57,3,92.95,Pass
STU2207,Damon,Male,Grade 3,Science,46.88,82.93,82.25,44.08,50.75,61.38,3,78.22,Pass
STU2208,Olivia,Female,Grade 2,Science,76.02,69.14,73.08,65.28,43.25,65.35,3,76.91,Pass
STU2209,Sophia,Male,Grade 5,English,74.18,66.27,57.03,61.12,52.34,62.19,3,92.07,Pass
STU2210,Lucas,Female,Grade 5,Arts,58.57,41.18,69.15,63.51,58.2,58.12,3,75.69,Pass
STU2211,Robert,Male,Grade 3,English,77.74,37.28,61.91,75.03,49.77,60.34,3,77.98,Pass
STU2212,Ava,Male,Grade 3,English,44.55,37.05,18.1,70.25,53.1,44.61,2,80.36,Pass
STU2213,Ava,Female,Grade 5,Phys.Ed,60.74,43.98,45.24,68.23,52.09,54.06,2,93.64,Pass
STU2214,Ava,Male,Grade 4,Math's,60.63,90.01,63.78,56.43,84.22,71.01,4,68.42,Pass
STU2215,Mia,Male,Grade 5,Phys.Ed,87.11,69.03,77.49,57.42,44.76,67.16,3,73.52,Pass
STU2216,Lucas,Male,Grade 1,Science,69.8,74.44,33.2,61.0,46.58,57.0,3,87.21,Pass
STU2217,Zen,Female,Grade 5,Math's,62.32,62.94,55.97,40.48,63.05,56.95,3,77.66,Pass
STU2218,Noah,Female,Grade 5,Arts,44.92,39.54,63.95,61.25,53.86,52.71,2,73.74,Pass
STU2219,Cal,Male,Grade 2,Phys.Ed,75.06,58.69,75.75,65.77,82.8,71.62,4,80.97,Pass
STU2220,Noah,Male,Grade 5,Math's,58.75,51.16,84.38,83.98,37.92,63.24,3,87.84,Pass
STU2221,Michal,Male,Grade 4,Math's,53.54,67.5,76.56,75.49,43.71,63.36,3,69.79,Fail
STU2222,Zen,Female,Grade 4,Math's,80.97,61.5,42.31,48.24,74.77,61.56,3,84.24,Pass
STU2223,Mia,Female,Grade 2,English,49.26,80.42,41.48,39.01,69.9,56.01,3,82.89,Pass
STU2224,Mia,Female,Grade 5,Math's,49.44,65.43,49.85,77.56,73.1,63.08,3,97.37,Pass
STU2225,Noah,Female,Grade 1,English,64.62,50.08,40.21,69.71,77.11,60.35,3,84.21,Pass
STU2226,Zen,Male,Grade 4,Math's,76.98,87.39,40.03,49.45,44.57,59.68,3,78.81,Pass
STU2227,Damon,Female,Grade 5,Arts,63.14,80.83,58.59,50.47,55.42,61.69,3,87.99,Pass
STU2228,Mack,Female,Grade 3,Phys.Ed,56.04,57.86,42.46,79.69,72.61,61.73,3,100.0,Pass
STU2229,Hudson,Male,Grade 5,Arts,89.76,41.65,49.69,52.02,53.88,57.4,3,67.11,Pass
STU2230,Ava,Male,Grade 1,Math's,68.7,56.83,57.3,56.58,30.35,53.95,2,94.4,Pass
STU2231,Emma,Male,Grade 5,Science,38.2,53.74,63.83,74.39,24.44,50.92,2,91.97,Pass
STU2232,Hudson,Female,Grade 5,Arts,62.51,50.53,37.68,63.49,93.32,61.5,3,76.43,Pass
STU2233,Noah,Male,Grade 1,Science,41.18,58.71,75.85,55.81,27.48,51.8,2,83.75,Pass
STU2234,Damon,Male,Grade 1,Science,53.66,71.5,77.23,62.83,56.78,64.4,3,83.22,Pass
STU2235,Mack,Female,Grade 2,Science,75.86,47.36,74.74,36.78,43.97,55.74,3,81.48,Pass
STU2236,Liam,Male,Grade 1,Arts,69.64,85.58,57.08,56.16,69.88,67.67,3,63.37,Pass
STU2237,Ava,Male,Grade 4,Math's,69.66,70.97,50.86,57.71,55.84,61.01,3,81.77,Pass
STU2238,Olivia,Female,Grade 5,Phys.Ed,69.01,51.51,34.3,69.67,78.41,60.58,3,83.32,Pass
STU2239,Mack,Female,Grade 5,Math's,82.71,51.53,23.45,56.93,67.7,56.46,3,82.7,Pass
STU2240,Lucas,Male,Grade 1,Phys.Ed,54.57,58.99,45.63,80.86,74.34,62.88,3,91.65,Pass
STU2241,Emma,Female,Grade 5,Math's,61.32,77.99,72.7,65.71,76.52,70.85,4,92.24,Pass
STU2242,Cal,Male,Grade 5,English,50.3,59.6,76.71,59.84,55.32,60.36,3,85.31,Pass
STU2243,Lucas,Female,Grade 5,Phys.Ed,50.75,95.6,81.1,65.82,71.97,73.05,4,76.66,Pass
STU2244,Damon,Male,Grade 2,Phys.Ed,52.78,80.86,35.21,46.62,93.42,61.78,3,83.91,Pass
STU2245,Olivia,Female,Grade 5,English,50.1,70.69,36.57,47.11,86.87,58.27,3,87.26,Pass
STU2246,Tyler,Female,Grade 1,Science,53.82,66.6,64.83,87.56,74.25,69.41,3,78.05,Fail
STU2247,Hudson,Male,Grade 1,Math's,60.52,46.43,59.18,70.22,86.12,64.49,3,91.7,Pass
STU2248,Zen,Female,Grade 3,English,100.0,90.96,69.57,71.3,70.1,80.39,4,78.73,Pass
STU2249,Liam,Male,Grade 3,Science,85.19,56.21,49.72,32.36,36.67,52.03,2,79.3,Fail
STU2250,Cal,Female,Grade 5,Math's,39.83,58.84,43.78,42.15,80.66,53.05,2,76.46,Pass
STU2251,Lucas,Female,Grade 2,Phys.Ed,69.31,62.77,41.85,73.25,96.26,68.69,3,85.63,Pass
STU2252,Olivia,Male,Grade 4,Arts,73.78,59.43,79.73,46.55,58.14,63.53,3,86.55,Pass
STU2253,Zen,Male,Grade 2,Math's,68.86,73.11,72.39,48.9,68.06,66.26,3,84.2,Pass
STU2254,Sophia,Male,Grade 3,Phys.Ed,82.19,67.24,52.25,67.86,79.94,69.9,3,86.37,Pass
STU2255,Mason,Female,Grade 5,Science,62.22,83.96,64.09,51.53,79.9,68.34,3,95.87,Pass
STU2256,Mack,Female,Grade 3,Math's,51.23,71.08,91.08,64.61,73.08,70.21,4,84.6,Pass
STU2257,Michal,Male,Grade 5,Science,39.46,44.98,28.43,78.71,48.2,47.96,2,86.81,Pass
STU2258,Michal,Female,Grade 2,Phys.Ed,84.9,59.69,64.55,80.18,45.92,67.05,3,79.0,Pass
STU2259,Ethan,Male,Grade 5,Science,56.67,66.98,63.12,56.52,31.26,54.91,2,87.55,Pass
STU2260,Emma,Male,Grade 4,Math's,22.99,48.7,8.73,60.1,78.85,43.87,2,84.84,Pass
STU2261,Mack,Male,Grade 3,Arts,60.61,60.21,53.76,77.48,52.77,60.97,3,90.78,Pass
STU2262,Hudson,Female,Grade 5,Math's,57.49,44.41,55.47,78.07,55.82,58.25,3,88.99,Fail
STU2263,Tyler,Female,Grade 5,Science,86.08,77.13,82.05,49.11,44.61,67.8,3,88.14,Pass
STU2264,Cal,Male,Grade 2,Math's,60.73,69.04,61.17,83.12,51.1,65.03,3,86.58,Pass
STU2265,Shawn,Female,Grade 3,Arts,53.67,59.67,78.0,57.95,41.81,58.22,3,95.45,Fail
STU2266,Cal,Female,Grade 2,Phys.Ed,52.79,72.12,38.49,54.79,78.56,59.35,3,77.64,Pass
STU2267,Zen,Female,Grade 1,Arts,49.53,27.33,63.58,71.44,62.64,54.91,2,92.35,Pass
STU2268,Robert,Female,Grade 4,Science,52.8,88.0,82.66,61.1,63.99,69.71,3,77.23,Pass
STU2269,Mason,Male,Grade 4,English,38.15,75.64,44.32,65.94,75.92,60.0,3,94.46,Not Attended
STU2270,Jack,Male,Grade 2,Arts,44.03,53.18,53.46,61.85,50.82,52.67,2,74.31,Pass
STU2271,Ethan,Male,Grade 5,English,100.0,98.3,56.21,66.1,82.25,80.57,4,73.66,Pass
STU2272,Ethan,Female,Grade 5,Science,64.29,81.47,64.25,42.6,78.02,66.13,3,94.42,Pass
STU2273,Lucas,Female,Grade 5,Science,46.09,86.64,67.13,68.47,57.73,65.21,3,73.53,Pass
STU2274,Damon,Male,Grade 5,Science,62.46,28.79,64.64,65.48,81.01,60.48,3,77.99,Pass
STU2275,Zen,Female,Grade 2,Science,74.23,41.28,85.0,75.45,87.69,72.73,4,92.87,Pass
STU2276,Emma,Male,Grade 5,English,61.34,44.65,74.14,59.2,71.92,62.25,3,82.57,Pass
STU2277,Hudson,Female,Grade 2,Science,64.94,53.4,52.13,51.73,85.86,61.61,3,90.24,Pass
STU2278,Zen,Female,Grade 4,Math's,46.78,88.03,79.33,65.07,45.98,65.04,3,90.93,Pass
STU2279,Noah,Male,Grade 5,Arts,50.7,59.83,86.29,74.94,66.34,67.62,3,66.11,Pass
STU2280,Robert,Female,Grade 5,English,55.58,72.12,71.68,60.59,48.7,61.73,3,85.49,Pass
STU2281,Tyler,Male,Grade 5,Arts,34.44,43.74,72.9,56.53,98.59,61.24,3,94.73,Pass
STU2282,Michal,Male,Grade 3,Math's,60.71,58.33,39.79,79.92,21.56,52.06,2,78.6,Pass
STU2283,Mia,Female,Grade 4,Arts,80.89,83.79,47.36,33.46,68.43,62.78,3,94.55,Pass
STU2284,Shawn,Male,Grade 1,Phys.Ed,60.73,56.86,50.03,56.6,44.28,53.7,2,89.42,Pass
STU2285,Zen,Female,Grade 2,Phys.Ed,91.04,57.22,70.99,62.95,18.6,60.16,3,98.34,Pass
STU2286,Damon,Female,Grade 4,Science,71.43,69.33,74.09,53.82,17.83,57.3,3,92.79,Pass
STU2287,Sophia,Female,Grade 5,Science,67.53,57.65,71.79,58.59,91.67,69.44,3,79.91,Pass
STU2288,Zen,Male,Grade 2,Arts,54.02,62.22,84.82,33.23,43.18,55.49,3,78.2,Pass
STU2289,Ava,Female,Grade 4,Science,52.43,84.69,31.41,86.7,52.05,61.46,3,81.9,Pass
STU2290,Mack,Male,Grade 4,Math's,69.24,64.4,55.39,59.44,72.46,64.19,3,87.84,Pass
STU2291,Tyler,Male,Grade 4,Arts,55.02,76.08,55.67,74.73,84.33,69.16,3,87.55,Pass
STU2292,Noah,Female,Grade 1,Phys.Ed,78.69,51.33,47.49,64.08,45.17,57.35,3,85.95,Pass
STU2293,Zen,Female,Grade 1,Science,85.6,63.35,53.6,73.83,69.77,69.23,3,84.36,Pass
STU2294,Liam,Female,Grade 5,English,41.79,71.19,48.99,63.73,76.56,60.45,3,76.4,Pass
STU2295,Shawn,Male,Grade 2,Science,84.99,46.97,50.73,77.06,59.25,63.8,3,74.42,Pass
STU2296,Mia,Female,Grade 5,Math's,57.8,73.85,59.35,51.44,51.91,58.87,3,70.51,Pass
STU2297,Olivia,Male,Grade 5,Arts,41.38,81.93,81.01,69.68,39.79,62.76,3,88.12,Pass
STU2298,Michal,Male,Grade 5,Science,64.26,55.5,52.72,75.12,69.07,63.34,3,73.54,Pass
STU2299,Liam,Female,Grade 4,Science,39.89,61.8,44.52,54.91,55.19,51.26,2,83.38,Fail
STU2300,Shawn,Male,Grade 5,Arts,74.34,99.16,55.31,40.8,60.58,66.04,3,90.75,Pass
STU2301,Jack,Male,Grade 1,Arts,67.1,53.16,80.45,76.6,93.13,74.09,4,79.66,Pass
STU2302,Robert,Female,Grade 2,Phys.Ed,60.31,48.01,63.22,72.2,64.01,61.55,3,93.83,Pass
STU2303,Liam,Female,Grade 5,Science,72.18,73.73,49.06,51.11,64.2,62.06,3,68.88,Pass
STU2304,Emma,Male,Grade 2,English,55.56,83.77,46.02,44.17,46.84,55.27,3,94.04,Not Attended
STU2305,Noah,Female,Grade 5,Phys.Ed,79.1,64.86,50.77,52.81,67.91,63.09,3,80.98,Pass
STU2306,Mack,Male,Grade 4,Phys.Ed,40.81,70.24,72.18,54.03,93.75,66.2,3,84.14,Pass
STU2307,Liam,Male,Grade 2,Phys.Ed,81.45,67.83,67.96,47.52,33.99,59.75,3,91.29,Pass
STU2308,Liam,Male,Grade 5,Phys.Ed,86.73,76.58,83.51,72.69,76.33,79.17,4,81.3,Pass
STU2309,Mia,Male,Grade 1,English,58.71,66.95,72.84,66.08,60.41,65.0,3,84.44,Pass
STU2310,Ethan,Male,Grade 3,Science,82.0,89.68,60.69,68.21,69.01,73.92,4,66.56,Pass
STU2311,Robert,Male,Grade 4,Arts,51.04,59.36,72.01,76.85,83.75,68.6,3,89.23,Pass
STU2312,Shawn,Female,Grade 4,Science,65.22,72.28,52.56,76.88,75.27,68.44,3,83.76,Pass
STU2313,Michal,Male,Grade 1,Math's,45.88,58.48,58.01,62.91,49.63,54.98,2,84.92,Pass
STU2314,Emma,Male,Grade 5,Science,70.89,69.46,58.93,68.02,43.67,62.19,3,74.98,Pass
STU2315,Jack,Female,Grade 3,Phys.Ed,51.41,63.6,53.96,45.77,25.38,48.02,2,76.49,Pass
STU2316,Lucas,Female,Grade 3,Math's,75.07,77.31,67.2,40.49,47.43,61.5,3,86.43,Pass
STU2317,Mason,Female,Grade 5,Math's,56.42,74.95,47.55,61.13,75.32,63.08,3,78.19,Pass
STU2318,Cal,Female,Grade 5,Math's,68.78,70.89,50.67,65.09,18.01,54.69,2,90.68,Pass
STU2319,Noah,Male,Grade 2,English,48.35,55.43,65.54,70.71,68.09,61.62,3,100.0,Pass
STU2320,Emma,Male,Grade 4,English,68.16,63.61,67.35,53.08,75.84,65.61,3,91.15,Not Attended
STU2321,Noah,Male,Grade 5,Arts,79.34,55.95,57.7,42.11,95.09,66.04,3,94.1,Fail
STU2322,Noah,Female,Grade 5,Arts,49.48,56.48,63.82,66.6,56.85,58.65,3,100.0,Pass
STU2323,Shawn,Female,Grade 1,Arts,69.31,77.77,43.31,66.38,63.25,64.0,3,78.53,Pass
STU2324,Michal,Female,Grade 1,Phys.Ed,65.41,51.34,82.99,55.65,79.28,66.93,3,84.92,Not Attended
STU2325,Noah,Female,Grade 5,Arts,73.96,57.71,11.94,74.2,30.4,49.64,2,100.0,Pass
STU2326,Sophia,Male,Grade 5,Science,59.44,100.0,46.94,58.37,97.47,72.45,4,78.5,Pass
STU2327,Liam,Female,Grade 4,Arts,64.26,50.69,65.75,63.33,41.03,57.01,3,87.57,Pass
STU2328,Robert,Male,Grade 3,Math's,50.48,89.01,62.48,57.44,58.16,63.51,3,84.02,Pass
STU2329,Cal,Male,Grade 4,Science,57.59,68.19,59.44,56.01,54.88,59.22,3,87.48,Pass
STU2330,Noah,Female,Grade 5,Phys.Ed,61.71,68.86,67.75,52.83,71.24,64.48,3,87.24,Pass
STU2331,Ethan,Female,Grade 5,Arts,76.73,89.1,94.48,53.79,70.09,76.84,4,89.63,Pass
STU2332,Mack,Female,Grade 1,Math's,43.18,36.82,98.17,59.89,77.32,63.08,3,89.86,Pass
STU2333,Mack,Female,Grade 2,Math's,70.96,33.24,42.65,29.47,49.88,45.24,2,79.74,Pass
STU2334,Noah,Male,Grade 1,Math's,67.07,49.37,47.32,73.56,60.19,59.5,3,80.65,Pass
STU2335,Hudson,Male,Grade 1,Math's,80.45,60.22,49.73,61.2,78.43,66.01,3,86.0,Pass
STU2336,Noah,Male,Grade 2,Science,47.69,79.52,79.28,73.46,75.66,71.12,4,87.57,Pass
STU2337,Mia,Female,Grade 5,English,70.43,65.42,70.07,72.01,42.88,64.16,3,92.77,Pass
STU2338,Shawn,Female,Grade 1,Science,59.13,53.46,81.94,81.44,56.55,66.5,3,85.03,Pass
STU2339,Sophia,Female,Grade 2,Arts,40.54,51.86,75.48,41.93,60.52,54.07,2,81.59,Pass
STU2340,Mia,Male,Grade 5,Phys.Ed,60.75,74.37,89.01,65.01,72.48,72.33,4,96.87,Pass
STU2341,Mason,Male,Grade 5,English,65.2,90.54,62.8,67.92,47.82,66.86,3,91.88,Pass
STU2342,Olivia,Female,Grade 3,Math's,66.27,72.71,45.39,56.88,49.87,58.22,3,82.76,Pass
STU2343,Hudson,Male,Grade 5,Math's,76.5,87.09,32.13,56.78,79.55,66.41,3,82.46,Pass
STU2344,Michal,Male,Grade 2,English,47.77,42.36,61.05,71.76,42.82,53.15,2,86.06,Pass
STU2345,Olivia,Male,Grade 4,Phys.Ed,69.53,75.84,61.35,67.94,49.37,64.81,3,91.51,Pass
STU2346,Jack,Male,Grade 5,Math's,27.74,71.16,24.9,66.4,100.0,58.04,3,94.88,Pass
STU2347,Noah,Female,Grade 4,Science,55.43,64.28,70.31,75.02,54.03,63.81,3,92.97,Pass
STU2348,Ethan,Male,Grade 5,Arts,67.93,75.79,67.25,61.2,76.39,69.71,3,96.87,Pass
STU2349,Mack,Female,Grade 2,Arts,64.19,73.87,49.32,64.37,51.51,60.65,3,89.07,Pass
STU2350,Mia,Male,Grade 2,Math's,52.62,62.08,79.47,49.11,45.91,57.84,3,88.32,Pass
STU2351,Ethan,Male,Grade 2,Science,67.36,46.91,36.71,56.66,74.73,56.47,3,88.76,Pass
STU2352,Sophia,Male,Grade 2,Phys.Ed,95.8,84.0,62.45,78.01,68.65,77.78,4,100.0,Fail
STU2353,Mack,Female,Grade 2,Math's,73.6,94.0,32.31,48.1,57.59,61.12,3,81.58,Pass
STU2354,Ethan,Female,Grade 3,Science,64.4,73.85,33.87,78.21,60.49,62.16,3,75.33,Pass
STU2355,Sophia,Female,Grade 1,Arts,69.55,61.79,56.64,50.79,77.75,63.3,3,82.23,Pass
STU2356,Hudson,Male,Grade 1,Science,88.01,83.88,25.62,51.38,70.64,63.91,3,73.44,Fail
STU2357,Lucas,Female,Grade 1,Science,72.58,87.75,50.37,68.16,46.7,65.11,3,100.0,Fail
STU2358,Robert,Female,Grade 5,Arts,31.33,77.79,58.77,55.39,63.34,57.33,3,96.42,Pass
STU2359,Liam,Male,Grade 5,Phys.Ed,56.6,80.73,62.37,40.61,43.59,56.78,3,98.86,Pass
STU2360,Hudson,Male,Grade 1,Arts,62.88,62.7,99.54,61.35,51.57,67.61,3,84.92,Pass
STU2361,Robert,Female,Grade 2,English,79.2,50.62,70.26,70.06,78.77,69.78,3,72.7,Pass
STU2362,Noah,Male,Grade 1,Math's,60.51,72.77,74.05,48.69,92.34,69.67,3,88.0,Pass
STU2363,Noah,Female,Grade 5,English,64.11,68.69,49.76,72.33,90.15,69.01,3,78.98,Pass
STU2364,Noah,Male,Grade 4,Arts,57.54,69.18,46.88,66.37,60.21,60.04,3,87.29,Pass
STU2365,Jack,Male,Grade 1,Phys.Ed,69.54,33.93,71.76,54.89,57.55,57.53,3,91.77,Pass
STU2366,Michal,Male,Grade 2,Science,57.82,66.26,60.88,76.28,62.52,64.75,3,83.57,Pass
STU2367,Ethan,Male,Grade 5,Phys.Ed,43.76,50.91,40.78,46.38,94.97,55.36,3,75.42,Fail
STU2368,Zen,Female,Grade 2,Arts,68.83,44.66,40.82,74.46,45.44,54.84,2,94.38,Pass
STU2369,Sophia,Male,Grade 2,English,44.29,40.27,51.74,56.39,75.6,53.66,2,84.14,Pass
STU2370,Ethan,Male,Grade 5,Arts,49.31,80.32,53.51,62.44,46.96,58.51,3,77.84,Pass
STU2371,Noah,Male,Grade 4,English,70.08,54.74,35.41,60.24,70.02,58.1,3,98.72,Pass
STU2372,Ava,Male,Grade 1,Math's,70.48,79.1,53.31,74.18,47.26,64.87,3,88.69,Not Attended
STU2373,Emma,Female,Grade 5,Science,52.94,85.42,85.09,66.41,57.99,69.57,3,77.3,Pass
STU2374,Tyler,Female,Grade 5,English,70.27,59.98,63.92,66.53,88.68,69.87,3,85.59,Pass
STU2375,Tyler,Male,Grade 5,English,65.57,62.43,61.56,74.51,61.66,65.15,3,83.76,Pass
STU2376,Robert,Male,Grade 4,Arts,80.34,71.66,92.36,60.63,61.89,73.38,4,85.72,Pass
STU2377,Ava,Male,Grade 5,Science,62.23,84.21,40.3,56.52,67.78,62.21,3,94.05,Pass
STU2378,Robert,Female,Grade 3,Math's,64.7,76.51,88.14,65.43,100.0,78.95,4,83.28,Fail
STU2379,Sophia,Female,Grade 1,Phys.Ed,82.4,90.93,66.72,77.02,56.62,74.74,4,79.0,Pass
STU2380,Lucas,Female,Grade 4,English,47.89,58.9,88.12,59.11,66.87,64.18,3,86.19,Pass
STU2381,Shawn,Male,Grade 4,English,79.05,84.82,68.54,75.79,65.84,74.81,4,82.62,Pass
STU2382,Hudson,Male,Grade 5,Arts,58.87,61.37,76.07,59.93,69.22,65.09,3,89.3,Pass
STU2383,Robert,Female,Grade 4,English,57.8,49.92,50.26,57.89,53.67,53.91,2,86.17,Fail
STU2384,Ava,Female,Grade 3,Science,51.77,68.36,31.11,55.3,22.36,45.78,2,81.18,Pass
STU2385,Shawn,Female,Grade 5,Phys.Ed,47.49,68.39,53.19,55.9,50.7,55.13,3,86.4,Pass
STU2386,Mack,Male,Grade 3,English,50.12,89.39,68.15,64.25,55.21,65.42,3,79.9,Pass
STU2387,Sophia,Female,Grade 4,English,59.39,59.3,49.57,57.28,40.6,53.23,2,76.32,Pass
STU2388,Mack,Male,Grade 3,English,63.38,63.65,63.15,49.36,54.01,58.71,3,95.5,Pass
STU2389,Damon,Male,Grade 5,Phys.Ed,71.39,52.07,54.87,74.2,33.82,57.27,3,74.0,Fail
STU2390,Ava,Male,Grade 3,English,39.85,70.32,83.14,66.35,72.41,66.42,3,75.53,Pass
STU2391,Mason,Female,Grade 5,English,55.07,64.52,64.45,66.26,62.61,62.58,3,69.84,Pass
STU2392,Hudson,Female,Grade 1,Phys.Ed,71.63,56.52,72.22,40.62,54.48,59.09,3,70.99,Pass
STU2393,Ethan,Female,Grade 3,Arts,62.05,70.01,65.19,76.93,100.0,74.83,4,75.41,Pass
STU2394,Michal,Female,Grade 5,Phys.Ed,70.45,59.11,56.14,70.72,67.44,64.77,3,83.09,Pass
STU2395,Ava,Female,Grade 5,English,87.42,46.71,73.79,51.38,70.47,65.95,3,72.8,Pass
STU2396,Zen,Female,Grade 5,Phys.Ed,64.8,77.04,51.98,67.91,54.16,63.18,3,89.0,Fail
STU2397,Ethan,Female,Grade 1,Science,79.2,27.98,56.15,69.92,74.31,61.51,3,77.45,Pass
STU2398,Robert,Male,Grade 3,Science,56.31,40.93,65.51,63.18,52.33,55.65,3,68.36,Fail
STU2399,Tyler,Male,Grade 3,Math's,52.65,76.28,39.53,44.74,61.58,54.96,2,96.37,Pass
STU2400,Cal,Male,Grade 5,English,45.06,59.38,63.66,61.16,86.73,63.2,3,64.4,Pass
