student_id,gender,school_type,parent_education,prior_gpa,attendance_pct,quiz_avg,assignment_avg,midterm_score,study_hours_per_week,on_time_submission_pct,lms_logins_per_week,forum_posts,commute_time,final_score,grade_band,at_risk
STU0001,Male,Government,High School,8.2,40.07,49.09,50.9,75.97,4.28,44.17,4,3,106.91,77.69,B,0
STU0002,Female,Semi-Government,Post Graduate,4.84,79.92,99.08,37.74,48.4,12.71,91.65,3,6,15.58,85.01,A,0
STU0003,Male,Private,Graduate,5.26,89.39,41.75,51.1,65.13,0.93,65.45,8,4,65.52,71.17,B,0
STU0004,Male,Government,Graduate,5.59,100.0,100.0,61.42,51.93,2.04,65.94,3,2,42.69,86.73,A,0
STU0005,Male,Government,Post Graduate,5.71,83.18,58.7,40.74,60.65,3.25,34.93,6,1,68.6,57.64,C,0
STU0006,Female,Private,Graduate,4.92,88.93,30.49,41.27,49.97,2.62,40.25,5,3,13.5,45.67,D,1
STU0007,Male,Private,Graduate,8.33,57.56,85.36,100.0,69.68,4.93,44.37,7,1,38.76,84.21,B,0
STU0008,Male,Private,High School,6.11,47.18,60.52,46.51,21.01,3.16,66.16,3,1,22.55,52.71,D,1
STU0009,Male,Semi-Government,High School,7.03,83.3,75.02,56.19,47.01,2.72,66.95,3,0,23.97,97.86,A,0
STU0010,Female,Private,High School,5.64,75.52,82.48,55.39,61.52,10.63,100.0,9,1,63.42,76.17,B,0
STU0011,Male,Government,Graduate,3.77,69.93,64.76,54.42,66.74,10.9,74.63,3,1,17.02,66.32,C,0
STU0012,Male,Government,Graduate,6.91,74.97,46.16,73.18,87.84,9.8,0.0,5,1,52.25,79.69,B,0
STU0013,Male,Government,Post Graduate,3.63,73.82,77.51,79.07,46.4,8.1,71.57,5,2,46.39,68.06,C,0
STU0014,Male,Private,High School,6.4,91.11,58.02,56.49,87.55,6.37,28.75,10,4,21.15,100.0,A,0
STU0015,Female,Government,Graduate,4.45,91.31,71.72,39.74,40.5,4.01,40.85,5,4,26.56,46.46,D,1
STU0016,Male,Private,Graduate,9.48,77.8,14.93,84.94,84.23,2.19,44.7,8,1,53.35,100.0,A,0
STU0017,Female,Private,Graduate,7.87,83.22,66.94,60.28,72.98,7.45,48.42,10,1,44.37,91.07,A,0
STU0018,Female,Semi-Government,Graduate,6.66,77.25,45.23,93.15,34.9,1.31,30.62,2,2,45.96,79.36,B,0
STU0019,Female,Government,High School,8.4,59.7,91.07,21.58,61.75,2.02,70.09,1,0,39.18,79.29,B,0
STU0020,Male,Semi-Government,Graduate,5.23,81.62,70.46,65.52,53.87,10.61,29.73,7,3,37.57,84.5,B,0
STU0021,Female,Government,High School,7.32,42.9,62.8,96.53,68.76,13.6,73.92,2,1,44.46,81.33,B,0
STU0022,Male,Semi-Government,High School,6.8,86.97,67.73,55.64,50.09,7.57,100.0,2,1,80.98,65.98,C,0
STU0023,Female,Government,Graduate,6.9,46.5,38.03,57.94,48.24,10.43,31.77,3,0,58.23,93.74,A,0
STU0024,Female,Government,Graduate,8.41,73.14,90.47,67.32,85.12,5.02,57.89,3,2,41.73,100.0,A,0
STU0025,Female,Private,Post Graduate,7.6,52.79,97.83,51.94,52.83,0.65,1.91,4,2,17.95,65.75,C,0
STU0026,Female,Government,Graduate,6.93,77.96,65.86,56.38,73.18,8.45,57.48,2,1,34.52,90.17,A,0
STU0027,Female,Government,Graduate,4.02,67.39,89.81,55.92,50.04,8.28,81.07,6,2,21.99,85.21,A,0
STU0028,Female,Private,Graduate,5.06,39.29,46.62,50.71,91.67,6.29,83.02,3,3,25.09,79.97,B,0
STU0029,Female,Private,Graduate,6.32,75.57,42.06,84.12,40.08,5.03,66.93,4,1,0.0,72.56,B,0
STU0030,Female,Private,High School,6.64,57.6,58.82,70.3,41.49,9.85,87.23,6,2,44.72,99.03,A,0
STU0031,Male,Private,High School,4.8,83.86,66.7,66.51,88.54,2.06,100.0,3,1,96.69,84.79,B,0
STU0032,Male,Private,High School,10.0,68.02,50.12,76.55,45.21,2.9,100.0,7,1,49.9,81.11,B,0
STU0033,Female,Government,Graduate,8.77,75.12,68.76,57.24,90.22,1.97,51.94,2,0,63.19,84.86,B,0
STU0034,Female,Government,High School,7.4,50.76,64.13,48.06,74.62,6.34,28.72,3,2,68.99,65.73,C,0
STU0035,Female,Government,High School,6.61,57.39,38.03,51.15,51.6,1.65,54.85,6,1,37.83,65.07,C,0
STU0036,Male,Semi-Government,High School,6.18,59.74,68.38,62.03,15.11,3.26,41.33,2,4,39.51,61.78,C,0
STU0037,Female,Private,Post Graduate,5.07,83.42,75.27,42.93,54.57,3.18,76.28,8,1,10.08,80.56,B,0
STU0038,Male,Private,High School,6.62,98.19,61.43,53.0,57.24,4.96,35.47,4,2,49.92,82.91,B,0
STU0039,Male,Private,Graduate,6.89,53.51,81.05,52.71,80.68,0.05,63.18,4,0,46.4,83.45,B,0
STU0040,Male,Semi-Government,High School,4.64,87.38,33.65,100.0,89.95,6.35,85.95,3,0,23.6,85.7,A,0
STU0041,Male,Government,Graduate,7.0,28.95,67.36,12.07,39.93,10.99,62.48,4,2,73.71,75.25,B,0
STU0042,Male,Private,High School,6.27,46.5,34.59,58.77,72.63,6.54,41.34,5,0,25.58,68.46,C,0
STU0043,Female,Private,High School,3.64,50.74,35.72,93.06,71.84,12.17,94.37,9,3,116.18,49.39,D,1
STU0044,Female,Private,Graduate,5.21,43.65,45.38,64.19,78.62,11.34,18.03,2,1,55.09,90.48,A,0
STU0045,Female,Government,High School,5.88,39.5,39.16,75.56,65.97,9.11,56.81,2,1,44.45,62.86,C,0
STU0046,Female,Semi-Government,High School,9.33,75.43,47.04,63.8,12.27,6.3,63.96,1,0,93.47,80.03,B,0
STU0047,Female,Semi-Government,High School,7.33,64.15,53.72,49.99,51.58,6.09,65.4,6,0,0.0,73.63,B,0
STU0048,Male,Private,High School,4.5,74.83,74.74,21.65,29.57,9.06,69.51,5,2,37.84,75.4,B,0
STU0049,Female,Private,High School,7.23,80.43,51.58,65.7,50.54,4.43,80.26,1,4,34.16,68.89,C,0
STU0050,Female,Semi-Government,High School,4.18,72.78,26.29,48.04,76.56,0.0,64.11,5,0,40.47,52.62,D,1
STU0051,Male,Private,Graduate,8.12,79.84,80.8,47.59,61.71,7.97,55.8,4,1,50.65,81.29,B,0
STU0052,Female,Government,Graduate,5.79,66.75,41.26,53.02,80.26,1.48,54.81,1,1,39.74,74.39,B,0
STU0053,Male,Private,Graduate,6.36,46.63,56.83,93.41,62.52,2.15,49.71,2,2,80.03,76.6,B,0
STU0054,Female,Private,High School,8.49,87.04,66.93,100.0,26.44,6.0,84.69,6,2,55.88,95.32,A,0
STU0055,Male,Private,Post Graduate,4.57,57.4,61.99,65.91,0.0,5.62,48.84,6,1,57.1,56.0,C,0
STU0056,Female,Private,High School,4.4,51.16,79.88,53.63,58.27,0.35,86.17,3,3,56.56,75.83,B,0
STU0057,Female,Semi-Government,High School,5.62,64.8,67.58,40.81,50.29,6.66,65.47,5,0,12.79,79.74,B,0
STU0058,Male,Semi-Government,Graduate,8.06,51.57,40.77,70.43,33.51,9.86,51.97,6,0,50.05,90.4,A,0
STU0059,Male,Private,High School,4.22,60.49,100.0,94.09,17.59,1.49,80.46,1,0,50.91,70.87,B,0
STU0060,Male,Government,High School,2.25,74.19,61.89,57.55,38.84,11.09,46.81,6,2,16.89,62.58,C,0
STU0061,Male,Semi-Government,Graduate,5.82,74.27,55.05,19.18,50.72,0.0,80.95,5,1,67.15,78.99,B,0
STU0062,Male,Semi-Government,Post Graduate,7.33,51.84,77.28,74.06,69.65,14.47,70.32,8,1,0.0,100.0,A,0
STU0063,Male,Government,Graduate,8.3,59.22,62.99,79.74,59.15,4.35,50.09,7,1,107.99,88.41,A,0
STU0064,Male,Semi-Government,Graduate,5.81,87.34,65.98,33.45,90.38,6.58,78.22,5,1,44.06,66.55,C,0
STU0065,Male,Semi-Government,Post Graduate,5.88,76.94,100.0,65.18,32.22,0.0,78.66,3,1,23.61,58.05,C,0
STU0066,Female,Private,High School,8.23,100.0,52.5,70.12,74.38,5.75,93.94,1,3,60.44,97.33,A,0
STU0067,Female,Private,High School,3.7,89.24,51.64,60.68,56.04,6.91,89.15,6,1,60.65,74.36,B,0
STU0068,Male,Government,High School,5.92,88.6,60.33,47.77,70.28,5.66,77.28,3,3,96.15,68.06,C,0
STU0069,Female,Government,High School,6.79,43.02,79.43,80.29,45.4,3.75,36.81,1,1,89.55,76.05,B,0
STU0070,Female,Government,High School,7.17,81.75,27.87,54.74,78.58,2.21,100.0,5,1,11.75,71.04,B,0
STU0071,Female,Semi-Government,Post Graduate,5.74,67.04,18.69,35.27,61.49,10.52,29.91,2,1,38.25,66.9,C,0
STU0072,Female,Government,Graduate,6.55,58.08,46.26,25.11,40.05,6.12,88.73,6,0,22.26,71.93,B,0
STU0073,Male,Government,Graduate,2.77,71.02,25.32,84.7,54.74,12.16,75.78,2,1,63.55,67.86,C,0
STU0074,Female,Government,High School,5.51,85.01,49.5,73.1,49.73,3.89,35.65,4,1,80.38,70.78,B,0
STU0075,Male,Private,Graduate,7.18,77.01,68.05,63.58,65.76,4.26,61.89,2,0,12.09,79.46,B,0
STU0076,Female,Semi-Government,Post Graduate,5.03,52.19,40.19,54.08,29.04,9.26,63.03,3,2,43.42,57.24,C,0
STU0077,Female,Government,Graduate,6.59,81.36,29.46,52.48,54.35,0.0,97.64,2,1,29.2,80.54,B,0
STU0078,Female,Government,High School,7.17,56.52,59.39,42.64,63.7,1.15,47.17,3,2,66.11,74.48,B,0
STU0079,Male,Private,Graduate,5.99,71.9,75.25,54.23,55.73,10.39,58.45,1,3,55.24,81.6,B,0
STU0080,Female,Private,High School,6.76,62.54,24.1,23.84,84.63,1.31,6.6,5,2,74.4,62.34,C,0
STU0081,Male,Government,High School,5.06,64.06,74.4,48.75,72.03,0.0,100.0,1,1,34.47,78.5,B,0
STU0082,Female,Private,High School,6.19,81.79,74.35,56.4,54.84,13.47,38.24,5,0,42.08,89.59,A,0
STU0083,Male,Government,Graduate,7.42,49.28,77.08,72.98,59.77,0.42,73.17,4,2,54.85,74.6,B,0
STU0084,Female,Government,Graduate,6.74,100.0,82.37,61.28,61.5,6.74,62.46,4,2,38.22,91.99,A,0
STU0085,Male,Private,High School,5.62,35.22,100.0,76.31,63.87,6.28,62.55,2,0,52.48,77.0,B,0
STU0086,Male,Private,High School,6.84,57.24,50.88,86.28,14.84,0.0,85.25,5,3,76.75,70.83,B,0
STU0087,Female,Semi-Government,Graduate,7.57,74.66,60.19,81.05,48.37,4.93,100.0,3,0,98.34,90.39,A,0
STU0088,Male,Government,High School,3.43,78.52,49.67,70.47,22.34,7.79,71.29,5,1,32.79,44.96,D,1
STU0089,Female,Private,High School,8.24,66.19,58.04,62.21,83.12,7.42,81.38,2,0,98.69,76.49,B,0
STU0090,Female,Private,High School,6.0,66.97,88.66,44.35,53.66,9.61,73.22,8,3,32.44,74.28,B,0
STU0091,Female,Government,Graduate,7.14,75.39,31.1,75.32,50.75,4.45,90.44,7,0,66.72,69.15,C,0
STU0092,Female,Private,High School,8.3,63.84,40.78,92.24,74.73,8.85,53.43,6,4,32.64,90.22,A,0
STU0093,Female,Government,High School,4.44,93.08,85.54,68.16,64.29,3.24,91.88,9,0,19.26,97.93,A,0
STU0094,Female,Semi-Government,High School,5.44,83.11,78.4,96.51,30.17,0.36,92.76,4,0,75.57,86.19,A,0
STU0095,Female,Government,Post Graduate,6.07,83.71,50.74,34.54,53.44,0.81,92.06,4,2,43.77,62.25,C,0
STU0096,Female,Private,Graduate,5.32,50.61,75.09,41.23,47.63,0.15,48.5,5,1,77.1,69.63,C,0
STU0097,Female,Government,Graduate,9.1,66.57,64.82,77.39,16.62,10.04,60.79,9,1,63.8,84.11,B,0
STU0098,Female,Semi-Government,High School,5.21,62.59,88.01,66.76,39.81,0.0,70.99,2,1,55.28,71.72,B,0
STU0099,Female,Private,Graduate,5.67,49.9,59.49,85.65,50.96,7.1,30.73,1,4,58.78,61.17,C,0
STU0100,Male,Private,High School,6.81,74.48,78.51,61.72,52.47,4.94,100.0,3,0,72.22,67.54,C,0
STU0101,Male,Government,Graduate,4.7,58.32,100.0,46.38,22.39,5.59,64.69,5,4,68.16,72.23,B,0
STU0102,Female,Private,Post Graduate,5.91,79.8,69.96,58.16,80.34,11.45,72.1,4,1,34.89,85.83,A,0
STU0103,Female,Government,Graduate,6.98,48.74,58.99,34.41,52.75,4.25,50.57,3,0,55.57,72.01,B,0
STU0104,Female,Semi-Government,Post Graduate,6.0,98.94,72.45,41.69,55.83,8.45,31.83,4,0,82.52,88.57,A,0
STU0105,Female,Government,Graduate,6.36,51.87,50.69,79.5,63.81,6.15,49.9,1,0,46.13,71.95,B,0
STU0106,Female,Government,High School,5.71,71.95,100.0,77.71,37.66,5.39,70.48,2,1,32.65,76.68,B,0
STU0107,Female,Government,Post Graduate,4.23,82.25,61.6,68.53,65.04,15.2,81.84,2,2,29.47,96.45,A,0
STU0108,Female,Private,High School,6.98,57.73,52.54,31.02,46.92,0.23,69.04,5,1,66.23,64.54,C,0
STU0109,Female,Private,Graduate,9.13,83.34,41.29,55.55,35.28,11.16,73.67,3,1,38.99,74.54,B,0
STU0110,Male,Government,High School,6.53,45.87,79.94,39.95,67.62,8.63,56.57,10,2,54.06,86.66,A,0
STU0111,Female,Private,High School,6.84,94.14,75.34,83.18,87.82,4.08,77.41,4,0,37.8,90.98,A,0
STU0112,Male,Private,High School,7.54,68.25,48.05,51.49,70.95,12.52,100.0,4,0,74.35,76.42,B,0
STU0113,Female,Private,High School,4.6,57.26,69.53,42.46,75.31,0.0,82.62,4,2,48.76,68.61,C,0
STU0114,Female,Private,Graduate,9.05,62.61,27.83,62.54,43.55,3.91,85.24,4,1,80.7,84.41,B,0
STU0115,Male,Private,Graduate,6.8,82.56,61.7,50.48,19.85,1.17,72.35,4,3,79.79,54.22,D,1
STU0116,Female,Private,High School,8.95,57.48,67.06,88.71,87.78,7.65,27.42,4,1,42.8,84.05,B,0
STU0117,Male,Government,High School,5.4,54.51,92.15,48.77,100.0,1.55,38.88,6,1,78.33,77.22,B,0
STU0118,Female,Government,Graduate,9.23,64.01,42.58,36.81,88.94,7.73,76.37,1,3,36.56,76.76,B,0
STU0119,Female,Semi-Government,High School,7.66,46.81,32.43,23.25,47.61,5.25,64.73,5,2,51.65,51.92,D,1
STU0120,Male,Semi-Government,Graduate,7.33,100.0,40.09,61.45,29.6,4.08,76.0,2,4,25.51,73.68,B,0
STU0121,Female,Government,Graduate,6.85,57.8,31.27,51.89,31.55,7.55,100.0,6,3,59.84,79.59,B,0
STU0122,Male,Government,Graduate,6.13,82.97,84.73,36.28,17.96,4.93,83.15,6,2,52.53,76.94,B,0
STU0123,Female,Private,Graduate,8.3,71.77,88.97,83.41,52.64,1.65,96.47,2,0,57.85,89.11,A,0
STU0124,Male,Private,High School,6.71,50.28,64.4,74.01,90.32,17.21,67.37,5,1,11.0,100.0,A,0
STU0125,Male,Government,Graduate,3.55,67.89,82.43,61.49,51.88,4.05,44.82,4,4,0.0,84.47,B,0
STU0126,Female,Government,High School,4.82,82.11,60.68,86.56,61.65,0.0,63.55,2,2,16.68,78.29,B,0
STU0127,Female,Private,High School,6.22,64.61,56.1,73.93,85.26,2.63,44.88,5,2,57.48,75.31,B,0
STU0128,Male,Private,Graduate,6.96,89.48,51.34,47.19,46.11,0.93,100.0,4,2,61.84,88.58,A,0
STU0129,Female,Government,High School,6.42,86.39,51.79,43.29,99.78,9.3,84.76,4,2,73.23,100.0,A,0
STU0130,Female,Government,Graduate,8.33,84.54,27.04,76.72,98.83,7.29,78.01,4,1,34.89,95.85,A,0
STU0131,Female,Government,Graduate,3.57,59.73,63.29,69.13,52.12,7.59,95.9,4,1,50.22,79.9,B,0
STU0132,Male,Private,Post Graduate,6.72,48.56,57.19,65.06,42.29,4.52,14.5,4,1,27.47,59.91,C,0
STU0133,Male,Government,Post Graduate,3.77,56.96,72.91,46.76,70.34,4.88,79.7,3,1,79.18,44.76,D,1
STU0134,Male,Government,High School,7.64,71.53,59.87,72.94,47.35,4.52,32.23,3,6,27.27,69.52,C,0
STU0135,Male,Private,High School,6.36,77.82,54.75,48.4,29.56,5.68,64.82,4,1,74.46,67.87,C,0
STU0136,Male,Government,Graduate,7.13,28.91,40.58,60.16,83.19,9.34,57.21,3,3,38.72,77.84,B,0
STU0137,Male,Private,High School,5.2,67.85,59.44,88.04,81.76,7.34,81.54,4,0,84.38,90.89,A,0
STU0138,Male,Government,Graduate,8.42,70.85,72.76,50.1,58.42,8.0,70.7,2,0,49.57,70.15,B,0
STU0139,Male,Government,Graduate,8.06,63.0,35.13,33.69,27.22,8.0,98.63,6,2,49.03,55.98,C,0
STU0140,Male,Government,Graduate,7.38,91.24,59.75,43.05,27.95,9.54,49.95,3,1,26.15,81.09,B,0
STU0141,Female,Private,High School,6.31,75.59,62.66,79.9,57.36,7.15,82.73,3,3,99.18,65.76,C,0
STU0142,Male,Semi-Government,High School,7.37,91.58,43.64,66.59,44.0,7.44,69.06,1,0,69.77,73.05,B,0
STU0143,Female,Semi-Government,High School,5.44,64.11,46.24,59.68,47.5,10.76,24.12,2,0,57.8,64.81,C,0
STU0144,Female,Government,High School,7.78,84.87,62.61,52.84,77.48,3.34,42.03,4,1,50.99,76.16,B,0
STU0145,Female,Private,Post Graduate,8.97,97.43,35.33,70.74,71.13,2.58,61.25,3,0,28.48,92.65,A,0
STU0146,Male,Government,High School,8.11,91.61,65.0,46.72,85.32,1.26,92.81,6,4,61.83,69.17,C,0
STU0147,Male,Government,High School,5.41,48.34,40.09,67.5,33.21,6.73,76.59,4,2,43.33,82.1,B,0
STU0148,Male,Semi-Government,High School,7.04,63.43,79.26,48.84,47.45,0.0,35.81,3,3,46.44,67.81,C,0
STU0149,Male,Government,Graduate,4.56,61.79,100.0,45.84,71.7,7.85,61.49,1,1,67.27,72.38,B,0
STU0150,Female,Government,Graduate,7.36,76.81,40.78,50.53,64.86,5.56,100.0,5,3,52.11,100.0,A,0
STU0151,Male,Government,High School,7.18,80.35,68.68,55.24,88.71,10.54,67.78,4,1,45.45,76.81,B,0
STU0152,Male,Government,High School,3.7,52.9,43.47,61.12,64.25,3.31,56.82,3,1,80.89,47.4,D,1
STU0153,Male,Government,High School,4.76,69.22,78.82,66.24,95.66,5.19,77.29,3,0,24.53,96.68,A,0
STU0154,Male,Private,High School,6.08,31.64,32.69,0.0,66.88,10.49,84.08,3,2,3.63,47.19,D,1
STU0155,Male,Private,Graduate,6.05,93.96,67.61,47.46,78.37,11.53,53.6,4,5,25.1,89.8,A,0
STU0156,Female,Semi-Government,Graduate,4.69,58.78,40.54,54.95,47.88,3.28,77.56,5,2,48.8,55.12,C,0
STU0157,Male,Semi-Government,High School,7.08,69.01,53.86,89.09,55.31,6.73,56.78,6,3,62.36,66.34,C,0
STU0158,Female,Government,High School,6.88,62.43,37.38,42.56,75.04,7.18,82.98,6,3,26.4,83.12,B,0
STU0159,Male,Government,Post Graduate,6.21,88.63,74.45,64.93,90.49,7.49,69.24,3,0,130.0,90.29,A,0
STU0160,Female,Government,Graduate,5.37,25.0,41.26,88.91,71.04,4.95,77.05,2,2,49.55,71.61,B,0
STU0161,Male,Private,Graduate,8.07,67.7,69.04,38.37,53.17,11.13,46.02,1,3,48.79,100.0,A,0
STU0162,Male,Government,High School,8.98,66.1,51.12,69.09,85.3,0.0,44.47,6,2,12.76,81.27,B,0
STU0163,Female,Private,Graduate,5.77,59.83,55.71,47.56,6.78,4.32,88.64,5,1,8.93,69.43,C,0
STU0164,Female,Private,High School,5.58,99.07,60.96,52.92,23.71,7.79,63.02,3,1,0.42,72.41,B,0
STU0165,Female,Private,Graduate,7.24,52.03,42.76,47.54,70.0,7.83,72.13,6,2,79.29,85.83,A,0
STU0166,Male,Private,Post Graduate,5.96,81.89,62.21,48.83,55.31,11.41,57.34,4,0,75.31,69.16,C,0
STU0167,Female,Government,High School,6.29,74.41,88.61,100.0,68.32,10.79,87.47,3,1,44.96,80.91,B,0
STU0168,Male,Semi-Government,High School,7.61,90.71,42.44,77.2,56.42,4.86,49.8,6,0,14.63,75.35,B,0
STU0169,Male,Private,High School,3.64,55.99,81.44,81.83,67.56,11.2,61.61,1,0,38.06,74.3,B,0
STU0170,Female,Government,High School,8.48,54.81,87.96,70.86,37.08,3.14,84.65,3,2,80.54,90.19,A,0
STU0171,Female,Semi-Government,High School,6.61,87.73,41.68,33.09,67.55,9.72,94.32,3,3,32.4,77.89,B,0
STU0172,Male,Private,High School,5.88,75.66,28.9,69.11,76.88,13.24,51.91,5,4,22.45,82.19,B,0
STU0173,Male,Semi-Government,Graduate,6.37,40.19,64.04,81.31,81.85,10.86,100.0,2,3,35.47,100.0,A,0
STU0174,Female,Private,Graduate,6.44,58.29,47.05,46.64,99.3,6.42,72.83,6,0,37.68,80.63,B,0
STU0175,Female,Private,High School,3.9,74.95,95.37,79.38,60.37,4.67,38.93,7,2,63.45,69.29,C,0
STU0176,Female,Government,Post Graduate,8.74,83.08,58.7,74.68,61.03,0.0,74.23,4,2,0.0,93.24,A,0
STU0177,Male,Government,High School,6.56,55.77,41.96,95.34,21.49,7.24,55.43,3,3,49.23,53.01,D,1
STU0178,Male,Private,Post Graduate,7.16,25.0,35.06,54.48,43.31,1.54,75.85,4,1,27.58,47.39,D,1
STU0179,Male,Private,High School,7.93,77.42,79.8,42.24,50.75,2.83,63.93,2,1,31.61,77.9,B,0
STU0180,Male,Government,Post Graduate,4.97,46.03,46.58,55.49,78.11,1.24,66.86,6,1,63.86,56.95,C,0
STU0181,Male,Government,Graduate,7.21,31.69,58.88,87.84,41.56,4.16,42.21,1,1,12.45,67.55,C,0
STU0182,Male,Semi-Government,Graduate,6.1,25.0,77.12,29.09,72.52,5.89,89.75,3,2,49.5,81.85,B,0
STU0183,Female,Semi-Government,Post Graduate,7.77,82.65,48.31,24.77,54.96,7.09,36.1,3,2,57.03,76.51,B,0
STU0184,Male,Private,High School,3.31,70.32,57.08,63.61,51.1,3.6,37.28,4,1,59.49,57.13,C,0
STU0185,Male,Government,Post Graduate,6.35,63.94,57.67,54.03,60.48,10.28,74.18,5,2,62.67,78.23,B,0
STU0186,Male,Government,High School,5.6,93.0,71.67,62.14,46.39,5.17,100.0,2,1,59.3,71.58,B,0
STU0187,Female,Government,High School,7.15,79.47,69.81,79.02,45.56,2.85,56.19,9,1,62.98,89.44,A,0
STU0188,Male,Semi-Government,High School,7.21,97.09,53.6,52.05,17.49,6.91,82.52,6,1,22.98,81.87,B,0
STU0189,Male,Government,Graduate,5.44,42.93,59.27,28.29,49.55,13.85,91.83,8,0,79.14,78.31,B,0
STU0190,Female,Private,High School,5.43,67.38,50.56,98.8,44.44,7.34,85.37,2,1,15.39,86.29,A,0
STU0191,Male,Government,Graduate,6.33,38.9,28.45,44.05,43.65,4.55,57.22,11,1,54.26,62.24,C,0
STU0192,Male,Private,Graduate,5.16,63.87,63.15,42.94,64.17,0.0,37.72,9,3,27.98,59.66,C,0
STU0193,Male,Private,Graduate,7.76,63.52,95.84,81.87,69.49,5.12,9.81,4,1,2.05,88.67,A,0
STU0194,Male,Semi-Government,Graduate,5.95,79.28,40.33,55.08,60.11,6.94,58.43,5,2,30.75,73.5,B,0
STU0195,Male,Government,High School,2.14,68.82,42.54,60.86,76.9,4.45,94.45,5,1,42.04,55.08,C,0
STU0196,Female,Government,High School,5.94,79.22,40.59,70.69,67.66,0.0,36.9,11,0,79.67,87.06,A,0
STU0197,Female,Government,High School,4.94,80.66,72.49,81.5,48.51,2.6,82.51,4,0,90.49,88.71,A,0
STU0198,Female,Semi-Government,High School,4.05,100.0,66.97,56.0,44.82,11.82,41.25,2,2,41.76,67.12,C,0
STU0199,Male,Semi-Government,High School,4.64,62.32,54.83,89.36,61.88,11.74,67.65,6,1,10.27,89.41,A,0
STU0200,Male,Private,High School,6.66,51.06,39.64,23.56,67.62,2.45,82.69,4,1,12.35,73.09,B,0
STU0201,Male,Private,High School,8.49,72.43,59.85,75.68,85.75,8.69,48.51,3,1,64.3,87.52,A,0
STU0202,Female,Private,Post Graduate,6.97,53.56,26.71,46.89,81.21,1.29,69.26,2,1,62.7,73.38,B,0
STU0203,Male,Government,Graduate,5.59,94.68,60.87,86.7,43.09,11.62,54.62,2,0,29.82,71.08,B,0
STU0204,Male,Semi-Government,High School,7.18,62.9,75.43,64.56,52.76,6.98,82.63,1,1,15.64,73.89,B,0
STU0205,Female,Private,Graduate,5.81,57.82,32.98,49.89,69.76,9.8,70.88,3,3,69.81,74.91,B,0
STU0206,Male,Government,High School,5.46,59.52,27.35,73.93,78.5,0.0,66.41,2,1,14.3,74.02,B,0
STU0207,Female,Private,High School,4.77,80.93,89.59,78.08,75.66,8.71,100.0,2,3,33.89,100.0,A,0
STU0208,Female,Government,Graduate,3.87,65.16,45.76,73.55,53.59,5.97,81.56,7,1,56.84,64.64,C,0
STU0209,Female,Government,Graduate,5.92,56.45,80.72,43.47,27.41,9.41,47.74,5,3,0.0,64.78,C,0
STU0210,Male,Private,High School,6.74,97.98,54.92,53.29,33.02,9.66,62.85,5,0,68.83,82.8,B,0
STU0211,Male,Government,Post Graduate,6.36,52.59,54.76,61.93,61.0,6.26,63.1,6,1,104.51,72.2,B,0
STU0212,Male,Private,Post Graduate,5.88,68.64,66.77,61.26,62.53,3.6,67.01,2,1,47.85,67.42,C,0
STU0213,Male,Government,Graduate,5.08,79.74,40.32,75.5,30.83,9.12,100.0,7,1,44.13,64.87,C,0
STU0214,Male,Government,Graduate,7.41,38.64,60.65,25.73,55.98,5.76,74.27,3,2,46.11,68.93,C,0
STU0215,Male,Government,Graduate,4.52,76.64,50.37,68.02,68.89,2.51,14.1,0,0,50.62,73.36,B,0
STU0216,Male,Government,High School,7.66,49.01,31.59,56.78,29.67,2.32,51.43,9,0,26.75,70.33,B,0
STU0217,Female,Private,High School,5.0,82.81,64.75,46.91,79.31,0.09,16.69,4,0,16.89,59.81,C,0
STU0218,Male,Government,High School,5.37,50.67,52.73,48.64,46.69,3.96,56.76,4,1,36.17,80.78,B,0
STU0219,Female,Private,Graduate,4.3,80.47,54.86,58.14,82.67,10.41,15.32,4,1,48.84,62.12,C,0
STU0220,Male,Private,Graduate,5.75,87.9,33.8,0.0,43.26,6.71,43.21,2,2,20.04,48.1,D,1
STU0221,Male,Private,High School,7.96,83.51,89.83,49.38,32.41,3.88,26.98,2,4,11.33,90.08,A,0
STU0222,Male,Semi-Government,Post Graduate,7.27,72.52,75.53,46.24,44.92,9.22,74.6,4,3,33.99,95.75,A,0
STU0223,Female,Private,Post Graduate,7.97,63.84,77.28,71.59,52.91,2.67,65.01,10,1,11.66,90.87,A,0
STU0224,Female,Government,Graduate,7.28,57.62,51.89,47.5,46.45,6.38,72.57,5,0,61.79,59.25,C,0
STU0225,Female,Government,Graduate,4.84,94.48,23.42,58.13,50.25,5.28,62.39,1,1,0.0,64.37,C,0
STU0226,Female,Government,Post Graduate,6.0,55.41,97.06,89.76,62.35,9.12,30.14,4,4,15.8,73.27,B,0
STU0227,Male,Private,High School,5.33,49.33,56.78,79.9,51.23,0.0,77.84,3,0,80.34,91.19,A,0
STU0228,Female,Government,Graduate,8.5,79.98,43.02,78.24,53.55,2.6,100.0,7,0,39.46,89.26,A,0
STU0229,Male,Private,High School,4.7,53.67,66.34,53.0,17.4,0.0,75.23,4,1,49.6,63.43,C,0
STU0230,Male,Private,Graduate,7.84,50.9,81.34,71.77,63.62,4.96,54.35,3,0,41.78,81.16,B,0
STU0231,Female,Government,High School,7.84,42.02,57.54,57.79,53.04,10.85,29.3,3,2,29.32,95.53,A,0
STU0232,Female,Private,Post Graduate,9.24,59.31,83.57,58.47,90.43,3.98,42.3,3,4,72.38,88.6,A,0
STU0233,Female,Government,Post Graduate,5.89,66.51,79.66,69.37,34.33,3.96,76.33,2,4,30.7,65.26,C,0
STU0234,Female,Government,High School,7.57,72.38,36.47,51.25,15.22,9.49,91.83,1,1,24.29,72.47,B,0
STU0235,Female,Private,Graduate,9.92,85.12,44.52,88.87,68.6,10.27,71.52,4,4,61.42,100.0,A,0
STU0236,Female,Private,Post Graduate,5.57,77.48,77.15,59.12,62.62,5.65,85.0,4,0,0.0,100.0,A,0
STU0237,Female,Private,Graduate,4.2,64.56,3.75,73.13,32.81,8.74,82.69,5,2,37.86,73.4,B,0
STU0238,Female,Private,Post Graduate,3.68,64.43,55.01,88.2,21.35,1.69,77.66,2,2,32.03,70.93,B,0
STU0239,Male,Government,Graduate,7.57,77.18,29.38,80.57,88.82,11.51,48.54,5,3,37.4,82.67,B,0
STU0240,Female,Semi-Government,High School,3.68,90.91,48.47,36.64,86.11,14.59,69.35,1,1,32.79,64.7,C,0
STU0241,Female,Private,High School,5.94,70.27,52.02,70.01,0.28,8.08,43.79,3,2,54.38,52.01,D,1
STU0242,Male,Private,High School,7.16,59.56,50.84,77.31,44.92,0.0,65.44,3,4,72.49,70.77,B,0
STU0243,Female,Government,Graduate,6.78,50.13,46.95,78.05,91.61,3.77,73.27,5,1,56.48,63.82,C,0
STU0244,Male,Private,High School,7.14,41.99,36.06,41.96,44.53,8.45,100.0,3,2,36.58,83.66,B,0
STU0245,Male,Government,Graduate,6.83,79.99,100.0,50.17,44.21,4.31,32.26,4,0,60.79,66.17,C,0
STU0246,Female,Government,Graduate,8.42,78.4,95.35,79.9,48.78,11.09,77.04,5,3,63.71,85.48,A,0
STU0247,Male,Semi-Government,Graduate,5.07,78.39,34.76,48.29,30.34,8.35,100.0,5,2,54.02,59.13,C,0
STU0248,Male,Government,Post Graduate,5.48,65.68,89.64,56.61,17.49,3.17,83.97,5,1,71.22,53.31,D,1
STU0249,Male,Semi-Government,Post Graduate,5.34,93.32,50.01,90.37,78.16,6.13,85.82,4,2,0.0,92.34,A,0
STU0250,Male,Private,High School,7.75,59.29,60.58,61.14,14.46,2.42,79.69,3,4,45.67,60.76,C,0
STU0251,Female,Government,Graduate,7.85,85.19,56.73,48.92,60.44,5.27,97.46,5,1,52.7,88.4,A,0
STU0252,Male,Private,Graduate,7.18,67.3,44.81,46.2,74.5,3.78,37.81,6,0,7.97,84.84,B,0
STU0253,Female,Semi-Government,Graduate,8.28,57.05,77.68,67.99,23.07,10.7,30.35,8,0,50.52,74.65,B,0
STU0254,Male,Private,Post Graduate,4.73,78.67,60.52,38.0,34.67,14.46,64.84,5,1,67.87,58.42,C,0
STU0255,Male,Semi-Government,High School,9.0,75.37,48.47,57.55,81.69,0.28,10.97,2,1,39.4,73.14,B,0
STU0256,Male,Private,High School,8.78,74.43,31.91,68.0,66.72,0.0,95.77,0,1,61.41,69.91,C,0
STU0257,Male,Private,Post Graduate,7.6,69.46,40.13,85.38,41.42,5.02,95.52,3,1,70.57,74.18,B,0
STU0258,Female,Semi-Government,High School,9.17,67.32,25.17,74.02,81.45,0.0,54.17,3,0,78.56,82.25,B,0
STU0259,Female,Government,Graduate,4.02,100.0,58.24,49.15,81.54,6.18,55.73,9,1,74.05,58.62,C,0
STU0260,Male,Private,Post Graduate,5.71,89.32,34.07,83.21,60.92,9.0,63.19,2,2,79.14,68.55,C,0
STU0261,Male,Government,High School,5.4,81.01,52.69,56.61,35.2,11.98,66.3,5,1,32.51,72.19,B,0
STU0262,Female,Semi-Government,Post Graduate,7.58,70.01,85.4,39.76,45.9,6.81,68.18,5,2,35.25,81.02,B,0
STU0263,Male,Semi-Government,High School,4.92,86.13,81.99,58.9,61.3,5.23,78.96,3,1,0.0,51.42,D,1
STU0264,Male,Government,Graduate,7.64,77.32,57.35,87.89,50.85,0.0,60.68,1,3,18.37,87.38,A,0
STU0265,Male,Private,Graduate,8.56,68.47,56.26,64.97,75.66,6.1,88.58,4,1,75.46,100.0,A,0
STU0266,Female,Semi-Government,Post Graduate,7.54,62.54,95.6,62.23,21.34,6.29,76.15,3,0,29.88,73.66,B,0
STU0267,Female,Government,High School,6.93,66.54,68.42,91.47,22.13,8.56,49.83,11,2,54.94,62.6,C,0
STU0268,Female,Private,Graduate,5.02,25.0,51.44,36.24,58.98,3.17,98.38,3,2,51.02,53.23,D,1
STU0269,Male,Semi-Government,Graduate,5.23,71.79,29.48,38.86,44.19,4.26,31.04,4,1,76.02,46.08,D,1
STU0270,Male,Government,Graduate,8.37,59.21,65.88,32.91,41.2,0.09,62.7,2,2,0.0,84.72,B,0
STU0271,Female,Private,Graduate,7.67,96.67,74.59,68.71,16.1,0.0,89.17,2,3,53.82,65.43,C,0
STU0272,Female,Government,High School,6.44,68.35,45.37,65.0,55.43,1.57,46.92,5,2,53.41,66.24,C,0
STU0273,Female,Semi-Government,High School,5.87,46.6,63.82,89.77,53.84,0.0,72.74,4,2,23.56,91.49,A,0
STU0274,Female,Semi-Government,High School,3.46,67.1,50.73,66.38,69.38,7.35,78.58,3,2,69.01,68.24,C,0
STU0275,Male,Semi-Government,Graduate,4.89,49.17,54.32,54.73,56.52,3.93,43.49,4,1,10.02,65.83,C,0
STU0276,Female,Private,High School,9.37,76.52,8.24,62.03,52.08,3.85,63.19,4,0,71.61,74.33,B,0
STU0277,Male,Semi-Government,High School,4.58,73.24,53.56,64.12,80.89,2.06,61.09,5,1,0.0,82.82,B,0
STU0278,Female,Semi-Government,Post Graduate,6.78,85.24,77.39,31.91,26.13,0.0,51.21,2,2,22.38,69.71,C,0
STU0279,Male,Government,High School,8.01,53.76,45.37,100.0,66.8,12.03,100.0,7,2,41.5,100.0,A,0
STU0280,Female,Semi-Government,Post Graduate,4.62,68.61,59.05,71.36,18.23,2.0,45.92,8,0,50.44,78.51,B,0
STU0281,Female,Government,Graduate,6.78,43.43,42.88,65.78,36.56,4.35,90.12,4,2,0.0,74.22,B,0
STU0282,Female,Private,Graduate,7.91,80.63,65.21,73.07,28.32,0.18,55.18,5,2,71.07,74.73,B,0
STU0283,Female,Government,High School,6.52,77.34,53.67,74.77,72.2,9.89,37.83,1,3,63.84,82.16,B,0
STU0284,Male,Government,High School,10.0,76.92,39.22,59.47,53.56,6.57,67.57,7,2,92.58,80.62,B,0
STU0285,Female,Government,Graduate,4.0,68.03,84.65,50.64,54.7,2.69,81.23,3,2,62.55,67.94,C,0
STU0286,Male,Private,Graduate,8.09,75.47,76.58,72.79,30.65,4.43,88.01,6,0,26.59,70.15,B,0
STU0287,Male,Government,Graduate,6.24,96.88,45.9,68.94,48.41,12.71,100.0,2,2,18.22,75.15,B,0
STU0288,Male,Private,High School,7.66,62.87,67.96,47.42,38.2,5.71,100.0,5,2,34.49,86.61,A,0
STU0289,Male,Government,Graduate,7.16,70.5,68.75,87.54,63.44,5.27,71.26,2,0,99.52,88.84,A,0
STU0290,Female,Government,Graduate,5.4,48.45,70.85,67.28,33.2,2.23,48.42,4,2,46.19,62.9,C,0
STU0291,Male,Private,Graduate,6.84,52.37,24.11,75.14,84.26,0.0,76.32,6,2,47.26,80.4,B,0
STU0292,Male,Private,Graduate,3.71,69.76,78.13,87.05,18.14,5.36,58.34,6,0,79.49,77.7,B,0
STU0293,Male,Government,Graduate,7.4,87.87,46.61,62.39,37.26,7.3,88.15,6,2,15.89,76.14,B,0
STU0294,Female,Private,Graduate,6.95,63.39,50.84,67.71,91.9,10.4,32.57,6,0,58.47,70.25,B,0
STU0295,Female,Semi-Government,High School,7.46,63.75,100.0,76.58,45.43,0.0,100.0,6,1,57.91,92.65,A,0
STU0296,Female,Private,Graduate,8.09,60.68,64.04,48.95,26.07,1.5,86.4,3,1,68.93,76.42,B,0
STU0297,Female,Government,High School,7.05,58.37,50.27,62.97,59.82,3.68,22.9,4,2,66.31,78.77,B,0
STU0298,Male,Government,High School,6.72,73.31,13.89,64.26,44.54,5.99,47.27,4,3,43.53,54.24,D,1
STU0299,Male,Semi-Government,High School,5.18,41.05,85.8,44.79,36.61,5.42,85.4,4,2,10.42,53.25,D,1
STU0300,Female,Government,High School,5.43,91.06,31.1,100.0,30.89,5.51,94.41,2,3,30.88,75.19,B,0
STU0301,Male,Semi-Government,High School,8.28,56.02,37.93,36.67,100.0,7.63,33.19,4,0,66.05,82.29,B,0
STU0302,Male,Private,High School,8.65,80.99,51.37,38.63,49.47,2.39,82.83,4,2,91.36,72.82,B,0
STU0303,Male,Semi-Government,Graduate,6.14,45.14,86.33,85.66,12.64,9.74,16.32,5,1,14.43,86.15,A,0
STU0304,Female,Private,Post Graduate,6.57,80.04,73.46,74.84,87.86,7.73,62.77,6,0,12.78,91.76,A,0
STU0305,Female,Semi-Government,High School,5.14,80.1,54.84,43.53,68.44,4.72,92.8,5,2,5.65,86.27,A,0
STU0306,Male,Government,Post Graduate,8.26,74.92,64.17,72.93,38.14,12.4,51.21,4,2,25.82,95.09,A,0
STU0307,Female,Private,Graduate,7.5,50.1,45.99,88.42,34.47,12.23,27.33,7,3,68.69,66.36,C,0
STU0308,Female,Private,High School,9.41,72.49,60.79,61.46,69.82,9.73,68.66,8,1,77.9,85.1,A,0
STU0309,Female,Private,High School,5.18,46.7,59.47,100.0,49.57,0.0,49.88,4,1,0.0,58.07,C,0
STU0310,Female,Private,Graduate,5.93,63.45,77.38,30.97,12.63,12.32,80.74,8,1,14.87,73.42,B,0
STU0311,Female,Semi-Government,Graduate,6.85,86.53,77.34,74.49,94.32,9.18,42.87,6,2,10.19,96.64,A,0
STU0312,Male,Semi-Government,Graduate,7.47,82.34,67.88,83.0,45.45,14.03,45.68,9,1,23.31,100.0,A,0
STU0313,Female,Private,High School,6.18,68.27,50.75,78.04,87.9,10.95,14.47,8,1,39.44,89.67,A,0
STU0314,Male,Private,High School,5.19,50.45,72.84,58.32,83.13,12.31,69.25,1,0,35.06,66.65,C,0
STU0315,Male,Private,High School,7.82,79.62,56.16,56.77,32.98,9.51,60.98,3,1,57.85,71.97,B,0
STU0316,Female,Private,High School,7.58,68.35,36.36,69.99,77.73,11.39,35.29,7,2,0.0,65.35,C,0
STU0317,Male,Government,High School,5.13,26.23,49.93,76.68,40.67,13.98,69.84,5,1,31.99,72.81,B,0
STU0318,Male,Government,High School,8.53,82.09,59.69,72.84,13.93,6.87,90.68,1,3,79.16,100.0,A,0
STU0319,Male,Government,Graduate,8.26,67.56,76.2,80.72,45.66,0.0,59.61,8,1,80.11,84.46,B,0
STU0320,Female,Government,Post Graduate,6.7,89.64,54.33,43.66,63.75,4.77,71.7,2,3,86.62,76.27,B,0
STU0321,Female,Government,High School,6.62,48.29,33.82,57.9,44.82,7.56,71.83,6,2,54.83,68.6,C,0
STU0322,Male,Government,Post Graduate,7.33,25.0,59.13,45.08,48.24,6.3,34.89,1,0,28.62,70.58,B,0
STU0323,Female,Government,High School,5.21,73.02,60.27,55.05,80.16,1.01,100.0,2,2,49.37,73.0,B,0
STU0324,Female,Government,Graduate,6.55,73.25,61.72,80.27,57.34,0.0,53.23,9,0,108.19,81.41,B,0
STU0325,Female,Semi-Government,High School,3.27,37.57,76.4,63.94,36.45,3.04,81.4,4,2,31.74,51.66,D,1
STU0326,Female,Private,Graduate,7.81,50.39,78.38,100.0,70.44,9.23,84.23,1,5,90.82,87.12,A,0
STU0327,Male,Government,Post Graduate,4.16,100.0,46.12,65.48,59.35,12.32,61.51,3,1,0.0,60.67,C,0
STU0328,Male,Private,Graduate,8.76,62.5,45.68,63.07,0.0,9.67,80.17,3,1,59.3,71.88,B,0
STU0329,Female,Government,High School,6.0,81.16,37.2,63.91,64.42,10.23,71.15,2,1,61.18,63.91,C,0
STU0330,Female,Semi-Government,Graduate,6.18,56.29,71.98,50.52,63.62,5.68,29.56,2,0,54.34,85.32,A,0
STU0331,Male,Private,High School,5.56,30.37,86.98,60.96,55.44,0.0,56.69,5,0,55.98,64.09,C,0
STU0332,Male,Government,Post Graduate,6.07,64.94,51.7,82.3,74.62,4.18,49.69,7,3,58.08,59.48,C,0
STU0333,Female,Private,Graduate,8.63,63.22,53.17,64.05,40.21,4.96,53.46,6,1,59.25,67.02,C,0
STU0334,Male,Semi-Government,High School,2.77,60.8,87.34,47.72,62.4,4.01,32.4,4,0,36.73,61.68,C,0
STU0335,Female,Semi-Government,Graduate,8.42,65.94,68.11,45.35,20.53,6.22,93.16,7,0,38.22,84.19,B,0
STU0336,Female,Private,Graduate,7.01,72.76,66.72,53.9,63.96,7.77,100.0,9,3,10.98,91.36,A,0
STU0337,Male,Private,High School,4.69,65.3,34.18,63.33,97.97,9.41,89.45,3,0,63.31,67.64,C,0
STU0338,Male,Government,Graduate,4.89,45.25,71.57,83.48,33.11,4.89,96.76,4,2,77.56,63.34,C,0
STU0339,Female,Semi-Government,High School,9.01,76.75,39.42,37.87,38.28,0.0,56.38,2,4,88.61,62.13,C,0
STU0340,Female,Government,Graduate,5.08,32.91,35.32,56.24,39.38,4.07,49.09,2,0,24.47,60.61,C,0
STU0341,Male,Semi-Government,Graduate,4.77,31.09,51.06,64.6,57.86,6.17,45.54,9,0,1.9,67.77,C,0
STU0342,Female,Private,Graduate,8.21,81.31,46.28,28.99,31.61,10.89,81.1,6,1,54.41,70.55,B,0
STU0343,Male,Private,Graduate,7.01,77.13,53.57,47.0,64.27,3.73,70.68,10,4,16.11,73.85,B,0
STU0344,Female,Private,Graduate,5.09,66.97,29.18,49.76,73.63,8.05,63.07,4,2,59.29,61.94,C,0
STU0345,Male,Government,High School,6.82,42.88,77.18,47.67,66.76,7.16,97.38,5,1,0.0,83.2,B,0
STU0346,Male,Government,Graduate,4.96,55.26,80.55,65.45,16.09,6.18,75.12,3,5,72.18,78.12,B,0
STU0347,Male,Government,High School,8.15,63.27,19.05,59.11,76.89,9.72,44.03,3,0,48.83,80.38,B,0
STU0348,Female,Government,Graduate,8.09,39.27,77.57,52.0,75.62,3.36,47.98,3,1,0.0,80.23,B,0
STU0349,Female,Private,High School,7.3,54.7,41.79,69.7,73.26,3.7,82.05,4,3,52.6,75.89,B,0
STU0350,Male,Government,High School,7.04,79.74,75.14,93.02,63.2,5.95,91.04,3,0,47.37,100.0,A,0
STU0351,Female,Government,Graduate,9.14,93.69,56.63,91.51,59.84,3.44,78.79,0,1,58.07,100.0,A,0
STU0352,Male,Semi-Government,High School,6.5,60.45,58.58,27.39,77.71,8.03,100.0,5,2,65.05,87.22,A,0
STU0353,Male,Semi-Government,Graduate,4.73,81.62,54.3,72.39,97.32,3.15,100.0,4,3,0.0,91.16,A,0
STU0354,Female,Semi-Government,High School,7.17,33.55,82.24,58.8,34.03,6.91,76.03,6,1,33.22,76.01,B,0
STU0355,Female,Semi-Government,High School,9.63,79.87,33.21,64.79,78.72,5.6,44.04,5,3,42.77,100.0,A,0
STU0356,Male,Government,Graduate,4.98,53.53,70.16,54.83,53.1,6.86,32.25,5,0,37.62,51.97,D,1
STU0357,Female,Government,High School,5.96,73.53,80.03,64.12,52.15,4.16,55.32,7,1,36.22,92.7,A,0
STU0358,Female,Private,High School,7.12,63.54,72.33,64.73,21.2,4.64,83.83,4,2,71.36,80.43,B,0
STU0359,Male,Private,Graduate,6.42,91.77,100.0,51.58,48.73,6.38,100.0,4,0,1.72,91.08,A,0
STU0360,Male,Government,High School,5.03,52.26,47.42,45.87,33.06,6.81,75.44,5,2,37.71,53.05,D,1
STU0361,Female,Semi-Government,Graduate,8.18,79.3,77.15,53.92,44.8,5.98,94.22,3,2,39.69,94.75,A,0
STU0362,Male,Government,High School,9.98,62.97,55.88,66.22,30.84,12.82,58.87,3,0,42.26,98.34,A,0
STU0363,Male,Government,High School,6.79,65.15,82.67,72.78,45.12,2.04,80.57,4,3,20.57,73.89,B,0
STU0364,Female,Private,Graduate,5.14,64.69,57.85,77.36,46.07,5.74,85.58,6,1,98.54,63.81,C,0
STU0365,Male,Private,High School,4.18,52.78,50.24,53.1,57.13,0.0,15.51,6,2,69.46,44.29,D,1
STU0366,Male,Private,High School,6.89,67.75,84.12,67.11,19.48,7.49,54.66,3,2,100.29,77.98,B,0
STU0367,Female,Government,High School,8.16,66.87,48.17,79.33,23.2,1.54,88.74,1,1,61.01,72.68,B,0
STU0368,Female,Semi-Government,High School,7.21,72.34,29.75,82.98,62.96,4.89,71.86,5,1,64.06,99.86,A,0
STU0369,Male,Government,Graduate,6.5,69.52,47.66,60.94,37.46,4.51,35.09,5,0,44.89,51.12,D,1
STU0370,Male,Government,High School,5.62,82.36,70.38,58.02,78.64,7.12,4.25,5,0,84.08,65.67,C,0
STU0371,Female,Semi-Government,Graduate,4.86,84.62,85.84,65.44,59.96,3.79,55.86,3,2,59.14,74.62,B,0
STU0372,Female,Semi-Government,Post Graduate,7.75,49.09,60.22,41.31,68.35,3.62,63.21,1,1,40.23,82.19,B,0
STU0373,Female,Semi-Government,High School,7.87,83.64,84.36,58.52,86.04,11.74,42.9,4,1,91.16,99.42,A,0
STU0374,Female,Semi-Government,Post Graduate,4.18,46.65,30.84,75.4,48.19,7.14,68.58,4,0,12.43,62.83,C,0
STU0375,Male,Private,High School,8.88,78.58,49.13,73.56,42.36,3.76,77.66,1,0,26.7,86.11,A,0
STU0376,Female,Private,Post Graduate,7.36,79.16,52.23,57.14,74.18,5.0,81.77,5,2,115.27,82.08,B,0
STU0377,Female,Government,High School,8.6,33.6,55.71,65.92,66.21,12.58,6.1,3,1,61.77,91.78,A,0
STU0378,Male,Private,Graduate,4.49,69.67,59.68,47.16,50.88,5.06,32.14,0,0,0.0,55.4,C,0
STU0379,Female,Government,Graduate,4.45,59.57,71.82,74.66,85.61,3.24,57.38,1,3,70.47,69.54,C,0
STU0380,Male,Government,High School,6.28,54.34,49.1,60.6,50.33,3.26,79.3,2,1,19.42,76.89,B,0
STU0381,Female,Private,Graduate,7.25,92.32,60.78,57.03,55.72,3.8,77.23,4,1,30.64,96.55,A,0
STU0382,Female,Private,Graduate,9.19,56.23,57.1,55.49,55.47,3.62,76.8,3,0,108.77,73.68,B,0
STU0383,Female,Government,High School,7.56,53.49,39.48,60.87,34.44,0.88,55.41,0,2,86.39,65.75,C,0
STU0384,Male,Government,High School,6.14,69.36,55.73,53.94,56.71,1.5,56.81,6,1,94.95,64.28,C,0
STU0385,Male,Private,Graduate,4.96,80.34,55.13,73.85,85.73,2.68,46.79,2,1,29.82,80.76,B,0
STU0386,Female,Government,Graduate,8.35,65.45,54.7,54.88,64.79,8.37,84.2,4,1,37.72,69.66,C,0
STU0387,Male,Semi-Government,Post Graduate,5.05,88.99,58.64,90.67,55.68,4.48,41.99,2,2,50.47,70.2,B,0
STU0388,Male,Private,Graduate,8.94,77.56,59.51,88.37,51.44,5.17,86.25,3,3,66.71,85.14,A,0
STU0389,Male,Private,Post Graduate,6.07,28.79,49.35,45.95,62.28,11.08,70.2,6,1,36.45,68.1,C,0
STU0390,Male,Private,Graduate,8.89,58.47,83.45,63.25,71.49,11.18,63.87,5,2,91.96,68.89,C,0
STU0391,Male,Semi-Government,High School,7.52,57.89,34.61,50.29,68.4,4.87,48.58,1,0,57.28,91.36,A,0
STU0392,Male,Government,High School,6.29,76.63,43.58,56.12,47.7,3.48,31.11,2,2,82.27,39.01,F,1
STU0393,Female,Private,Graduate,5.72,25.0,100.0,98.04,62.15,2.54,48.81,3,2,25.5,85.67,A,0
STU0394,Female,Private,Graduate,5.99,100.0,37.24,56.46,65.56,8.77,56.75,4,0,34.53,62.33,C,0
STU0395,Male,Government,High School,7.14,77.56,30.92,68.48,32.84,5.18,5.77,7,2,51.14,53.91,D,1
STU0396,Female,Semi-Government,High School,6.62,70.68,72.69,71.74,58.7,4.45,60.07,4,0,33.52,81.57,B,0
STU0397,Female,Private,Post Graduate,5.61,89.27,16.46,43.99,7.45,2.75,88.11,2,1,71.19,57.75,C,0
STU0398,Female,Private,Graduate,6.25,100.0,53.29,46.61,65.62,2.92,79.18,3,2,71.69,63.68,C,0
STU0399,Female,Semi-Government,High School,6.62,83.67,100.0,40.29,69.53,7.28,52.59,5,3,39.02,74.23,B,0
STU0400,Male,Semi-Government,Graduate,3.31,85.08,27.1,46.05,71.45,0.74,66.17,2,1,61.45,42.06,D,1
STU0401,Female,Private,High School,7.19,70.35,18.36,10.7,46.31,9.98,51.1,6,0,96.05,62.0,C,0
STU0402,Female,Semi-Government,High School,5.03,65.45,28.02,71.8,61.8,3.86,68.72,3,1,71.11,54.23,D,1
STU0403,Male,Private,High School,4.77,59.44,75.97,98.98,86.33,5.4,100.0,2,1,61.3,98.28,A,0
STU0404,Male,Private,High School,3.97,53.13,80.5,64.66,86.1,0.65,89.21,7,2,77.38,62.56,C,0
STU0405,Female,Private,Graduate,3.81,55.63,47.75,36.51,54.36,5.95,78.02,4,2,87.02,61.88,C,0
STU0406,Female,Private,High School,4.47,43.69,71.66,50.43,58.07,4.69,52.68,2,2,82.95,77.56,B,0
STU0407,Female,Government,Graduate,5.44,66.63,85.81,53.74,79.44,5.8,83.75,7,2,43.2,83.56,B,0
STU0408,Female,Semi-Government,Post Graduate,9.43,37.68,93.75,43.68,21.98,11.89,22.83,5,3,67.56,62.32,C,0
STU0409,Female,Semi-Government,High School,5.71,71.44,53.07,77.48,47.89,6.71,58.69,3,2,37.55,77.04,B,0
STU0410,Female,Government,Graduate,6.77,67.35,11.97,76.58,84.38,2.82,79.59,2,1,43.64,73.27,B,0
STU0411,Male,Semi-Government,Graduate,7.1,70.64,41.58,41.2,76.45,3.15,83.51,4,4,56.98,75.86,B,0
STU0412,Female,Government,Post Graduate,6.7,58.6,49.46,75.05,63.12,8.38,81.75,2,2,8.79,97.44,A,0
STU0413,Female,Government,High School,6.38,100.0,52.82,89.48,21.87,11.19,72.37,3,1,54.22,78.3,B,0
STU0414,Male,Private,Graduate,4.71,92.48,54.24,96.25,53.9,7.13,60.11,3,2,27.71,81.95,B,0
STU0415,Male,Government,Graduate,8.68,45.6,80.38,100.0,42.02,8.75,78.45,2,2,15.35,86.68,A,0
STU0416,Male,Semi-Government,High School,9.21,72.19,83.49,45.76,62.28,8.44,41.18,10,2,64.87,88.58,A,0
STU0417,Male,Semi-Government,High School,3.98,57.06,54.57,100.0,37.19,11.68,43.88,7,2,38.48,81.24,B,0
STU0418,Female,Private,Graduate,4.96,49.74,79.97,55.62,32.43,0.0,66.54,3,3,50.5,63.12,C,0
STU0419,Female,Government,Graduate,6.08,43.88,65.15,51.34,9.57,8.67,69.33,2,1,39.09,64.92,C,0
STU0420,Female,Government,High School,5.05,75.78,59.29,67.89,81.88,9.93,19.36,6,3,29.58,88.32,A,0
STU0421,Female,Private,Graduate,7.26,55.74,76.13,51.52,46.21,0.65,76.38,4,3,47.94,91.14,A,0
STU0422,Female,Semi-Government,High School,5.41,85.42,59.45,69.18,58.46,2.46,84.32,4,3,10.94,64.92,C,0
STU0423,Female,Private,Graduate,9.75,85.89,99.16,38.24,54.95,2.6,63.07,5,2,42.59,87.0,A,0
STU0424,Male,Government,High School,8.29,92.73,29.23,57.7,31.52,3.08,100.0,4,2,94.52,87.86,A,0
STU0425,Female,Private,Post Graduate,6.82,52.66,47.7,85.14,27.3,4.07,47.93,5,1,15.01,90.36,A,0
STU0426,Male,Private,High School,8.04,76.56,55.47,60.97,32.88,6.97,55.97,3,1,80.65,72.32,B,0
STU0427,Male,Private,High School,8.16,79.38,66.79,64.55,39.09,9.46,55.12,6,3,97.17,85.03,A,0
STU0428,Female,Government,High School,5.65,59.46,83.36,70.55,63.07,10.33,63.1,5,1,25.36,86.17,A,0
STU0429,Male,Private,High School,5.28,54.11,57.51,83.07,37.49,2.65,56.78,2,1,53.19,67.53,C,0
STU0430,Female,Private,Graduate,6.62,96.97,29.56,32.21,93.42,2.62,29.83,2,0,12.51,74.58,B,0
STU0431,Male,Semi-Government,High School,7.79,72.09,74.85,72.52,77.6,11.26,51.34,5,3,8.77,100.0,A,0
STU0432,Female,Government,Graduate,6.71,79.45,73.1,57.17,72.78,8.59,62.56,5,4,49.18,67.63,C,0
STU0433,Male,Private,High School,4.13,53.2,19.16,65.0,52.37,6.33,95.71,5,2,55.23,53.8,D,1
STU0434,Female,Semi-Government,High School,5.3,46.05,57.92,81.08,88.31,7.89,100.0,8,3,30.83,92.24,A,0
STU0435,Female,Government,High School,6.39,57.75,26.2,40.5,50.2,5.88,98.39,9,0,16.73,63.75,C,0
STU0436,Female,Semi-Government,High School,6.39,65.77,44.71,43.77,54.31,8.1,45.62,7,2,25.4,73.77,B,0
STU0437,Female,Private,High School,9.46,48.84,39.94,27.16,58.74,4.66,47.6,5,1,67.28,84.8,B,0
STU0438,Female,Government,High School,4.42,67.82,74.19,52.12,70.44,7.08,61.02,4,2,67.45,87.33,A,0
STU0439,Male,Government,Graduate,7.26,37.61,60.34,85.95,69.01,0.0,100.0,6,2,61.06,85.65,A,0
STU0440,Male,Private,High School,8.73,47.84,32.29,59.83,44.55,3.25,60.86,2,3,35.36,88.09,A,0
STU0441,Male,Government,Graduate,9.91,80.08,75.6,37.88,43.27,3.29,31.81,2,0,18.11,83.61,B,0
STU0442,Female,Private,Graduate,5.89,78.87,29.32,53.26,69.08,4.5,52.47,6,1,77.82,64.96,C,0
STU0443,Male,Government,High School,7.24,60.95,64.6,35.22,70.74,2.29,83.93,7,1,86.03,60.9,C,0
STU0444,Female,Private,Graduate,7.35,49.68,41.72,41.75,46.35,3.87,82.25,5,1,31.88,59.48,C,0
STU0445,Female,Government,Post Graduate,6.79,49.51,50.69,69.0,20.08,0.0,59.99,1,3,41.03,62.58,C,0
STU0446,Male,Semi-Government,Graduate,6.35,61.28,68.09,40.87,50.44,8.19,82.09,6,1,8.32,76.34,B,0
STU0447,Male,Semi-Government,Graduate,7.15,79.6,68.43,82.03,68.72,5.67,8.17,4,0,58.35,84.38,B,0
STU0448,Female,Semi-Government,High School,2.7,84.71,84.74,60.72,94.72,0.0,67.6,3,4,96.89,88.59,A,0
STU0449,Male,Private,Graduate,7.52,59.06,56.35,63.54,28.64,2.66,86.52,1,3,68.59,78.45,B,0
STU0450,Female,Government,Graduate,6.69,47.24,64.13,56.99,45.62,7.35,44.18,7,1,100.3,78.4,B,0
STU0451,Female,Private,Graduate,6.17,72.82,49.25,75.91,46.43,3.83,44.09,2,1,35.24,88.5,A,0
STU0452,Female,Government,Post Graduate,9.57,53.18,61.64,76.1,84.83,3.21,18.34,7,1,12.31,89.49,A,0
STU0453,Female,Government,High School,5.49,58.67,66.79,68.03,54.23,5.7,100.0,8,2,82.61,70.85,B,0
STU0454,Female,Government,High School,5.9,91.85,56.03,72.17,35.04,7.37,47.0,6,1,49.3,84.7,B,0
STU0455,Male,Private,Graduate,9.49,82.89,21.92,58.18,67.29,0.25,71.03,3,2,22.67,87.05,A,0
STU0456,Male,Private,Graduate,5.25,70.84,64.63,71.76,46.1,8.2,80.1,2,1,91.81,71.09,B,0
STU0457,Female,Private,High School,5.67,45.11,65.29,55.92,28.06,2.8,100.0,5,1,29.85,65.36,C,0
STU0458,Female,Private,High School,6.28,71.81,44.4,62.04,35.36,5.93,61.15,6,1,17.01,67.99,C,0
STU0459,Male,Government,High School,7.76,87.13,32.31,57.06,93.15,5.86,51.51,0,6,60.04,82.36,B,0
STU0460,Male,Semi-Government,High School,6.81,61.24,87.52,53.77,63.45,3.89,69.33,4,2,12.46,82.31,B,0
STU0461,Female,Private,Graduate,4.56,92.32,67.83,49.6,57.37,1.91,97.1,5,0,70.56,66.35,C,0
STU0462,Male,Private,Graduate,5.7,91.27,53.42,70.42,49.5,4.86,60.75,5,1,16.19,80.09,B,0
STU0463,Female,Government,High School,5.59,97.95,35.26,85.59,61.43,12.5,41.13,4,1,51.29,85.53,A,0
STU0464,Male,Private,High School,6.38,73.49,41.56,83.08,61.17,0.55,26.48,4,5,52.92,66.55,C,0
STU0465,Female,Private,High School,7.14,78.57,84.05,39.38,61.43,12.77,34.47,2,1,51.62,90.63,A,0
STU0466,Male,Government,High School,7.13,93.46,60.75,85.21,57.53,4.96,86.61,1,1,12.81,74.17,B,0
STU0467,Female,Government,Graduate,3.84,76.05,46.99,56.27,74.11,6.14,56.98,3,3,40.14,71.63,B,0
STU0468,Male,Private,Post Graduate,8.1,58.98,68.19,72.81,55.51,1.65,49.81,6,2,79.34,86.23,A,0
STU0469,Male,Private,Graduate,6.88,59.93,41.71,45.69,33.49,2.91,47.1,2,5,39.95,61.99,C,0
STU0470,Female,Government,High School,8.58,72.29,88.02,64.56,41.53,3.99,67.13,2,1,16.23,86.94,A,0
STU0471,Male,Semi-Government,Post Graduate,7.17,44.77,85.06,67.65,11.46,1.82,59.01,1,0,33.87,65.69,C,0
STU0472,Female,Government,Graduate,8.15,65.42,48.67,35.28,99.59,5.16,58.17,3,3,13.54,80.39,B,0
STU0473,Male,Private,Graduate,7.2,87.74,45.43,72.95,73.98,4.37,98.73,5,2,0.0,88.28,A,0
STU0474,Female,Semi-Government,Graduate,8.52,28.56,5.64,86.23,36.74,13.4,100.0,6,2,40.59,73.51,B,0
STU0475,Male,Private,High School,7.28,95.62,28.37,58.86,48.8,1.34,24.75,5,1,47.5,79.7,B,0
STU0476,Female,Private,High School,6.35,88.2,31.21,86.48,40.99,6.41,73.19,4,3,62.47,53.1,D,1
STU0477,Male,Government,High School,9.91,59.72,60.7,58.59,88.94,6.99,45.58,10,1,56.68,95.18,A,0
STU0478,Female,Government,High School,7.83,77.78,51.48,77.29,23.76,1.72,58.79,0,0,60.37,51.82,D,1
STU0479,Male,Semi-Government,High School,7.36,68.06,31.09,22.07,57.52,8.75,72.73,5,1,43.97,59.44,C,0
STU0480,Female,Private,Graduate,4.59,90.14,52.38,100.0,52.61,4.41,59.68,7,2,98.19,67.5,C,0
STU0481,Female,Semi-Government,Graduate,4.57,85.69,68.11,88.92,73.19,0.0,70.76,2,1,23.96,90.41,A,0
STU0482,Female,Government,Graduate,6.94,42.8,68.56,56.88,52.71,8.64,81.82,4,0,37.07,89.6,A,0
STU0483,Male,Government,High School,6.72,78.57,20.01,26.5,16.32,1.53,72.36,3,2,86.47,52.47,D,1
STU0484,Female,Government,Post Graduate,5.58,64.3,55.43,67.18,49.48,1.81,48.83,7,2,35.25,69.33,C,0
STU0485,Male,Private,Post Graduate,6.71,69.49,30.33,36.01,33.61,8.75,49.27,5,3,42.24,73.9,B,0
STU0486,Female,Government,Graduate,8.88,54.89,76.03,70.01,56.75,4.61,29.01,3,2,55.1,95.78,A,0
STU0487,Male,Semi-Government,Post Graduate,7.54,99.47,73.68,69.41,86.55,9.67,43.65,2,0,74.19,86.28,A,0
STU0488,Female,Private,Graduate,4.79,86.72,40.04,45.05,16.73,10.84,100.0,4,0,48.55,67.72,C,0
STU0489,Male,Semi-Government,Post Graduate,6.33,54.68,42.68,82.18,37.4,3.42,45.2,6,0,22.91,59.08,C,0
STU0490,Male,Government,High School,5.29,43.98,48.77,76.5,42.84,9.17,35.17,2,1,34.75,61.66,C,0
STU0491,Female,Semi-Government,High School,5.92,61.06,12.94,79.56,46.6,2.98,73.0,4,2,58.5,70.12,B,0
STU0492,Male,Private,High School,5.88,75.82,64.72,62.16,71.28,14.93,62.24,7,2,37.62,78.88,B,0
STU0493,Male,Private,High School,5.78,72.32,52.54,36.52,51.18,3.23,60.11,2,2,33.32,60.91,C,0
STU0494,Female,Semi-Government,High School,4.62,90.56,77.4,79.6,64.15,10.1,100.0,5,0,21.7,68.51,C,0
STU0495,Male,Private,Graduate,6.31,82.22,36.03,57.13,41.23,9.38,78.73,8,1,74.84,76.24,B,0
STU0496,Male,Private,Graduate,5.66,85.45,45.62,36.98,60.06,7.26,51.75,1,1,41.96,57.96,C,0
STU0497,Male,Government,Graduate,2.11,73.88,27.87,86.34,72.11,3.32,54.39,4,1,42.12,50.6,D,1
STU0498,Female,Government,High School,9.58,42.99,37.91,99.79,38.89,5.39,52.44,6,2,62.0,97.46,A,0
STU0499,Male,Semi-Government,Graduate,8.13,64.48,34.36,61.26,72.19,0.0,86.87,4,1,10.94,73.6,B,0
STU0500,Female,Private,Graduate,5.94,87.08,77.92,100.0,56.15,6.9,57.3,4,1,46.05,93.15,A,0
STU0501,Male,Private,High School,6.53,67.07,44.03,63.64,78.0,7.4,20.17,2,2,82.63,84.51,B,0
STU0502,Male,Private,Graduate,4.74,77.06,60.48,55.15,50.57,6.53,63.79,4,1,43.4,76.96,B,0
STU0503,Male,Government,High School,9.04,62.26,50.38,50.65,63.39,0.0,26.57,5,0,50.49,74.13,B,0
STU0504,Female,Government,High School,9.35,49.46,32.61,91.47,54.11,0.94,100.0,3,2,49.93,80.68,B,0
STU0505,Male,Private,Post Graduate,6.74,65.78,54.63,47.96,52.88,3.01,40.86,6,2,71.53,59.72,C,0
STU0506,Male,Private,High School,8.04,73.56,69.98,75.23,60.7,7.17,60.95,2,4,50.03,70.57,B,0
STU0507,Female,Government,Graduate,6.76,56.2,33.84,51.94,66.81,7.16,71.46,4,4,106.71,79.07,B,0
STU0508,Male,Private,Post Graduate,4.49,63.76,74.18,53.71,27.51,5.32,57.78,6,2,50.78,68.96,C,0
STU0509,Female,Government,Graduate,5.88,51.09,41.01,80.54,86.54,8.54,57.75,3,1,34.11,84.2,B,0
STU0510,Female,Private,High School,6.7,88.15,48.34,55.16,14.09,1.9,75.55,5,3,82.8,35.74,F,1
STU0511,Male,Government,High School,5.82,62.7,68.61,54.71,39.93,8.44,100.0,5,0,39.73,72.23,B,0
STU0512,Female,Private,High School,6.17,94.15,44.73,82.39,52.93,7.9,84.19,1,2,30.01,86.19,A,0
STU0513,Male,Government,Graduate,6.36,95.52,58.75,90.75,64.07,7.51,100.0,5,0,15.29,100.0,A,0
STU0514,Female,Private,High School,6.38,66.54,51.71,73.6,89.68,5.27,38.83,6,2,56.97,84.44,B,0
STU0515,Female,Government,High School,6.58,49.85,60.59,50.21,14.12,13.32,72.93,2,2,33.56,70.18,B,0
STU0516,Male,Government,Post Graduate,4.91,30.45,10.39,52.81,43.83,7.97,68.88,3,3,25.57,48.28,D,1
STU0517,Female,Government,Graduate,5.42,41.5,21.41,63.44,8.21,2.13,73.78,0,2,30.85,53.24,D,1
STU0518,Female,Private,High School,4.57,43.27,70.32,67.78,55.7,6.99,99.41,2,2,35.92,69.46,C,0
STU0519,Female,Private,Graduate,7.97,92.81,78.74,44.22,60.98,9.01,59.48,5,1,65.82,79.25,B,0
STU0520,Female,Government,Graduate,3.34,70.08,39.79,75.01,90.0,3.65,54.86,3,0,57.09,54.75,D,1
STU0521,Female,Private,High School,8.23,75.01,53.12,63.54,57.65,10.36,78.35,3,0,41.39,76.67,B,0
STU0522,Male,Semi-Government,High School,8.58,28.03,63.89,31.12,77.97,7.53,20.54,5,1,59.02,80.73,B,0
STU0523,Female,Private,Graduate,6.05,46.44,71.86,45.28,67.84,0.0,59.08,5,4,42.34,57.21,C,0
STU0524,Male,Government,Graduate,2.6,83.97,17.45,52.93,45.42,7.2,61.65,8,0,50.16,48.96,D,1
STU0525,Female,Private,Graduate,5.96,73.16,40.28,60.69,24.0,4.38,41.99,3,0,28.33,73.74,B,0
STU0526,Male,Government,High School,6.4,65.35,51.35,96.01,61.05,8.15,91.43,4,0,28.56,70.41,B,0
STU0527,Male,Government,High School,4.98,78.17,72.06,66.29,22.17,9.78,38.44,5,1,48.78,71.3,B,0
STU0528,Female,Semi-Government,High School,5.73,97.44,100.0,46.87,83.49,6.78,61.6,5,1,48.84,92.28,A,0
STU0529,Female,Government,High School,8.8,64.02,53.44,65.97,51.43,12.66,72.33,6,1,70.28,84.77,B,0
STU0530,Female,Private,High School,7.5,69.25,29.86,55.66,81.29,5.29,98.84,2,1,57.48,86.31,A,0
STU0531,Male,Private,High School,5.11,71.47,66.05,67.85,44.44,8.5,64.74,0,0,32.7,68.56,C,0
STU0532,Female,Private,Graduate,4.1,100.0,84.42,72.45,60.91,9.22,88.4,3,1,13.0,89.57,A,0
STU0533,Male,Private,Post Graduate,6.01,30.21,60.16,83.77,59.61,5.61,82.51,4,2,67.06,64.89,C,0
STU0534,Male,Government,Graduate,6.18,80.3,39.87,61.56,54.01,9.12,68.09,4,2,53.29,92.77,A,0
STU0535,Male,Government,Post Graduate,7.24,65.93,77.16,91.5,45.48,3.62,37.76,4,0,69.23,94.31,A,0
STU0536,Female,Private,High School,5.7,78.2,71.27,78.34,63.63,4.31,29.14,4,2,56.47,54.11,D,1
STU0537,Female,Government,Post Graduate,7.27,56.17,37.48,49.27,34.62,0.75,67.66,5,1,90.12,74.21,B,0
STU0538,Male,Government,High School,9.4,67.12,65.63,100.0,28.39,6.97,51.43,6,1,39.59,84.01,B,0
STU0539,Male,Government,Post Graduate,7.72,80.81,77.95,67.89,82.34,7.3,87.98,5,2,46.04,100.0,A,0
STU0540,Female,Government,Post Graduate,6.43,100.0,81.64,46.97,71.0,10.72,83.65,7,0,64.76,97.91,A,0
STU0541,Male,Government,Graduate,6.23,82.54,56.67,91.75,56.45,9.16,60.38,3,1,66.58,70.6,B,0
STU0542,Female,Government,Post Graduate,5.96,52.73,50.84,99.4,91.63,4.86,36.06,6,1,53.18,88.44,A,0
STU0543,Male,Private,Graduate,8.27,60.37,82.55,61.41,49.11,1.29,77.77,1,2,5.22,76.61,B,0
STU0544,Female,Private,High School,5.56,59.84,33.8,52.93,84.1,7.73,39.55,0,0,0.8,75.49,B,0
STU0545,Male,Semi-Government,High School,6.57,35.68,66.77,58.9,58.86,10.44,46.04,3,0,35.35,75.61,B,0
STU0546,Female,Government,Graduate,6.58,62.06,30.6,74.87,32.46,9.02,40.51,3,0,45.55,59.39,C,0
STU0547,Male,Government,High School,5.75,81.19,79.31,85.0,95.66,10.34,61.54,9,1,0.0,83.4,B,0
STU0548,Female,Government,Graduate,4.44,45.06,52.84,72.27,76.8,5.15,94.25,4,3,44.25,75.34,B,0
STU0549,Female,Private,Post Graduate,6.98,86.87,83.37,63.83,52.34,4.13,64.87,3,2,61.28,86.27,A,0
STU0550,Male,Private,High School,6.41,76.78,67.83,88.96,71.0,3.05,53.92,3,2,43.52,81.78,B,0
STU0551,Male,Government,Graduate,7.25,54.78,33.54,56.37,46.12,5.78,26.86,8,1,52.38,60.09,C,0
STU0552,Female,Semi-Government,Post Graduate,5.7,65.45,86.49,80.56,73.24,5.69,78.8,2,0,59.7,78.82,B,0
STU0553,Male,Government,Post Graduate,8.33,96.77,89.02,56.81,2.4,6.83,45.49,2,0,4.97,67.15,C,0
STU0554,Female,Private,Post Graduate,5.18,81.2,75.65,69.76,32.56,5.48,67.94,5,0,61.31,77.81,B,0
STU0555,Male,Private,Graduate,9.07,68.16,42.77,59.96,76.54,5.47,56.14,1,2,26.66,64.54,C,0
STU0556,Female,Semi-Government,Post Graduate,3.88,63.72,51.88,60.99,49.51,2.89,85.95,1,1,39.05,70.37,B,0
STU0557,Female,Private,Graduate,7.15,69.38,60.91,55.21,59.57,9.77,61.07,6,3,28.47,81.69,B,0
STU0558,Female,Semi-Government,High School,7.21,58.79,43.93,86.21,25.37,6.31,63.53,4,1,71.85,76.84,B,0
STU0559,Female,Government,Graduate,5.31,30.11,91.85,48.81,95.65,5.3,77.14,5,1,15.69,87.83,A,0
STU0560,Female,Semi-Government,Graduate,7.14,100.0,60.89,48.68,81.19,3.01,100.0,4,1,79.53,85.84,A,0
STU0561,Female,Government,High School,8.42,70.8,3.93,100.0,50.58,0.67,87.21,7,3,104.8,73.58,B,0
STU0562,Male,Semi-Government,Graduate,3.17,75.17,64.79,79.6,46.1,11.23,62.78,4,2,6.22,81.1,B,0
STU0563,Male,Private,Graduate,7.25,66.96,51.04,19.07,77.65,8.22,65.08,6,4,30.35,60.77,C,0
STU0564,Male,Semi-Government,High School,2.76,54.77,56.5,51.83,98.61,0.0,51.88,6,1,60.31,75.17,B,0
STU0565,Female,Private,Graduate,5.05,64.65,50.63,29.38,75.98,9.05,41.25,6,2,20.16,57.47,C,0
STU0566,Female,Private,Graduate,8.94,39.21,74.14,44.89,100.0,9.69,51.18,3,3,38.2,90.33,A,0
STU0567,Female,Private,Graduate,5.63,100.0,80.39,5.51,34.71,6.5,45.7,6,3,49.4,78.81,B,0
STU0568,Female,Private,High School,4.74,45.78,63.66,59.53,36.97,12.39,81.33,3,0,27.18,90.19,A,0
STU0569,Male,Government,High School,6.2,49.42,51.21,41.45,28.84,6.87,38.22,2,2,47.05,61.28,C,0
STU0570,Male,Government,High School,9.6,60.08,57.17,63.08,64.72,0.33,98.33,6,1,68.72,74.76,B,0
STU0571,Female,Government,Post Graduate,3.75,91.19,58.39,32.75,58.86,7.46,83.8,5,2,43.04,74.07,B,0
STU0572,Male,Government,High School,4.92,68.26,41.95,63.49,51.66,6.98,65.51,3,2,19.03,66.93,C,0
STU0573,Male,Semi-Government,Graduate,8.75,45.75,69.58,54.53,72.8,3.59,65.01,3,0,74.12,72.9,B,0
STU0574,Female,Government,High School,9.29,90.58,67.2,89.04,82.11,8.29,51.07,4,3,79.73,100.0,A,0
STU0575,Male,Semi-Government,High School,6.34,81.16,88.81,87.4,21.44,0.0,71.75,3,6,54.21,63.38,C,0
STU0576,Female,Government,Graduate,4.64,77.69,83.11,76.14,41.87,9.96,92.2,1,1,20.46,79.39,B,0
STU0577,Male,Government,Graduate,9.64,80.88,44.29,56.12,73.04,2.49,47.42,2,2,23.06,77.35,B,0
STU0578,Female,Private,High School,8.89,100.0,74.41,97.74,44.71,2.06,26.67,6,0,0.0,72.47,B,0
STU0579,Female,Private,High School,7.52,100.0,38.98,34.05,37.44,5.54,82.58,4,1,30.2,55.47,C,0
STU0580,Female,Private,High School,5.28,55.64,71.92,36.74,77.41,7.73,73.11,1,3,71.64,66.12,C,0
STU0581,Female,Private,Graduate,6.43,97.23,47.67,60.49,26.63,6.66,37.0,2,1,27.9,72.73,B,0
STU0582,Male,Private,Graduate,6.26,74.9,37.53,100.0,48.37,3.03,46.67,3,3,21.1,87.28,A,0
STU0583,Female,Government,High School,7.0,76.98,63.6,58.36,62.23,3.98,43.52,3,2,70.57,90.46,A,0
STU0584,Female,Semi-Government,High School,8.68,37.54,4.51,58.7,42.38,1.47,46.89,4,2,73.78,47.94,D,1
STU0585,Female,Semi-Government,High School,7.82,64.93,22.98,36.05,72.23,5.1,56.91,5,2,31.6,70.99,B,0
STU0586,Male,Private,Post Graduate,4.88,53.37,54.45,79.03,42.48,10.3,58.34,6,1,57.74,63.36,C,0
STU0587,Female,Government,Post Graduate,8.56,82.91,59.65,79.16,85.99,5.98,48.73,8,1,23.31,95.43,A,0
STU0588,Male,Private,High School,6.97,87.28,50.61,76.2,52.23,9.44,46.05,4,0,36.43,94.52,A,0
STU0589,Female,Government,Graduate,7.53,30.66,26.41,50.67,69.77,11.82,59.28,5,1,0.0,78.16,B,0
STU0590,Male,Government,High School,8.7,67.6,41.64,49.28,71.41,3.65,69.19,6,0,54.0,90.28,A,0
STU0591,Male,Government,High School,4.83,88.19,65.82,38.72,41.19,5.25,57.09,2,1,42.43,85.25,A,0
STU0592,Female,Private,Graduate,6.45,64.64,69.64,63.51,9.82,14.68,93.97,7,1,28.2,61.04,C,0
STU0593,Male,Semi-Government,Post Graduate,5.7,81.12,57.68,42.55,62.94,11.78,77.7,5,3,42.7,72.53,B,0
STU0594,Female,Private,Post Graduate,4.15,74.32,81.14,40.81,56.59,0.0,25.23,3,2,39.62,66.38,C,0
STU0595,Female,Private,Graduate,7.02,74.15,65.95,54.37,67.23,7.55,78.09,10,1,24.32,88.71,A,0
STU0596,Female,Private,High School,10.0,63.12,43.05,53.2,50.02,6.0,80.14,2,2,54.96,94.34,A,0
STU0597,Male,Government,Graduate,3.74,46.1,52.39,52.32,45.53,9.31,54.13,7,1,37.55,56.11,C,0
STU0598,Male,Government,High School,6.45,47.81,29.94,70.4,99.19,3.02,27.62,3,2,41.64,76.68,B,0
STU0599,Female,Semi-Government,Graduate,7.46,80.77,55.84,63.42,22.61,2.64,65.2,2,3,8.48,64.96,C,0
STU0600,Female,Government,High School,6.68,68.35,80.24,56.81,71.15,3.3,64.81,2,0,41.86,90.81,A,0
STU0601,Male,Semi-Government,Graduate,6.33,65.51,71.71,65.29,42.36,3.71,36.96,4,2,40.52,72.03,B,0
STU0602,Female,Private,High School,4.55,60.37,86.04,44.15,47.61,9.26,28.72,7,1,24.36,82.16,B,0
STU0603,Female,Private,High School,6.85,62.51,51.94,63.9,48.02,1.28,62.81,1,1,58.29,83.34,B,0
STU0604,Female,Private,Post Graduate,5.36,86.84,84.92,64.71,37.32,3.51,59.17,3,0,0.0,60.49,C,0
STU0605,Male,Private,High School,3.22,61.97,54.13,34.95,67.57,0.0,54.57,5,2,32.95,71.27,B,0
STU0606,Male,Semi-Government,Graduate,8.29,43.86,87.43,79.92,85.59,10.03,62.91,5,1,52.75,100.0,A,0
STU0607,Male,Semi-Government,High School,7.94,81.39,57.56,46.13,65.34,11.08,37.43,3,2,97.46,78.92,B,0
STU0608,Female,Private,High School,6.58,64.31,72.14,63.63,57.27,4.69,54.13,2,3,10.86,86.61,A,0
STU0609,Female,Government,High School,6.84,68.57,87.5,82.96,33.3,4.81,78.33,2,2,47.22,75.81,B,0
STU0610,Female,Private,High School,8.11,96.94,54.13,78.66,66.37,7.81,56.25,6,1,58.7,100.0,A,0
STU0611,Male,Semi-Government,Post Graduate,6.84,67.63,62.37,62.62,100.0,11.9,23.2,3,2,46.58,88.55,A,0
STU0612,Female,Government,High School,7.86,73.21,83.78,55.48,46.62,7.63,53.18,3,1,14.19,92.73,A,0
STU0613,Female,Private,Post Graduate,6.05,46.78,55.34,79.06,46.73,3.21,38.25,3,0,32.91,61.91,C,0
STU0614,Female,Private,Graduate,8.47,64.05,31.58,74.14,42.66,0.0,71.68,3,1,0.0,78.75,B,0
STU0615,Female,Private,High School,6.98,78.97,100.0,50.87,44.23,1.54,72.97,3,1,45.1,88.02,A,0
STU0616,Male,Government,Graduate,6.79,40.0,48.6,47.69,0.0,6.29,23.53,4,0,9.6,58.44,C,0
STU0617,Male,Private,Graduate,4.59,71.62,61.18,24.7,63.91,3.38,83.98,1,3,56.39,68.45,C,0
STU0618,Female,Semi-Government,Graduate,6.93,69.81,81.12,64.77,36.4,6.78,37.2,7,2,28.66,70.67,B,0
STU0619,Male,Government,High School,5.25,68.74,45.83,60.51,19.57,3.79,100.0,6,2,26.31,66.59,C,0
STU0620,Male,Government,High School,5.54,86.67,37.84,82.45,71.57,1.77,63.78,7,1,49.16,67.98,C,0
STU0621,Female,Semi-Government,Post Graduate,5.28,74.02,63.07,68.46,31.2,1.29,33.84,4,0,51.51,61.9,C,0
STU0622,Female,Government,Post Graduate,4.9,94.61,22.14,86.02,47.55,12.25,36.45,6,2,66.78,64.66,C,0
STU0623,Male,Semi-Government,Post Graduate,9.69,50.12,52.24,49.45,87.26,9.56,73.7,6,2,38.47,92.32,A,0
STU0624,Female,Private,High School,8.5,70.45,62.9,82.49,24.0,12.92,55.22,4,2,42.36,67.65,C,0
STU0625,Male,Government,Graduate,9.38,69.52,52.6,52.48,21.28,8.16,62.58,5,0,10.34,79.82,B,0
STU0626,Female,Semi-Government,Graduate,4.67,48.75,27.13,76.0,60.92,4.28,100.0,4,0,81.21,63.37,C,0
STU0627,Male,Private,Graduate,6.61,85.21,89.88,35.74,80.29,11.29,47.52,6,1,21.64,72.49,B,0
STU0628,Female,Private,High School,4.56,100.0,60.07,66.23,20.36,5.87,66.5,2,1,63.12,66.28,C,0
STU0629,Male,Government,Graduate,5.46,67.69,86.62,26.28,63.97,6.88,100.0,6,2,63.3,83.86,B,0
STU0630,Male,Private,High School,5.12,77.09,52.8,57.19,67.78,5.83,71.76,7,2,55.0,76.49,B,0
STU0631,Male,Government,High School,8.36,69.52,40.4,69.93,9.7,0.0,24.83,5,2,39.07,73.27,B,0
STU0632,Female,Government,Post Graduate,5.91,55.16,63.38,52.62,72.57,12.42,77.63,2,1,35.93,74.06,B,0
STU0633,Male,Semi-Government,High School,8.1,35.23,53.68,43.09,74.29,7.96,35.92,5,0,43.4,75.47,B,0
STU0634,Male,Government,High School,7.41,55.3,34.44,77.23,48.14,7.32,100.0,4,0,0.0,80.6,B,0
STU0635,Female,Private,High School,9.96,42.94,87.4,60.14,82.55,5.75,44.43,6,4,44.35,99.14,A,0
STU0636,Female,Government,Post Graduate,4.28,98.67,45.55,53.19,80.0,6.65,100.0,3,0,82.14,48.77,D,1
STU0637,Male,Private,Graduate,8.39,65.93,21.19,62.75,57.27,3.61,100.0,6,2,39.35,70.24,B,0
STU0638,Male,Government,High School,8.22,61.77,84.56,100.0,45.07,8.47,45.08,3,0,44.18,100.0,A,0
STU0639,Female,Semi-Government,Graduate,5.04,84.0,47.91,82.76,33.6,0.77,65.5,5,1,19.4,58.88,C,0
STU0640,Female,Private,Graduate,8.01,47.81,45.84,82.93,54.17,6.74,83.84,5,0,49.64,80.21,B,0
STU0641,Female,Government,High School,7.0,54.2,22.69,69.84,67.53,8.25,84.59,3,1,25.55,76.61,B,0
STU0642,Female,Government,Graduate,6.16,69.23,92.82,65.0,47.87,5.21,76.06,7,4,66.25,67.66,C,0
STU0643,Female,Government,Graduate,5.26,86.52,32.21,18.87,6.65,7.48,96.3,5,0,73.53,67.4,C,0
STU0644,Male,Private,Graduate,5.42,77.03,59.17,49.78,82.91,2.03,61.93,0,1,78.99,70.23,B,0
STU0645,Female,Government,High School,9.57,72.47,76.25,53.35,59.18,2.14,55.83,2,2,8.91,80.1,B,0
STU0646,Male,Semi-Government,Post Graduate,6.5,69.41,66.43,28.25,46.65,6.95,56.33,6,1,63.07,75.58,B,0
STU0647,Male,Private,Graduate,7.67,75.2,56.81,41.17,73.86,8.71,86.46,4,2,61.17,81.01,B,0
STU0648,Male,Government,High School,5.31,71.63,23.97,26.34,88.54,0.0,74.13,5,3,34.62,64.97,C,0
STU0649,Female,Private,High School,5.33,49.46,41.81,61.31,0.0,8.09,72.28,1,1,74.82,67.26,C,0
STU0650,Male,Private,High School,8.12,68.83,61.76,76.74,64.55,3.83,84.88,2,1,55.36,81.06,B,0
STU0651,Male,Government,High School,4.48,48.67,42.26,81.92,23.61,5.23,13.72,3,1,79.33,64.32,C,0
STU0652,Female,Government,Graduate,5.88,69.46,62.07,69.47,65.98,0.64,72.75,7,0,13.31,73.71,B,0
STU0653,Male,Government,High School,6.55,59.35,71.63,44.66,57.81,2.59,70.46,5,3,27.15,75.47,B,0
STU0654,Male,Private,High School,6.67,100.0,77.25,27.22,68.99,9.86,100.0,6,1,47.34,88.42,A,0
STU0655,Female,Private,Graduate,6.23,67.28,33.48,30.38,44.02,6.13,26.79,7,3,74.31,55.93,C,0
STU0656,Male,Private,High School,7.09,42.72,100.0,39.16,13.79,4.47,100.0,1,1,56.37,59.67,C,0
STU0657,Male,Semi-Government,Post Graduate,7.54,65.58,73.35,46.0,45.09,5.53,66.89,6,1,21.29,83.17,B,0
STU0658,Male,Semi-Government,High School,7.6,77.35,57.97,59.12,63.95,7.96,77.22,2,0,89.41,92.67,A,0
STU0659,Female,Private,High School,5.02,98.12,79.79,43.75,77.34,7.76,100.0,2,1,37.63,87.66,A,0
STU0660,Female,Semi-Government,High School,6.07,57.39,100.0,68.1,29.22,5.7,79.02,3,4,22.09,83.94,B,0
STU0661,Female,Government,High School,8.29,39.52,29.23,57.82,77.6,10.37,75.01,7,2,25.62,79.88,B,0
STU0662,Male,Government,High School,7.84,82.7,53.49,62.19,40.75,9.88,71.06,4,3,11.69,89.95,A,0
STU0663,Male,Government,Graduate,4.44,43.15,10.43,82.52,62.97,7.65,52.91,3,1,0.0,66.56,C,0
STU0664,Female,Government,Post Graduate,7.03,60.15,61.85,40.76,43.78,6.22,64.29,4,0,42.09,79.66,B,0
STU0665,Male,Private,High School,3.53,63.36,65.31,69.54,59.01,8.63,47.11,2,2,6.13,68.8,C,0
STU0666,Male,Semi-Government,Graduate,6.57,66.75,57.22,61.75,74.62,7.26,63.89,1,1,52.84,84.81,B,0
STU0667,Female,Government,Graduate,9.35,80.4,44.91,56.0,28.01,10.24,6.6,5,2,69.61,71.42,B,0
STU0668,Female,Government,Graduate,5.08,55.69,17.01,77.93,40.04,9.6,75.73,5,1,54.42,70.68,B,0
STU0669,Male,Private,High School,5.25,63.07,65.47,77.82,59.07,1.93,61.96,5,2,46.1,60.37,C,0
STU0670,Male,Semi-Government,High School,7.65,67.74,87.11,44.96,100.0,1.66,56.59,4,2,6.48,87.26,A,0
STU0671,Male,Government,High School,4.19,70.69,46.18,58.72,36.01,3.2,70.49,1,0,66.15,48.97,D,1
STU0672,Female,Private,Graduate,5.55,69.76,66.8,67.06,99.88,9.9,29.16,3,0,93.66,100.0,A,0
STU0673,Female,Government,Graduate,7.39,75.85,26.64,57.09,99.1,0.0,100.0,4,2,80.21,87.53,A,0
STU0674,Female,Government,High School,5.55,83.19,67.14,72.53,52.86,7.58,62.43,2,2,11.74,66.92,C,0
STU0675,Female,Semi-Government,High School,6.15,75.07,50.13,67.06,48.44,7.45,61.35,8,2,43.05,61.64,C,0
STU0676,Male,Semi-Government,Post Graduate,7.62,76.16,42.75,94.99,39.77,10.65,40.87,5,3,37.93,65.22,C,0
STU0677,Female,Government,Graduate,7.13,39.52,42.79,34.45,53.5,6.72,65.6,7,2,35.05,58.03,C,0
STU0678,Female,Semi-Government,Post Graduate,6.9,68.9,50.13,59.8,24.05,0.63,99.67,3,1,45.68,59.11,C,0
STU0679,Female,Private,Graduate,5.99,76.63,65.65,45.65,53.32,2.16,90.9,0,2,99.13,58.84,C,0
STU0680,Female,Semi-Government,High School,7.06,81.12,31.76,72.87,87.93,1.27,86.36,4,2,47.68,77.82,B,0
STU0681,Female,Private,Graduate,6.31,55.54,50.06,32.89,41.56,3.85,78.66,3,1,33.89,71.96,B,0
STU0682,Male,Private,Graduate,7.19,56.14,57.17,68.23,49.7,5.27,56.04,4,3,52.45,73.94,B,0
STU0683,Male,Private,High School,5.75,57.67,36.02,50.66,17.57,1.34,28.75,5,0,12.17,59.98,C,0
STU0684,Female,Private,Graduate,6.23,77.66,93.93,48.79,63.23,11.88,59.97,2,3,27.1,74.18,B,0
STU0685,Male,Government,Graduate,5.02,86.61,40.93,35.96,60.82,0.7,59.1,6,1,69.66,57.2,C,0
STU0686,Female,Government,High School,6.45,60.67,44.61,53.63,56.4,11.38,91.22,3,1,49.71,66.22,C,0
STU0687,Female,Government,Graduate,5.28,84.34,38.43,81.52,50.23,10.74,72.73,8,1,97.54,78.48,B,0
STU0688,Male,Private,Graduate,4.83,70.22,93.97,61.55,48.56,9.59,100.0,4,1,51.69,76.79,B,0
STU0689,Male,Government,Post Graduate,6.89,65.76,69.06,73.3,66.04,3.22,94.94,7,0,13.85,100.0,A,0
STU0690,Female,Private,High School,6.82,64.2,39.27,91.96,54.37,7.37,53.59,6,1,5.37,73.77,B,0
STU0691,Female,Semi-Government,High School,7.67,81.44,80.12,66.75,61.93,0.89,20.12,4,1,70.04,69.73,C,0
STU0692,Female,Government,Graduate,5.85,73.86,62.01,51.94,59.73,9.64,99.64,4,4,18.96,83.2,B,0
STU0693,Male,Private,High School,7.11,100.0,63.15,70.41,79.72,5.7,98.98,4,0,16.72,90.53,A,0
STU0694,Female,Private,Graduate,7.33,52.66,51.11,52.2,69.89,4.36,30.84,7,2,32.13,80.78,B,0
STU0695,Female,Semi-Government,Graduate,7.17,77.33,43.01,52.92,59.24,1.11,100.0,6,0,69.91,74.37,B,0
STU0696,Female,Government,High School,5.26,58.47,64.76,34.64,88.41,0.0,74.55,5,3,35.81,70.25,B,0
STU0697,Male,Private,Graduate,6.72,52.35,47.1,78.67,64.25,1.85,69.02,3,1,23.96,69.38,C,0
STU0698,Female,Semi-Government,Graduate,7.05,67.8,94.34,55.05,83.71,10.45,100.0,1,3,75.32,90.15,A,0
STU0699,Female,Semi-Government,High School,6.51,70.47,32.61,65.28,68.35,4.39,98.62,2,0,71.05,58.93,C,0
STU0700,Male,Private,Post Graduate,3.37,100.0,88.72,43.35,14.48,5.32,81.28,1,2,86.68,69.64,C,0
STU0701,Female,Private,Graduate,6.74,64.69,55.77,69.85,83.71,8.62,76.83,5,2,78.78,97.92,A,0
STU0702,Female,Private,Graduate,9.82,47.66,63.98,48.29,57.97,13.22,80.41,3,2,71.47,99.69,A,0
STU0703,Male,Semi-Government,Graduate,5.96,72.91,74.66,59.45,53.86,11.3,55.0,3,4,26.22,75.07,B,0
STU0704,Female,Private,Graduate,5.41,30.66,45.4,77.8,61.19,2.11,63.62,7,2,61.48,61.36,C,0
STU0705,Male,Government,Post Graduate,7.06,66.34,75.28,76.23,47.41,0.0,42.44,4,0,75.37,79.55,B,0
STU0706,Male,Semi-Government,Graduate,6.97,68.29,3.85,61.6,59.99,15.44,56.67,3,2,91.39,62.11,C,0
STU0707,Female,Private,Graduate,8.29,82.3,43.6,30.17,41.98,15.08,55.83,4,1,49.28,88.71,A,0
STU0708,Female,Private,Post Graduate,4.61,85.53,39.52,100.0,83.03,6.75,49.12,5,1,32.7,55.53,C,0
STU0709,Female,Government,High School,7.6,58.94,32.93,93.43,52.5,0.92,68.42,10,3,22.9,76.08,B,0
STU0710,Female,Private,Graduate,7.39,65.29,53.7,75.01,46.58,9.85,56.9,9,3,69.49,71.04,B,0
STU0711,Male,Government,High School,6.29,54.21,65.71,48.44,34.65,5.57,77.56,3,1,28.33,81.13,B,0
STU0712,Female,Private,High School,7.01,47.69,72.05,59.96,60.91,5.55,24.44,3,2,47.68,85.88,A,0
STU0713,Male,Government,High School,8.04,73.58,62.82,52.22,59.12,9.58,62.17,4,1,22.99,90.58,A,0
STU0714,Female,Private,Post Graduate,7.81,45.08,44.69,84.75,63.55,7.34,68.29,7,3,41.03,100.0,A,0
STU0715,Female,Semi-Government,Post Graduate,4.79,60.54,65.38,66.73,32.4,1.26,57.23,4,1,55.97,61.22,C,0
STU0716,Female,Government,Graduate,7.73,50.09,60.49,47.89,19.77,4.7,60.69,6,1,51.73,74.41,B,0
STU0717,Male,Semi-Government,Graduate,6.4,77.89,76.72,53.53,68.76,8.64,25.37,4,2,63.45,62.86,C,0
STU0718,Female,Private,Graduate,6.61,100.0,73.54,82.18,87.66,8.04,73.91,5,2,10.65,93.46,A,0
STU0719,Female,Semi-Government,Post Graduate,6.61,44.57,58.61,90.8,32.42,7.05,81.19,5,1,42.09,77.37,B,0
STU0720,Female,Private,Graduate,6.27,34.65,40.05,89.51,89.97,9.73,77.34,6,2,33.24,76.19,B,0
STU0721,Female,Private,High School,8.29,65.75,44.94,75.63,61.25,4.55,90.97,2,0,20.44,87.46,A,0
STU0722,Male,Private,High School,6.37,68.28,47.0,57.45,54.84,6.71,70.04,5,1,26.26,54.37,D,1
STU0723,Female,Semi-Government,Graduate,4.82,71.94,51.69,3.65,46.25,0.0,76.97,4,3,22.65,59.36,C,0
STU0724,Male,Private,Graduate,5.91,59.97,63.36,67.35,24.54,4.2,68.9,5,3,53.75,63.0,C,0
STU0725,Male,Government,High School,6.77,64.39,72.3,61.97,76.73,9.06,82.19,4,1,55.0,78.41,B,0
STU0726,Male,Private,High School,8.34,74.62,56.98,64.52,37.94,4.44,25.57,8,1,66.89,84.01,B,0
STU0727,Male,Semi-Government,Graduate,7.4,86.73,58.32,62.97,37.84,4.14,42.66,4,1,53.2,88.74,A,0
STU0728,Male,Private,High School,5.22,32.81,60.87,38.13,76.82,1.83,100.0,4,2,48.97,77.14,B,0
STU0729,Male,Private,Graduate,10.0,61.36,47.68,72.03,13.57,10.01,3.49,3,2,46.97,68.76,C,0
STU0730,Female,Private,Post Graduate,6.9,71.85,39.49,73.38,21.48,8.19,61.5,4,3,61.89,76.37,B,0
STU0731,Male,Semi-Government,High School,8.41,51.48,22.89,74.28,54.6,9.3,94.31,6,1,0.0,81.56,B,0
STU0732,Male,Government,High School,6.27,99.16,44.1,79.04,61.45,0.0,62.67,7,1,43.52,88.35,A,0
STU0733,Male,Private,Graduate,7.3,56.56,67.46,72.87,65.66,5.36,54.87,3,2,52.93,84.06,B,0
STU0734,Female,Government,Graduate,7.76,67.26,43.94,54.62,48.36,4.88,68.24,8,0,89.74,59.4,C,0
STU0735,Female,Government,Graduate,8.33,78.01,53.24,60.72,100.0,4.88,56.17,2,1,17.21,89.05,A,0
STU0736,Male,Government,Post Graduate,8.09,57.36,67.33,63.64,49.99,3.54,65.77,7,5,16.33,75.45,B,0
STU0737,Female,Government,High School,7.81,34.76,68.41,63.94,49.92,4.62,47.92,4,1,0.0,70.25,B,0
STU0738,Male,Private,Graduate,6.03,60.28,36.41,79.97,37.47,9.4,92.72,6,4,10.23,72.34,B,0
STU0739,Male,Government,Graduate,5.64,86.53,77.94,73.59,57.73,0.0,100.0,1,1,41.22,80.98,B,0
STU0740,Female,Private,Post Graduate,7.0,61.94,80.55,99.39,68.53,13.11,61.67,5,2,26.9,100.0,A,0
STU0741,Male,Government,High School,7.9,52.76,35.4,100.0,81.48,7.94,30.34,4,2,26.37,82.26,B,0
STU0742,Female,Government,Graduate,6.17,84.66,41.52,63.43,22.24,5.83,51.9,6,2,45.57,77.88,B,0
STU0743,Female,Government,Graduate,8.1,62.05,81.82,0.0,49.59,9.63,60.4,4,3,59.56,57.95,C,0
STU0744,Male,Government,High School,8.68,58.82,55.06,84.26,64.83,0.19,77.64,3,1,45.31,77.58,B,0
STU0745,Male,Private,High School,5.13,70.69,13.6,52.27,67.92,3.34,39.8,7,2,45.67,81.63,B,0
STU0746,Female,Private,Post Graduate,5.24,81.87,30.01,47.57,55.14,5.52,45.77,3,3,55.09,50.69,D,1
STU0747,Male,Private,High School,6.29,100.0,53.01,54.83,66.93,11.46,77.77,6,0,0.0,97.31,A,0
STU0748,Male,Private,High School,6.96,82.89,34.74,53.96,37.2,5.81,88.47,5,0,48.22,70.65,B,0
STU0749,Male,Government,High School,5.71,88.88,49.73,73.02,89.27,7.8,49.46,1,0,43.13,80.07,B,0
STU0750,Female,Semi-Government,Post Graduate,8.53,58.89,58.65,33.93,76.84,3.64,31.67,5,3,44.82,88.76,A,0
STU0751,Female,Private,Graduate,7.14,49.53,87.25,42.6,25.41,7.95,100.0,2,1,30.4,83.08,B,0
STU0752,Male,Private,Graduate,6.56,69.12,52.19,68.18,31.35,12.71,84.58,5,2,39.86,90.45,A,0
STU0753,Female,Government,High School,4.35,69.93,79.45,73.21,31.97,9.98,58.32,4,1,55.07,66.79,C,0
STU0754,Female,Government,Graduate,4.53,48.59,86.58,73.55,69.92,5.67,86.73,9,4,85.23,80.35,B,0
STU0755,Female,Government,Graduate,6.92,64.84,86.69,47.83,26.74,8.7,61.89,6,2,2.72,74.82,B,0
STU0756,Female,Government,Graduate,3.3,75.19,63.7,44.39,47.72,8.31,86.68,7,0,59.29,51.9,D,1
STU0757,Female,Private,Post Graduate,8.02,74.49,18.73,52.88,65.0,8.03,68.98,2,1,75.45,76.84,B,0
STU0758,Male,Private,High School,6.26,77.08,67.22,66.32,53.54,10.45,67.28,5,0,13.24,80.04,B,0
STU0759,Male,Private,Graduate,10.0,73.24,78.97,88.74,60.7,10.42,62.16,5,0,40.51,83.76,B,0
STU0760,Male,Private,High School,9.96,58.87,56.38,25.15,31.55,5.49,28.82,2,0,51.89,82.76,B,0
STU0761,Female,Semi-Government,Graduate,6.23,58.75,92.89,58.03,68.09,8.57,100.0,2,0,95.22,84.55,B,0
STU0762,Female,Private,High School,6.34,46.42,75.2,38.01,41.51,4.47,41.46,3,0,99.33,55.74,C,0
STU0763,Male,Semi-Government,High School,7.99,100.0,69.37,32.26,47.86,2.31,31.0,4,1,13.23,79.34,B,0
STU0764,Female,Government,High School,9.05,68.24,79.73,79.41,60.23,4.92,59.68,3,0,37.44,87.11,A,0
STU0765,Male,Government,Graduate,4.04,63.95,64.67,71.8,57.27,5.69,40.96,1,1,49.99,67.13,C,0
STU0766,Male,Government,High School,3.82,51.28,8.14,70.09,55.53,0.0,63.71,3,0,58.91,64.52,C,0
STU0767,Male,Private,Graduate,5.57,100.0,48.02,78.58,38.49,9.44,82.19,4,1,50.02,79.66,B,0
STU0768,Female,Semi-Government,High School,7.37,48.68,81.94,53.37,48.41,0.0,89.88,7,1,21.3,73.92,B,0
STU0769,Female,Government,High School,7.25,60.28,41.85,54.21,55.05,16.86,85.37,5,3,20.19,73.16,B,0
STU0770,Male,Semi-Government,Graduate,8.1,75.49,53.53,100.0,24.75,12.01,57.36,0,1,6.47,77.72,B,0
STU0771,Male,Government,High School,4.7,78.8,37.1,57.56,44.82,4.96,66.24,3,1,0.0,71.47,B,0
STU0772,Male,Semi-Government,High School,3.03,85.24,93.68,75.23,63.53,6.04,75.2,9,1,5.9,77.76,B,0
STU0773,Male,Government,Graduate,7.79,100.0,91.63,62.11,26.9,7.21,21.06,2,3,74.04,85.1,A,0
STU0774,Female,Government,High School,5.26,77.11,40.32,28.73,80.44,3.64,79.26,4,1,62.76,63.99,C,0
STU0775,Female,Private,High School,3.47,48.99,60.95,25.2,82.93,6.77,28.57,6,2,58.83,50.19,D,1
STU0776,Male,Government,High School,6.72,63.37,44.39,51.58,27.61,5.42,100.0,5,3,39.43,75.13,B,0
STU0777,Male,Government,Post Graduate,7.69,73.54,70.3,81.01,84.87,5.62,54.89,3,3,43.96,84.04,B,0
STU0778,Female,Government,Graduate,6.32,100.0,68.19,76.19,51.84,6.73,60.38,1,3,38.28,77.23,B,0
STU0779,Female,Semi-Government,Graduate,5.81,42.84,74.23,78.45,64.21,0.75,45.76,1,1,5.33,61.49,C,0
STU0780,Male,Private,Graduate,6.26,89.65,64.64,44.23,44.07,6.16,49.25,2,2,61.19,60.53,C,0
STU0781,Male,Government,High School,5.94,71.24,100.0,91.09,75.31,6.65,100.0,5,3,66.32,100.0,A,0
STU0782,Male,Private,High School,4.48,83.08,37.44,44.63,63.93,6.52,88.51,6,0,16.24,78.29,B,0
STU0783,Female,Private,Graduate,5.43,66.16,23.79,65.83,37.09,5.14,26.27,2,2,16.22,69.48,C,0
STU0784,Female,Government,High School,7.28,52.84,50.14,61.81,29.37,10.55,100.0,3,1,53.79,85.64,A,0
STU0785,Female,Private,High School,6.98,81.52,26.64,58.87,22.87,4.59,94.83,2,2,53.57,62.55,C,0
STU0786,Male,Government,High School,6.75,79.78,28.15,86.09,59.13,6.91,57.97,2,2,63.32,82.85,B,0
STU0787,Male,Government,High School,5.01,85.5,37.97,49.31,67.59,11.19,72.67,5,3,80.34,81.91,B,0
STU0788,Female,Private,Post Graduate,6.23,67.76,39.56,37.71,69.32,5.68,64.63,2,0,18.55,60.77,C,0
STU0789,Female,Government,High School,3.23,57.2,38.91,62.36,52.4,6.86,100.0,3,0,42.95,61.93,C,0
STU0790,Male,Private,Graduate,6.77,39.94,68.36,54.8,29.55,5.61,45.09,6,1,19.99,67.34,C,0
STU0791,Female,Private,High School,8.64,82.75,47.88,100.0,39.99,10.95,68.65,5,1,21.79,73.03,B,0
STU0792,Female,Government,Post Graduate,4.29,75.63,54.41,74.18,80.35,4.97,54.3,6,3,34.26,78.06,B,0
STU0793,Male,Private,High School,5.62,50.62,75.88,54.63,44.34,11.13,29.17,1,3,81.01,60.71,C,0
STU0794,Female,Government,High School,6.99,58.31,42.67,42.99,58.16,5.59,100.0,1,2,72.62,81.97,B,0
STU0795,Male,Semi-Government,Graduate,8.38,59.6,52.71,28.15,31.34,2.56,35.46,7,1,43.13,59.05,C,0
STU0796,Male,Private,Graduate,5.83,41.31,65.32,43.55,62.4,8.72,70.5,8,1,0.0,78.44,B,0
STU0797,Male,Semi-Government,High School,5.46,53.28,19.17,64.07,44.93,4.78,21.48,1,1,54.82,56.25,C,0
STU0798,Male,Private,High School,3.55,47.59,10.3,87.69,78.03,8.48,55.02,4,0,54.24,45.45,D,1
STU0799,Male,Government,High School,6.66,60.58,64.92,82.19,72.02,0.0,75.55,5,1,21.66,79.3,B,0
STU0800,Male,Private,High School,9.56,54.7,67.84,66.12,44.09,6.02,44.38,3,1,65.77,87.13,A,0
STU0801,Male,Semi-Government,High School,6.92,38.71,99.28,56.18,52.21,4.16,79.67,3,1,21.18,90.78,A,0
STU0802,Female,Private,Graduate,6.47,100.0,61.16,66.84,42.88,1.75,58.27,2,1,65.69,72.72,B,0
STU0803,Male,Semi-Government,High School,6.98,90.55,74.39,52.66,23.77,3.79,94.0,3,0,51.03,83.09,B,0
STU0804,Male,Semi-Government,High School,6.48,53.98,54.09,92.93,36.14,3.71,99.04,4,1,8.5,82.82,B,0
STU0805,Female,Government,Graduate,5.28,72.9,63.94,58.59,59.36,5.81,50.33,6,6,35.96,79.51,B,0
STU0806,Female,Government,Post Graduate,7.73,75.51,91.35,60.45,62.16,0.53,66.92,1,1,48.62,90.05,A,0
STU0807,Female,Private,Graduate,6.84,89.44,15.52,22.12,58.27,7.27,69.59,3,2,52.5,62.78,C,0
STU0808,Male,Private,High School,6.53,53.27,66.27,58.48,48.36,11.46,80.48,3,1,70.83,66.63,C,0
STU0809,Female,Semi-Government,High School,5.04,87.66,100.0,77.06,75.53,7.12,65.36,5,1,73.94,100.0,A,0
STU0810,Male,Semi-Government,Post Graduate,8.46,58.14,63.64,42.78,56.4,9.24,69.76,8,1,39.03,91.96,A,0
STU0811,Male,Government,High School,7.5,43.95,91.01,48.49,70.47,10.38,58.91,3,1,58.98,84.41,B,0
STU0812,Male,Government,High School,5.67,81.03,45.42,76.27,15.98,10.95,67.88,4,1,85.2,72.87,B,0
STU0813,Male,Private,Graduate,8.0,91.23,57.36,35.42,0.0,13.48,97.45,3,1,19.53,78.4,B,0
STU0814,Female,Government,Graduate,5.75,100.0,58.67,81.04,61.24,4.0,81.15,4,1,29.8,72.68,B,0
STU0815,Female,Semi-Government,Graduate,5.33,46.4,13.65,52.42,23.66,3.13,82.53,5,0,3.62,50.02,D,1
STU0816,Male,Private,High School,5.36,80.58,34.64,55.01,50.33,9.13,83.08,2,0,29.21,81.73,B,0
STU0817,Male,Private,High School,3.84,60.62,36.06,41.77,48.35,8.83,61.15,2,1,50.14,55.3,C,0
STU0818,Male,Government,Post Graduate,7.21,82.1,74.44,68.8,89.92,9.1,72.97,2,3,0.0,99.37,A,0
STU0819,Female,Private,High School,3.75,41.53,75.44,100.0,63.8,13.56,37.87,6,2,55.93,89.29,A,0
STU0820,Male,Private,Graduate,4.66,45.27,64.48,76.07,58.65,6.05,96.72,5,3,33.19,74.23,B,0
STU0821,Male,Private,Graduate,3.39,54.03,74.48,46.44,73.41,7.7,0.0,4,0,43.43,52.05,D,1
STU0822,Female,Government,Graduate,6.37,69.42,54.72,82.44,63.11,2.08,62.82,3,1,15.78,79.27,B,0
STU0823,Female,Private,High School,6.27,56.46,82.04,56.3,44.93,14.54,93.52,7,1,42.44,77.54,B,0
STU0824,Male,Semi-Government,High School,6.01,79.86,58.18,86.74,78.57,4.65,30.9,3,3,86.98,65.36,C,0
STU0825,Female,Government,Graduate,4.94,86.48,59.16,76.52,30.59,4.77,74.99,3,1,35.0,76.55,B,0
STU0826,Female,Government,Post Graduate,4.74,78.79,52.69,9.02,62.11,4.61,47.98,4,2,0.0,57.85,C,0
STU0827,Male,Government,Post Graduate,7.2,97.14,71.69,43.93,20.95,3.42,55.78,5,2,75.34,40.18,D,1
STU0828,Female,Private,High School,5.67,75.48,49.58,79.0,59.49,3.08,88.65,7,1,58.56,78.69,B,0
STU0829,Male,Private,High School,6.97,46.1,77.53,64.73,59.25,3.91,69.95,4,2,47.35,82.04,B,0
STU0830,Female,Private,Post Graduate,5.17,92.54,35.36,43.57,91.88,0.54,14.14,2,0,59.2,83.75,B,0
STU0831,Male,Government,Graduate,6.77,57.11,36.02,50.6,20.57,2.86,40.59,8,3,47.06,60.05,C,0
STU0832,Male,Government,Post Graduate,8.45,84.39,71.75,27.69,41.78,13.8,89.38,5,2,86.08,94.59,A,0
STU0833,Male,Private,High School,7.38,96.33,56.23,60.41,73.1,8.94,76.22,2,0,63.8,92.41,A,0
STU0834,Female,Private,Graduate,5.88,76.22,48.92,100.0,62.38,9.7,100.0,8,2,33.59,82.05,B,0
STU0835,Male,Semi-Government,Graduate,6.89,41.07,75.8,76.49,58.97,10.71,100.0,4,3,82.3,89.17,A,0
STU0836,Female,Government,Graduate,6.14,51.47,45.85,100.0,33.97,13.34,56.44,3,1,90.5,72.19,B,0
STU0837,Male,Private,High School,6.51,91.81,54.0,77.88,42.0,0.0,100.0,4,1,67.76,68.51,C,0
STU0838,Male,Private,High School,6.01,64.96,85.98,80.49,82.39,1.08,65.61,5,0,55.17,79.15,B,0
STU0839,Female,Private,Graduate,6.25,69.43,88.78,97.53,53.87,2.79,40.93,3,2,23.65,76.61,B,0
STU0840,Male,Private,High School,6.82,81.66,89.45,68.79,63.26,4.12,49.16,6,2,62.14,84.67,B,0
STU0841,Male,Private,Graduate,5.01,80.53,52.36,58.63,52.47,4.8,8.58,4,2,54.7,63.15,C,0
STU0842,Female,Semi-Government,Post Graduate,4.98,73.02,82.61,80.59,28.97,4.21,100.0,1,1,44.33,66.93,C,0
STU0843,Male,Government,High School,4.42,64.24,39.02,88.17,75.54,6.88,100.0,3,0,62.48,72.36,B,0
STU0844,Male,Government,Graduate,4.1,62.37,39.86,53.36,66.07,6.14,39.61,5,0,47.18,42.16,D,1
STU0845,Male,Private,High School,4.67,83.44,10.99,49.01,100.0,3.11,59.3,5,2,58.72,56.6,C,0
STU0846,Male,Private,Graduate,6.74,77.96,91.46,64.5,32.66,0.0,67.39,7,1,70.9,72.74,B,0
STU0847,Female,Government,Post Graduate,5.16,63.37,40.72,76.97,73.1,2.03,40.99,2,1,11.72,86.09,A,0
STU0848,Female,Government,High School,7.27,87.48,55.47,76.37,26.15,3.8,21.12,1,1,19.38,77.54,B,0
STU0849,Male,Government,High School,6.55,65.68,39.79,36.36,58.46,5.01,59.74,4,1,22.19,58.36,C,0
STU0850,Female,Semi-Government,High School,3.55,52.67,71.9,96.41,76.48,1.48,56.97,4,5,93.5,87.54,A,0
STU0851,Male,Government,High School,7.48,54.34,50.49,50.46,9.41,4.04,55.29,6,3,60.84,63.29,C,0
STU0852,Female,Government,Graduate,7.72,50.38,31.9,57.23,50.49,1.48,70.57,4,3,63.17,58.23,C,0
STU0853,Male,Government,Post Graduate,5.01,63.1,66.83,45.75,42.61,5.5,100.0,2,1,73.24,64.67,C,0
STU0854,Male,Government,High School,7.13,90.21,29.33,100.0,39.56,1.71,57.42,5,1,18.83,86.54,A,0
STU0855,Male,Government,High School,5.22,53.51,41.25,66.36,63.47,2.6,69.26,5,1,0.0,57.63,C,0
STU0856,Male,Private,High School,6.65,71.39,15.86,46.68,79.66,0.77,83.17,2,1,43.43,58.64,C,0
STU0857,Male,Government,Graduate,4.6,56.18,29.52,77.55,52.07,5.39,78.85,7,1,67.44,82.75,B,0
STU0858,Male,Semi-Government,High School,3.81,63.31,61.57,75.84,59.52,2.53,49.64,1,1,40.06,66.95,C,0
STU0859,Female,Government,Graduate,5.93,40.82,18.71,58.62,57.51,9.63,67.41,3,0,10.75,61.6,C,0
STU0860,Male,Private,Graduate,6.31,64.03,28.38,77.13,55.04,7.62,78.69,4,3,22.37,74.15,B,0
STU0861,Female,Semi-Government,Graduate,5.9,64.51,57.95,47.14,31.03,5.72,36.79,2,1,15.52,65.5,C,0
STU0862,Male,Private,High School,4.72,77.73,47.13,53.13,79.39,2.81,96.59,3,1,29.69,69.96,C,0
STU0863,Female,Private,Graduate,5.9,72.02,97.84,25.82,61.49,7.52,100.0,5,1,16.02,94.26,A,0
STU0864,Female,Government,High School,6.9,46.43,94.68,38.17,63.69,8.76,46.93,7,0,48.67,81.02,B,0
STU0865,Female,Government,High School,6.43,87.52,40.64,94.54,37.26,6.57,69.84,4,1,31.31,83.82,B,0
STU0866,Male,Private,Post Graduate,6.77,71.79,69.14,91.55,44.9,12.41,81.06,1,0,60.84,85.79,A,0
STU0867,Male,Semi-Government,Graduate,5.49,71.57,72.99,63.18,51.13,7.84,51.36,6,0,20.59,74.89,B,0
STU0868,Female,Private,High School,8.26,67.83,46.05,91.93,21.25,9.65,77.04,4,0,51.38,89.76,A,0
STU0869,Male,Private,High School,4.74,58.68,28.09,59.12,17.86,6.53,69.08,2,2,44.06,62.68,C,0
STU0870,Female,Private,High School,7.23,71.92,57.75,57.62,41.78,8.7,28.3,3,1,54.9,56.52,C,0
STU0871,Male,Private,High School,8.27,76.56,54.54,63.02,66.5,2.81,76.48,2,2,58.42,83.2,B,0
STU0872,Female,Government,High School,7.22,36.56,49.28,59.75,40.63,4.17,37.5,4,2,61.09,86.86,A,0
STU0873,Female,Private,High School,6.2,58.3,66.85,58.13,32.59,7.4,88.48,3,0,65.77,65.92,C,0
STU0874,Male,Semi-Government,Graduate,5.71,63.41,42.99,82.58,37.08,7.37,48.22,3,1,58.56,71.92,B,0
STU0875,Female,Government,Graduate,8.05,72.61,34.96,64.7,44.98,8.03,60.97,7,0,52.45,90.17,A,0
STU0876,Male,Private,Graduate,4.37,89.48,60.18,74.82,47.22,10.4,99.31,6,2,28.33,66.09,C,0
STU0877,Female,Government,Graduate,5.04,54.11,65.72,80.56,100.0,0.3,77.41,2,2,66.27,75.29,B,0
STU0878,Female,Private,High School,5.9,59.04,34.47,68.99,78.2,2.1,38.01,4,3,27.58,55.31,C,0
STU0879,Male,Government,Post Graduate,8.36,58.77,76.56,44.54,77.55,6.92,39.63,2,3,37.7,86.73,A,0
STU0880,Male,Private,Graduate,7.07,53.57,22.59,37.65,80.71,3.1,50.02,5,0,23.46,73.01,B,0
STU0881,Male,Private,Graduate,5.05,61.75,46.44,64.68,33.03,19.51,74.87,1,1,22.94,77.56,B,0
STU0882,Female,Government,Graduate,6.03,81.87,52.84,58.92,28.11,8.06,73.96,3,1,37.07,85.12,A,0
STU0883,Male,Private,Post Graduate,5.58,49.03,45.28,63.57,30.65,5.69,43.92,4,2,39.17,61.75,C,0
STU0884,Female,Private,Graduate,5.44,75.7,46.7,61.71,84.36,3.94,35.82,2,3,24.66,61.82,C,0
STU0885,Female,Semi-Government,High School,7.97,37.37,95.42,100.0,42.96,4.08,72.04,0,3,45.55,78.72,B,0
STU0886,Male,Government,Graduate,4.44,57.9,40.98,38.06,27.47,6.12,60.45,5,2,48.92,45.35,D,1
STU0887,Male,Government,Graduate,8.91,62.07,100.0,26.18,45.52,6.45,100.0,11,0,31.38,91.67,A,0
STU0888,Female,Government,Graduate,7.74,98.15,66.74,67.98,49.75,4.17,65.92,3,1,102.24,100.0,A,0
STU0889,Female,Semi-Government,Graduate,8.14,63.05,59.84,55.22,60.91,4.91,100.0,4,2,53.32,83.27,B,0
STU0890,Male,Semi-Government,High School,5.81,28.38,67.52,67.69,60.52,11.38,35.74,4,0,47.96,86.84,A,0
STU0891,Male,Private,High School,6.28,32.02,100.0,72.51,36.78,11.54,25.67,0,4,28.1,75.38,B,0
STU0892,Male,Semi-Government,Post Graduate,4.35,68.61,38.13,85.11,70.08,7.01,37.0,2,1,48.45,56.57,C,0
STU0893,Male,Private,Graduate,5.71,79.05,35.59,34.87,40.94,0.63,94.73,8,2,51.02,53.99,D,1
STU0894,Male,Private,Graduate,7.24,74.76,42.9,51.98,51.56,8.15,100.0,3,2,44.91,70.46,B,0
STU0895,Female,Government,High School,8.44,71.02,58.64,69.72,70.11,12.22,45.45,1,3,80.47,87.22,A,0
STU0896,Female,Private,High School,4.84,88.92,23.48,75.87,40.88,11.48,53.49,5,1,2.46,72.55,B,0
STU0897,Female,Government,Post Graduate,5.95,58.29,58.45,100.0,42.47,8.94,35.78,4,2,35.49,69.91,C,0
STU0898,Female,Semi-Government,Graduate,6.27,84.11,91.87,79.2,68.02,11.69,19.71,5,3,62.85,96.13,A,0
STU0899,Male,Private,Graduate,4.41,38.62,61.03,60.98,36.13,6.21,82.96,3,2,22.58,73.14,B,0
STU0900,Male,Private,Graduate,7.39,51.71,52.15,45.97,46.53,8.51,70.58,4,1,6.33,72.39,B,0
STU0901,Male,Government,Graduate,5.41,35.47,45.64,51.84,67.23,3.28,65.26,5,0,32.03,74.61,B,0
STU0902,Female,Government,High School,6.21,63.05,75.97,51.33,100.0,7.17,30.0,5,2,71.1,63.09,C,0
STU0903,Female,Government,Graduate,5.82,67.17,41.48,73.79,68.32,11.32,100.0,4,0,23.18,57.66,C,0
STU0904,Male,Government,High School,5.32,70.05,94.93,66.63,65.4,3.64,52.42,3,3,36.09,87.12,A,0
STU0905,Male,Government,High School,6.49,69.11,96.67,38.17,66.68,2.55,78.34,2,0,55.54,73.97,B,0
STU0906,Female,Semi-Government,Graduate,6.18,51.3,63.14,54.15,31.39,6.39,28.64,6,3,30.52,88.11,A,0
STU0907,Female,Private,Post Graduate,5.94,64.58,57.77,77.8,57.54,5.09,60.24,6,0,34.0,75.26,B,0
STU0908,Male,Government,High School,5.41,41.05,78.61,68.33,54.35,8.6,72.28,9,1,28.7,67.84,C,0
STU0909,Male,Government,Graduate,6.98,92.54,79.9,72.24,62.07,4.19,73.18,2,1,30.81,100.0,A,0
STU0910,Female,Private,High School,8.98,62.53,41.88,68.89,57.56,12.87,68.87,4,0,15.93,95.53,A,0
STU0911,Male,Private,High School,6.71,59.2,47.47,91.28,63.35,0.84,77.36,3,1,38.57,93.81,A,0
STU0912,Male,Private,High School,7.99,96.6,31.55,66.25,48.15,11.01,36.74,6,1,71.61,73.33,B,0
STU0913,Male,Semi-Government,High School,4.41,45.64,66.18,55.05,56.29,2.94,69.93,8,2,84.57,67.83,C,0
STU0914,Female,Private,Graduate,6.74,47.74,71.33,45.52,27.99,0.0,67.84,1,1,76.25,53.25,D,1
STU0915,Female,Semi-Government,High School,4.85,48.27,31.0,66.49,47.96,6.95,70.79,5,2,48.44,45.36,D,1
STU0916,Female,Semi-Government,Graduate,4.28,66.78,48.9,18.07,85.6,4.98,66.81,2,2,86.47,68.38,C,0
STU0917,Female,Government,Post Graduate,5.39,75.77,31.05,58.68,62.01,1.56,33.17,3,2,102.57,55.65,C,0
STU0918,Female,Semi-Government,High School,8.29,81.31,40.02,58.29,54.54,0.0,32.06,1,2,49.53,62.61,C,0
STU0919,Female,Government,Graduate,7.93,100.0,69.02,37.44,96.71,5.97,9.64,3,3,20.24,73.92,B,0
STU0920,Female,Semi-Government,High School,6.86,27.51,43.33,45.29,25.06,9.9,85.44,8,1,77.8,66.65,C,0
STU0921,Male,Government,Graduate,4.2,78.96,51.98,76.57,30.59,8.34,85.69,5,0,14.91,68.47,C,0
STU0922,Male,Semi-Government,High School,6.21,57.97,25.45,66.15,92.68,6.23,86.09,4,1,22.84,74.29,B,0
STU0923,Male,Semi-Government,High School,6.95,57.44,61.74,63.83,56.01,7.92,72.67,9,0,0.0,75.89,B,0
STU0924,Male,Semi-Government,High School,6.76,56.84,57.11,67.51,49.66,5.89,11.67,3,2,63.19,77.48,B,0
STU0925,Male,Private,High School,3.73,51.64,43.42,63.67,28.62,0.28,39.33,2,3,0.0,25.85,F,1
STU0926,Male,Government,High School,5.16,98.32,54.22,84.37,64.85,0.32,69.26,7,2,69.82,82.33,B,0
STU0927,Male,Government,Graduate,6.4,83.16,61.61,64.22,66.98,5.19,68.39,1,2,90.24,81.93,B,0
STU0928,Female,Private,Post Graduate,7.3,68.42,41.7,35.75,30.92,5.36,59.43,2,1,88.19,50.02,D,1
STU0929,Female,Government,Graduate,3.21,92.32,28.47,91.34,51.91,9.4,74.22,0,3,13.35,47.66,D,1
STU0930,Male,Private,Graduate,6.26,40.77,94.11,68.67,47.62,9.03,65.29,2,6,0.0,88.02,A,0
STU0931,Male,Government,High School,6.71,44.05,45.33,51.39,60.63,8.42,68.02,6,5,28.94,63.49,C,0
STU0932,Female,Semi-Government,High School,7.77,28.8,56.06,39.44,30.38,4.88,49.02,2,1,66.98,78.84,B,0
STU0933,Male,Private,High School,7.54,55.41,78.22,69.13,82.54,0.48,89.55,5,2,75.09,100.0,A,0
STU0934,Male,Semi-Government,High School,7.37,70.91,100.0,59.89,75.15,7.65,54.23,7,2,61.61,96.02,A,0
STU0935,Female,Government,Graduate,5.3,69.85,33.11,90.33,47.01,8.1,31.73,5,5,58.2,68.3,C,0
STU0936,Male,Semi-Government,Graduate,3.64,70.69,67.0,55.77,50.24,0.0,45.73,4,0,104.03,53.69,D,1
STU0937,Female,Semi-Government,High School,5.91,42.6,43.85,46.93,52.0,2.66,56.29,2,3,33.05,45.1,D,1
STU0938,Male,Private,High School,8.0,82.46,47.22,78.12,37.88,3.24,89.85,4,1,25.55,78.29,B,0
STU0939,Female,Private,Graduate,8.59,72.31,43.6,78.66,45.24,6.47,63.94,4,0,15.27,78.95,B,0
STU0940,Female,Private,Graduate,7.57,81.19,35.49,65.04,49.05,2.79,60.35,5,1,55.82,67.49,C,0
STU0941,Female,Government,High School,7.14,33.93,57.17,74.17,90.48,5.85,33.78,4,3,40.51,86.51,A,0
STU0942,Male,Private,Post Graduate,7.07,73.61,28.51,61.32,75.83,5.16,84.64,2,3,65.62,78.75,B,0
STU0943,Female,Government,Post Graduate,5.67,46.62,76.94,66.21,75.56,5.36,48.7,7,0,33.74,86.16,A,0
STU0944,Male,Government,High School,6.3,60.85,59.1,82.97,63.14,3.13,62.5,5,2,60.72,73.36,B,0
STU0945,Male,Government,High School,9.0,77.62,66.45,73.26,30.42,3.44,100.0,6,3,35.4,93.58,A,0
STU0946,Male,Government,Graduate,5.09,69.64,48.68,58.95,54.09,1.68,77.72,1,2,40.93,65.27,C,0
STU0947,Male,Government,Post Graduate,8.92,52.67,50.66,86.34,76.35,7.52,24.29,2,1,43.3,94.19,A,0
STU0948,Female,Government,Post Graduate,6.02,68.11,63.75,19.43,27.32,8.28,20.76,5,3,2.49,60.53,C,0
STU0949,Female,Semi-Government,High School,8.49,40.43,34.72,98.94,69.0,2.92,63.39,5,2,41.5,100.0,A,0
STU0950,Male,Private,High School,4.39,88.7,50.84,31.29,100.0,12.08,34.68,6,0,59.05,48.86,D,1
STU0951,Male,Semi-Government,Graduate,7.38,64.3,40.81,50.71,78.36,4.74,81.21,4,4,20.3,87.25,A,0
STU0952,Female,Private,Graduate,5.39,88.13,40.19,61.26,86.11,12.12,66.06,3,0,92.75,86.19,A,0
STU0953,Male,Government,High School,4.38,58.52,15.8,59.36,59.8,3.43,69.13,2,3,45.12,44.87,D,1
STU0954,Female,Private,Post Graduate,6.83,58.58,84.79,80.12,76.29,0.0,47.33,4,1,29.33,100.0,A,0
STU0955,Male,Private,Graduate,8.01,54.24,44.27,42.96,39.21,7.61,100.0,5,1,28.57,75.74,B,0
STU0956,Male,Government,Graduate,5.23,83.77,81.27,66.69,72.51,6.99,100.0,1,3,79.26,80.96,B,0
STU0957,Female,Private,Post Graduate,4.25,55.23,79.38,51.59,69.4,6.14,58.04,9,2,24.38,76.63,B,0
STU0958,Male,Government,Graduate,6.36,79.6,32.28,67.31,61.38,3.43,73.83,5,2,52.45,82.17,B,0
STU0959,Female,Private,High School,6.37,61.12,36.23,60.83,83.95,5.86,67.44,8,0,67.08,78.28,B,0
STU0960,Male,Private,Graduate,7.32,32.43,100.0,63.67,43.15,3.95,58.51,6,2,58.86,80.18,B,0
STU0961,Male,Government,High School,7.92,57.73,93.02,52.1,50.88,4.79,44.2,3,0,30.93,89.52,A,0
STU0962,Male,Government,Graduate,6.41,46.78,57.37,52.82,57.1,9.37,37.88,6,2,65.98,81.42,B,0
STU0963,Female,Private,High School,9.28,68.61,63.15,67.17,32.35,6.74,36.61,5,2,48.89,85.54,A,0
STU0964,Male,Private,Graduate,6.84,46.57,45.38,78.99,59.99,8.44,75.13,6,2,2.0,66.12,C,0
STU0965,Male,Government,High School,5.98,84.67,66.65,51.23,17.18,5.07,52.01,10,0,75.58,55.38,C,0
STU0966,Male,Semi-Government,High School,4.08,66.36,43.66,46.36,78.03,4.63,0.54,1,2,29.66,69.81,C,0
STU0967,Male,Government,High School,6.11,64.8,17.35,73.04,56.03,1.39,76.12,6,2,40.61,65.04,C,0
STU0968,Female,Private,High School,6.0,79.81,31.57,61.41,43.54,4.52,64.04,3,2,52.74,59.84,C,0
STU0969,Female,Semi-Government,Graduate,7.94,85.35,58.42,76.95,36.64,0.0,98.67,4,2,31.7,85.95,A,0
STU0970,Male,Government,Graduate,7.19,67.64,35.38,45.7,49.84,3.64,74.33,7,0,63.92,72.62,B,0
STU0971,Female,Government,Graduate,4.73,54.12,56.65,29.97,70.14,5.67,28.03,6,0,17.4,60.52,C,0
STU0972,Male,Government,High School,6.76,36.07,36.51,52.41,67.05,8.25,9.26,3,1,30.64,74.8,B,0
STU0973,Male,Government,High School,7.51,55.65,42.35,48.21,39.48,4.93,47.01,5,2,75.64,54.2,D,1
STU0974,Male,Government,High School,8.79,56.89,75.06,60.58,36.39,7.39,49.37,5,1,45.63,64.8,C,0
STU0975,Female,Private,High School,7.83,69.93,62.95,50.54,69.45,0.0,88.58,7,0,18.58,98.19,A,0
STU0976,Female,Government,Post Graduate,7.64,61.79,57.81,75.34,39.11,5.77,64.78,3,1,46.97,66.35,C,0
STU0977,Female,Private,High School,6.59,80.38,75.58,56.81,56.32,0.0,93.34,5,2,55.04,63.73,C,0
STU0978,Female,Semi-Government,High School,7.08,56.97,67.61,64.71,57.72,1.17,31.88,5,1,5.35,72.61,B,0
STU0979,Female,Semi-Government,High School,8.37,66.97,86.93,64.84,61.87,5.25,89.13,6,1,86.36,90.34,A,0
STU0980,Female,Private,High School,4.5,89.31,48.8,65.51,73.88,11.11,83.02,6,1,89.74,71.39,B,0
STU0981,Female,Government,Graduate,5.98,74.15,49.41,61.57,27.21,7.48,14.54,2,2,48.0,60.14,C,0
STU0982,Female,Private,Graduate,5.34,66.92,31.98,71.19,12.95,6.07,98.07,3,2,40.0,46.95,D,1
STU0983,Female,Private,High School,7.07,57.17,49.42,47.68,42.52,5.92,67.34,5,1,45.57,77.38,B,0
STU0984,Male,Private,High School,8.35,56.6,77.3,87.19,94.63,3.15,74.8,8,1,67.33,82.87,B,0
STU0985,Female,Government,High School,5.6,52.69,84.0,57.74,99.49,3.82,43.38,4,1,56.32,80.7,B,0
STU0986,Female,Semi-Government,High School,2.91,58.26,77.21,38.39,95.29,7.71,96.88,4,0,50.98,73.51,B,0
STU0987,Female,Private,High School,5.88,81.6,22.12,65.39,50.75,0.46,35.35,3,1,79.56,66.51,C,0
STU0988,Female,Government,Post Graduate,7.87,64.01,79.66,46.68,15.79,8.37,85.8,4,1,73.27,77.22,B,0
STU0989,Female,Government,Graduate,7.31,43.7,21.23,73.98,3.45,4.45,85.52,4,2,21.0,51.5,D,1
STU0990,Female,Private,Graduate,7.14,99.83,75.96,100.0,41.49,9.3,40.65,7,0,67.18,84.18,B,0
STU0991,Female,Semi-Government,High School,6.08,73.76,50.64,47.84,50.64,9.84,100.0,7,2,73.79,67.88,C,0
STU0992,Female,Private,High School,4.58,42.68,72.05,67.98,83.61,0.0,70.79,4,0,51.96,55.64,C,0
STU0993,Female,Private,Graduate,7.27,60.05,31.35,30.4,74.09,3.67,81.35,3,0,59.98,74.37,B,0
STU0994,Female,Government,Graduate,5.25,70.0,81.42,70.17,60.0,2.58,26.82,2,2,37.31,64.52,C,0
STU0995,Female,Private,Graduate,9.78,98.68,28.7,46.06,35.42,0.0,100.0,3,1,14.89,80.63,B,0
STU0996,Male,Private,High School,7.36,48.05,44.63,50.75,33.86,1.87,34.39,5,1,92.18,60.24,C,0
STU0997,Male,Government,Graduate,5.63,85.57,38.04,42.18,60.59,15.77,90.62,6,1,11.51,66.44,C,0
STU0998,Female,Government,High School,5.58,93.19,22.91,75.18,70.34,8.44,40.13,2,3,87.03,59.24,C,0
STU0999,Female,Private,Post Graduate,6.36,56.68,59.89,80.13,63.62,13.67,49.53,2,0,43.37,78.19,B,0
STU1000,Male,Government,Graduate,6.14,63.0,94.12,62.42,32.24,9.32,84.72,3,1,76.19,63.82,C,0
STU1001,Female,Private,Graduate,8.18,49.35,100.0,46.44,69.31,3.03,90.69,1,2,45.57,97.4,A,0
STU1002,Male,Government,High School,6.78,64.34,59.94,90.61,64.37,4.47,33.22,3,4,68.44,93.27,A,0
STU1003,Male,Government,Graduate,5.4,67.34,80.33,48.49,31.45,8.35,92.26,4,4,56.22,79.21,B,0
STU1004,Male,Government,High School,9.34,79.87,62.64,23.08,37.74,7.75,91.12,4,0,28.27,84.98,B,0
STU1005,Male,Semi-Government,High School,6.57,87.62,67.98,70.25,70.15,3.69,41.55,5,6,48.35,83.37,B,0
STU1006,Male,Semi-Government,High School,7.65,54.53,51.16,42.11,49.84,0.0,100.0,6,3,41.43,62.97,C,0
STU1007,Female,Semi-Government,Graduate,5.59,32.59,61.9,79.79,89.96,19.15,28.58,4,0,61.07,92.12,A,0
STU1008,Male,Private,High School,7.04,67.62,68.75,55.14,66.02,5.44,49.38,6,0,48.54,93.13,A,0
STU1009,Female,Government,High School,6.97,73.28,46.43,72.87,44.29,4.7,76.98,6,0,52.15,72.32,B,0
STU1010,Female,Private,Post Graduate,3.67,72.49,56.45,87.23,54.78,6.45,43.66,2,0,19.35,66.87,C,0
STU1011,Male,Private,High School,9.52,62.12,56.83,40.24,56.39,5.03,71.6,3,2,13.05,76.12,B,0
STU1012,Male,Semi-Government,Graduate,8.44,70.25,74.53,51.81,38.98,6.49,71.03,5,2,46.77,79.1,B,0
STU1013,Female,Government,High School,5.9,95.28,36.68,60.64,34.92,11.15,60.32,1,2,49.54,56.29,C,0
STU1014,Male,Private,High School,4.85,74.87,56.97,89.68,70.43,5.5,85.81,5,1,18.71,77.6,B,0
STU1015,Male,Government,Graduate,7.02,61.28,96.24,50.15,73.6,1.35,59.29,9,1,59.29,88.16,A,0
STU1016,Female,Government,High School,6.63,59.0,81.28,51.3,68.28,5.35,70.79,9,1,60.38,84.92,B,0
STU1017,Female,Private,Graduate,7.03,64.94,84.98,70.61,88.34,4.14,93.66,3,3,48.9,94.68,A,0
STU1018,Male,Private,Graduate,6.79,97.46,58.49,51.61,43.08,11.7,84.77,2,0,45.39,54.57,D,1
STU1019,Female,Government,Graduate,7.26,64.7,64.42,64.75,91.83,10.68,84.65,5,1,13.31,94.39,A,0
STU1020,Male,Government,Graduate,8.67,67.64,78.04,34.07,35.18,6.43,36.27,4,2,12.89,83.94,B,0
STU1021,Male,Private,High School,7.35,59.32,89.21,100.0,32.72,0.89,78.12,5,0,54.87,83.09,B,0
STU1022,Male,Private,High School,4.93,87.78,18.97,37.74,16.28,1.1,43.04,5,3,24.3,59.67,C,0
STU1023,Female,Semi-Government,Graduate,8.54,100.0,31.69,56.21,45.19,6.06,32.96,6,1,26.06,76.86,B,0
STU1024,Female,Semi-Government,Graduate,8.96,76.11,84.19,61.42,43.92,7.35,63.21,1,1,51.97,91.38,A,0
STU1025,Female,Private,Graduate,10.0,69.49,52.46,96.43,66.57,4.5,42.39,8,1,95.94,84.12,B,0
STU1026,Female,Government,Graduate,4.81,68.66,44.57,38.15,60.37,4.08,84.77,6,2,35.06,70.97,B,0
STU1027,Female,Private,Graduate,6.86,25.08,32.92,97.71,28.75,3.63,85.36,1,2,96.27,73.81,B,0
STU1028,Male,Private,Graduate,3.38,81.41,46.9,75.63,46.36,5.91,17.43,3,0,43.09,51.2,D,1
STU1029,Male,Government,High School,7.33,70.41,29.95,69.51,46.83,0.0,44.29,6,2,59.1,54.45,D,1
STU1030,Male,Semi-Government,Graduate,5.68,75.71,99.82,44.28,15.93,1.59,28.51,9,0,68.99,59.3,C,0
STU1031,Male,Government,Graduate,9.39,55.19,57.55,72.28,33.42,3.49,53.43,3,0,70.81,68.56,C,0
STU1032,Female,Semi-Government,High School,5.34,61.08,56.84,48.98,38.04,10.83,76.38,4,4,53.48,74.14,B,0
STU1033,Male,Private,Post Graduate,3.97,60.6,69.76,84.8,86.54,2.74,58.94,5,1,39.26,71.0,B,0
STU1034,Female,Private,Post Graduate,5.79,86.39,77.25,44.52,59.21,6.72,50.26,4,1,65.7,81.25,B,0
STU1035,Male,Private,Graduate,3.54,61.18,76.92,59.96,69.57,6.91,97.5,1,1,55.6,55.01,C,0
STU1036,Female,Semi-Government,High School,7.63,100.0,79.47,52.01,22.03,11.19,7.38,0,0,34.1,66.69,C,0
STU1037,Female,Private,High School,3.4,75.76,45.38,44.22,81.27,11.05,95.92,4,0,80.23,60.24,C,0
STU1038,Male,Private,Graduate,6.54,45.04,52.04,75.34,83.62,5.77,51.39,1,2,56.43,81.06,B,0
STU1039,Male,Government,Post Graduate,3.38,65.69,73.38,71.64,11.04,4.1,63.05,3,3,26.27,36.41,F,1
STU1040,Male,Private,High School,6.02,56.27,47.45,83.76,39.48,3.34,51.82,3,1,23.35,65.98,C,0
STU1041,Male,Government,High School,8.97,28.5,57.9,29.96,65.91,5.04,100.0,3,2,93.97,74.47,B,0
STU1042,Female,Private,Post Graduate,7.04,96.79,65.98,81.16,69.18,4.26,34.23,5,1,32.68,89.45,A,0
STU1043,Male,Private,High School,5.2,80.66,73.7,100.0,40.07,8.21,65.29,4,3,63.82,79.55,B,0
STU1044,Male,Private,Graduate,6.45,77.6,22.45,53.87,48.28,7.68,78.19,3,1,54.42,58.56,C,0
STU1045,Female,Government,Post Graduate,6.53,70.98,72.29,96.11,41.86,8.37,24.72,3,2,62.97,56.43,C,0
STU1046,Male,Government,High School,7.21,43.12,53.33,57.26,57.43,11.04,42.0,3,3,92.8,66.36,C,0
STU1047,Male,Private,Graduate,4.45,59.29,72.15,37.3,81.34,13.45,61.3,1,3,69.93,60.13,C,0
STU1048,Male,Government,High School,7.39,83.15,73.54,56.5,38.04,6.5,42.83,7,0,65.89,65.06,C,0
STU1049,Male,Government,High School,2.44,49.08,90.16,80.87,77.02,10.4,44.61,6,1,40.08,65.96,C,0
STU1050,Male,Government,Graduate,5.56,25.0,85.07,46.91,37.8,4.59,56.25,5,0,28.39,73.11,B,0
STU1051,Female,Semi-Government,High School,5.77,63.91,84.93,51.19,36.35,10.74,81.24,9,3,105.49,62.5,C,0
STU1052,Male,Private,Post Graduate,7.45,65.45,86.87,72.68,73.01,10.25,56.43,9,2,43.95,75.68,B,0
STU1053,Male,Government,Graduate,6.53,70.44,63.83,62.06,75.28,10.03,91.96,3,1,42.33,79.77,B,0
STU1054,Male,Government,High School,4.39,81.11,58.64,72.52,73.73,6.38,40.06,3,1,52.22,69.16,C,0
STU1055,Male,Government,High School,5.02,79.48,75.46,66.28,26.05,3.33,33.7,10,2,49.79,63.12,C,0
STU1056,Male,Private,High School,6.8,72.66,72.64,70.63,44.75,0.42,100.0,6,3,84.82,71.66,B,0
STU1057,Female,Private,High School,6.38,89.52,51.82,54.22,73.11,5.84,48.55,6,1,58.49,74.94,B,0
STU1058,Male,Government,High School,5.63,40.66,66.1,66.17,55.91,12.13,32.23,6,0,12.25,76.62,B,0
STU1059,Female,Government,High School,5.78,77.08,57.3,45.31,31.38,4.76,21.45,5,1,28.51,53.21,D,1
STU1060,Female,Government,Graduate,7.54,79.28,40.92,85.19,65.08,9.14,91.88,3,2,45.27,97.95,A,0
STU1061,Male,Private,Graduate,5.72,45.69,83.81,50.58,39.27,9.38,56.47,7,3,70.64,69.47,C,0
STU1062,Male,Private,Graduate,6.37,40.95,59.1,82.32,94.48,4.87,58.66,5,3,6.99,95.85,A,0
STU1063,Male,Government,Graduate,9.75,54.57,98.97,57.8,88.99,11.27,61.02,8,2,57.35,100.0,A,0
STU1064,Male,Government,High School,4.36,56.09,25.49,65.64,68.29,0.0,90.32,5,0,63.28,48.57,D,1
STU1065,Female,Government,High School,3.72,81.56,46.86,53.09,84.94,1.11,60.51,1,0,67.06,43.39,D,1
STU1066,Male,Semi-Government,Graduate,7.68,56.94,58.65,43.71,56.43,2.34,100.0,8,2,43.0,89.39,A,0
STU1067,Male,Government,Graduate,5.48,52.59,80.75,30.59,71.84,2.72,68.34,1,0,71.23,58.55,C,0
STU1068,Male,Private,High School,6.02,56.99,65.99,43.0,87.51,7.35,91.54,2,2,24.62,79.83,B,0
STU1069,Male,Private,Graduate,5.33,88.14,64.21,56.17,60.4,7.16,85.13,5,2,68.64,70.02,B,0
STU1070,Male,Government,Graduate,6.11,68.23,35.45,65.81,49.39,7.58,64.09,5,0,43.46,83.72,B,0
STU1071,Male,Government,Graduate,8.9,64.77,34.86,80.19,17.5,8.38,50.33,5,1,46.07,75.4,B,0
STU1072,Female,Government,High School,7.7,66.02,64.45,53.98,53.17,2.2,73.3,6,1,45.79,64.67,C,0
STU1073,Female,Private,Graduate,7.79,91.26,30.72,46.12,73.12,1.13,77.75,12,0,61.25,76.81,B,0
STU1074,Male,Private,Graduate,4.38,54.51,47.36,36.03,75.8,7.59,50.69,4,2,17.38,76.02,B,0
STU1075,Male,Private,Graduate,4.77,91.68,68.02,70.64,66.1,3.48,69.16,3,2,67.13,65.78,C,0
STU1076,Male,Private,Graduate,2.24,71.79,38.35,86.9,43.09,0.0,95.91,4,1,66.77,39.45,F,1
STU1077,Female,Government,Graduate,5.29,65.11,90.11,84.79,11.51,9.89,100.0,1,2,37.46,82.42,B,0
STU1078,Male,Semi-Government,Graduate,7.94,100.0,82.48,74.78,44.11,11.58,86.36,4,2,45.06,84.24,B,0
STU1079,Female,Private,High School,7.28,49.0,26.57,73.49,48.3,12.23,100.0,7,0,23.51,62.85,C,0
STU1080,Male,Government,Graduate,6.17,61.63,39.35,92.56,48.12,6.75,49.27,2,1,15.99,64.17,C,0
STU1081,Male,Semi-Government,Graduate,6.47,45.82,12.28,67.98,68.61,8.5,82.55,2,3,49.94,73.63,B,0
STU1082,Male,Private,Graduate,5.47,85.14,42.35,73.63,98.68,11.48,98.46,1,2,50.1,90.61,A,0
STU1083,Male,Private,High School,6.81,98.41,73.33,56.23,57.72,3.43,42.59,4,1,36.57,82.44,B,0
STU1084,Female,Private,High School,7.65,98.06,49.72,37.48,50.23,10.44,52.86,4,1,13.76,68.21,C,0
STU1085,Female,Semi-Government,Post Graduate,4.08,90.03,67.22,49.69,49.3,7.1,100.0,2,2,56.43,77.08,B,0
STU1086,Male,Private,Graduate,6.95,64.44,27.55,61.84,57.74,9.65,40.62,7,3,35.97,81.17,B,0
STU1087,Male,Government,Post Graduate,7.9,61.43,73.96,63.09,36.78,6.74,31.47,5,2,26.27,82.94,B,0
STU1088,Female,Government,Graduate,5.88,37.92,46.9,96.67,57.64,11.19,100.0,4,1,76.9,68.33,C,0
STU1089,Female,Semi-Government,Graduate,7.55,100.0,58.24,63.46,64.92,6.89,94.92,5,0,20.62,82.78,B,0
STU1090,Female,Government,Graduate,10.0,76.44,56.14,83.22,59.61,0.06,75.8,4,2,59.05,94.6,A,0
STU1091,Female,Government,Post Graduate,6.34,59.14,32.57,54.17,65.07,11.81,63.86,7,1,7.51,81.66,B,0
STU1092,Male,Private,Graduate,7.09,91.91,34.94,56.39,64.54,2.21,54.04,5,1,9.09,65.32,C,0
STU1093,Female,Private,Graduate,5.39,50.49,77.36,38.08,16.02,11.01,72.05,5,1,57.07,80.48,B,0
STU1094,Male,Private,High School,6.77,75.32,65.98,48.64,69.01,5.64,100.0,5,1,36.6,80.95,B,0
STU1095,Female,Semi-Government,Graduate,7.19,64.89,79.0,71.49,40.24,10.7,70.96,2,1,15.78,92.93,A,0
STU1096,Female,Government,Graduate,6.79,79.5,64.49,62.14,30.89,10.54,100.0,3,1,68.75,65.04,C,0
STU1097,Female,Government,High School,4.97,66.86,60.86,78.97,30.7,7.72,42.55,5,1,54.28,68.41,C,0
STU1098,Female,Government,High School,6.81,41.88,23.48,65.26,64.54,8.03,64.51,3,3,0.0,60.72,C,0
STU1099,Female,Semi-Government,High School,8.69,69.36,52.59,55.66,50.1,7.69,55.67,3,1,68.99,81.22,B,0
STU1100,Male,Private,High School,7.17,86.88,57.45,100.0,18.0,0.0,37.87,2,2,18.4,77.69,B,0
STU1101,Male,Government,High School,7.94,67.47,97.06,60.31,65.52,6.47,61.17,5,1,2.3,97.11,A,0
STU1102,Female,Semi-Government,High School,6.14,81.95,71.74,82.93,23.33,1.54,75.43,4,2,24.49,66.23,C,0
STU1103,Female,Semi-Government,Post Graduate,7.62,49.18,88.72,54.78,58.08,6.68,78.11,8,3,43.95,68.11,C,0
STU1104,Male,Semi-Government,Graduate,6.92,67.53,69.95,74.77,60.25,1.43,100.0,7,1,46.93,86.74,A,0
STU1105,Female,Semi-Government,High School,5.07,56.76,43.77,78.7,74.48,1.26,76.61,0,1,4.13,67.12,C,0
STU1106,Female,Government,High School,6.98,81.45,60.34,65.75,94.2,12.42,93.75,5,2,9.67,92.36,A,0
STU1107,Male,Private,Graduate,5.01,68.57,62.72,19.62,24.98,10.28,66.65,7,1,25.98,51.25,D,1
STU1108,Female,Private,High School,5.55,80.42,39.22,62.33,53.85,5.98,100.0,2,1,27.57,71.12,B,0
STU1109,Female,Semi-Government,Graduate,6.78,87.58,50.31,84.15,48.92,6.74,100.0,8,1,64.04,83.48,B,0
STU1110,Male,Private,Graduate,6.95,80.45,53.88,71.49,64.54,5.01,78.28,3,2,34.67,92.54,A,0
STU1111,Male,Private,Graduate,4.72,72.92,90.11,70.03,59.74,8.28,40.18,2,1,63.57,54.41,D,1
STU1112,Male,Private,High School,8.08,50.03,16.39,31.0,47.24,3.3,51.28,7,1,72.4,49.0,D,1
STU1113,Female,Government,Graduate,7.36,67.95,82.12,49.03,45.3,9.97,72.05,3,2,58.89,85.3,A,0
STU1114,Male,Private,High School,5.44,58.4,39.26,69.4,30.44,4.99,76.41,4,2,0.0,42.85,D,1
STU1115,Male,Semi-Government,Post Graduate,4.19,61.81,30.56,69.39,76.73,4.32,82.46,6,2,37.4,60.98,C,0
STU1116,Male,Semi-Government,Graduate,6.28,61.26,81.6,83.86,65.1,6.09,76.5,7,0,40.84,100.0,A,0
STU1117,Male,Government,High School,5.83,50.36,72.64,59.39,75.19,3.64,65.17,3,2,43.64,73.04,B,0
STU1118,Male,Government,High School,6.67,32.77,83.09,69.3,48.17,7.31,49.1,2,2,0.0,84.39,B,0
STU1119,Male,Government,High School,5.96,55.97,74.01,62.29,40.55,3.85,75.03,7,0,25.9,55.85,C,0
STU1120,Female,Private,Graduate,3.49,71.48,99.2,44.24,31.28,7.87,100.0,3,2,10.94,74.59,B,0
STU1121,Female,Semi-Government,High School,5.92,43.73,69.17,21.4,62.9,10.86,90.5,5,2,21.84,69.6,C,0
STU1122,Male,Government,Graduate,6.04,68.28,54.87,69.76,32.12,3.12,78.37,3,5,38.53,72.38,B,0
STU1123,Male,Private,High School,7.45,100.0,64.86,65.13,95.67,5.48,90.74,2,1,26.46,100.0,A,0
STU1124,Male,Semi-Government,Graduate,5.45,86.42,82.87,50.87,26.23,7.85,55.72,5,2,23.67,65.66,C,0
STU1125,Female,Private,Graduate,9.02,97.58,42.41,32.85,61.02,4.26,52.29,5,3,40.05,85.41,A,0
STU1126,Female,Private,Graduate,3.63,75.04,44.96,73.34,89.47,7.86,46.31,10,0,32.69,62.61,C,0
STU1127,Female,Private,Graduate,8.47,89.02,51.82,57.21,68.18,8.22,61.87,5,1,49.99,87.83,A,0
STU1128,Female,Private,High School,6.16,54.97,15.91,72.02,58.86,10.33,54.45,4,1,34.5,74.89,B,0
STU1129,Female,Government,High School,7.79,56.4,60.76,95.55,33.69,3.58,95.21,5,2,5.81,78.79,B,0
STU1130,Female,Private,Graduate,6.62,25.0,20.28,23.45,24.6,2.23,53.12,4,3,19.22,39.65,F,1
STU1131,Female,Private,High School,8.21,89.35,59.06,49.41,71.94,4.77,44.93,5,2,36.8,79.85,B,0
STU1132,Female,Semi-Government,High School,5.92,95.73,75.31,58.23,88.14,2.13,100.0,6,0,33.8,97.61,A,0
STU1133,Female,Private,High School,4.85,58.04,48.46,88.19,45.35,8.26,53.72,3,1,9.66,79.21,B,0
STU1134,Male,Private,High School,8.63,63.43,91.54,32.54,29.94,1.35,68.84,4,1,61.91,82.83,B,0
STU1135,Male,Government,High School,6.33,54.43,28.79,96.85,0.92,15.33,76.28,6,1,52.81,84.55,B,0
STU1136,Male,Private,Post Graduate,6.83,74.89,81.83,64.45,33.42,11.18,36.58,4,1,29.98,78.89,B,0
STU1137,Male,Government,High School,8.35,88.25,71.5,60.27,52.5,6.05,95.89,4,1,40.91,90.82,A,0
STU1138,Female,Government,Graduate,4.95,36.63,23.68,58.43,90.18,9.47,80.93,5,1,18.2,51.88,D,1
STU1139,Female,Private,High School,7.39,75.37,100.0,54.15,69.81,0.0,100.0,3,1,66.33,77.95,B,0
STU1140,Male,Semi-Government,Graduate,5.62,63.02,56.73,80.87,61.71,16.09,48.02,5,0,96.72,83.87,B,0
STU1141,Female,Government,High School,6.3,70.04,40.45,42.77,46.2,3.64,67.48,3,2,28.89,74.26,B,0
STU1142,Male,Private,Post Graduate,6.61,76.26,29.86,68.22,42.17,5.52,65.98,3,1,75.6,55.14,C,0
STU1143,Female,Semi-Government,Post Graduate,4.25,64.61,53.6,55.08,85.92,0.0,71.6,10,1,23.48,70.08,B,0
STU1144,Male,Government,High School,5.33,66.14,55.45,48.28,59.42,7.95,28.63,3,2,31.7,88.86,A,0
STU1145,Female,Private,Post Graduate,8.53,64.15,60.05,100.0,8.74,1.57,67.77,4,2,80.84,75.72,B,0
STU1146,Female,Private,Post Graduate,7.83,85.47,52.04,69.54,40.18,6.41,29.34,2,1,42.0,90.65,A,0
STU1147,Male,Private,Graduate,6.41,75.54,70.66,73.04,36.12,3.82,73.96,5,0,62.17,78.2,B,0
STU1148,Female,Government,Graduate,6.86,71.97,50.25,82.48,42.98,1.69,11.78,3,2,38.26,75.82,B,0
STU1149,Male,Government,High School,6.06,45.12,19.3,36.42,67.38,2.78,18.71,6,0,0.0,50.08,D,1
STU1150,Male,Private,Graduate,8.53,61.19,55.01,93.54,52.64,6.9,85.46,4,2,103.44,71.51,B,0
STU1151,Male,Private,High School,6.2,84.18,10.65,16.84,53.31,0.87,51.33,3,0,39.58,61.36,C,0
STU1152,Male,Government,High School,6.85,68.68,65.08,48.16,83.9,3.0,40.3,3,1,48.9,80.75,B,0
STU1153,Female,Private,Post Graduate,8.22,79.87,38.41,53.74,39.68,8.65,96.77,2,2,26.69,80.05,B,0
STU1154,Female,Government,High School,5.33,99.8,61.27,72.47,96.01,16.41,73.19,2,2,64.5,77.75,B,0
STU1155,Female,Private,Graduate,8.84,86.69,84.28,65.94,40.23,7.91,86.8,2,1,62.66,86.64,A,0
STU1156,Male,Government,Graduate,4.2,69.68,39.03,59.0,56.96,2.33,60.84,6,0,6.07,56.2,C,0
STU1157,Female,Semi-Government,Post Graduate,8.94,58.8,79.23,61.78,48.81,4.53,100.0,6,1,49.28,84.02,B,0
STU1158,Male,Government,Post Graduate,5.94,25.0,49.33,44.4,57.72,6.13,49.89,5,0,66.93,65.11,C,0
STU1159,Female,Government,High School,6.14,64.97,93.06,35.05,64.78,4.6,100.0,4,5,75.01,86.29,A,0
STU1160,Female,Government,High School,3.66,62.13,50.7,75.08,64.54,9.61,63.47,4,0,61.16,70.55,B,0
STU1161,Female,Government,High School,5.82,75.03,41.19,74.49,38.43,6.87,23.64,2,1,63.36,66.58,C,0
STU1162,Male,Semi-Government,High School,4.94,65.23,71.74,90.52,30.3,9.63,77.07,4,1,31.5,75.87,B,0
STU1163,Female,Semi-Government,High School,5.59,62.23,49.28,47.78,100.0,4.74,72.87,9,0,14.27,78.01,B,0
STU1164,Female,Government,High School,6.29,35.97,41.17,74.47,44.35,11.3,38.72,3,2,37.23,61.21,C,0
STU1165,Male,Private,Graduate,7.94,51.08,48.44,56.89,70.38,5.33,41.94,4,0,13.71,79.38,B,0
STU1166,Female,Private,Graduate,6.81,76.58,57.11,83.43,19.63,2.12,64.38,3,1,26.52,78.85,B,0
STU1167,Male,Semi-Government,High School,6.96,98.89,84.84,80.4,48.85,14.71,73.74,5,1,26.15,93.05,A,0
STU1168,Female,Private,Graduate,4.86,66.24,19.32,65.8,52.2,0.0,3.23,6,3,21.48,46.37,D,1
STU1169,Male,Government,High School,5.18,73.9,58.46,55.89,65.4,3.05,91.33,2,1,58.31,59.03,C,0
STU1170,Male,Private,High School,9.2,85.14,70.5,79.3,0.0,3.49,52.64,6,2,19.68,71.26,B,0
STU1171,Female,Private,Graduate,5.4,53.4,61.87,73.64,58.66,16.03,31.71,4,4,90.89,64.12,C,0
STU1172,Male,Government,Graduate,8.98,74.6,84.2,49.68,29.71,13.23,88.53,0,2,69.73,100.0,A,0
STU1173,Male,Private,Graduate,6.14,54.67,56.51,38.1,62.14,11.98,64.41,2,2,74.74,62.7,C,0
STU1174,Male,Government,High School,6.5,83.57,54.31,56.81,32.2,4.68,95.4,4,2,27.77,72.59,B,0
STU1175,Male,Private,Graduate,8.11,70.73,69.85,89.28,36.18,15.7,75.95,4,1,50.01,90.64,A,0
STU1176,Male,Government,Graduate,8.41,73.37,59.99,82.64,48.98,7.47,64.96,5,0,18.93,100.0,A,0
STU1177,Male,Private,Graduate,6.33,53.91,50.19,41.98,31.85,9.91,61.18,7,1,50.43,70.53,B,0
STU1178,Female,Private,Graduate,5.92,80.73,68.32,40.98,44.54,6.72,77.07,6,0,0.81,78.04,B,0
STU1179,Male,Private,Post Graduate,6.42,100.0,44.95,84.94,28.75,5.8,54.66,7,0,71.56,74.92,B,0
STU1180,Male,Government,Graduate,7.01,49.86,45.78,41.56,14.67,4.99,43.69,5,2,28.88,62.66,C,0
STU1181,Female,Private,Graduate,7.84,61.88,47.44,71.17,77.4,5.16,80.25,6,2,52.57,89.56,A,0
STU1182,Female,Private,Post Graduate,6.51,72.17,85.06,50.91,26.49,8.43,61.39,3,1,57.21,66.47,C,0
STU1183,Female,Private,Graduate,7.43,82.16,0.0,91.11,51.07,7.47,65.84,3,0,31.15,66.1,C,0
STU1184,Female,Private,High School,8.96,57.93,65.91,48.13,71.56,5.87,92.23,3,1,25.04,89.89,A,0
STU1185,Female,Private,Graduate,7.07,25.0,58.69,82.58,41.47,12.04,62.15,3,1,41.99,71.98,B,0
STU1186,Female,Semi-Government,High School,6.97,92.47,24.38,65.33,36.85,0.0,65.38,3,0,65.07,67.05,C,0
STU1187,Female,Government,High School,4.22,81.69,64.19,66.54,59.98,8.04,50.01,6,2,41.33,61.15,C,0
STU1188,Male,Semi-Government,Graduate,2.55,36.63,67.52,26.53,79.59,8.87,75.77,4,2,60.07,44.75,D,1
STU1189,Male,Private,Post Graduate,7.08,57.06,69.79,22.35,29.28,10.59,73.75,5,4,64.85,57.12,C,0
STU1190,Female,Government,Post Graduate,6.36,96.23,4.96,58.03,51.7,5.74,87.52,0,0,40.19,65.87,C,0
STU1191,Male,Government,High School,5.73,94.06,85.33,66.44,16.89,6.83,50.52,3,0,42.18,54.86,D,1
STU1192,Male,Government,Graduate,6.87,84.9,43.25,41.75,46.35,9.94,53.55,4,3,48.47,91.77,A,0
STU1193,Male,Private,High School,6.41,64.83,71.73,42.4,55.75,11.96,84.8,1,0,73.56,95.87,A,0
STU1194,Female,Private,Post Graduate,8.19,69.49,72.82,72.11,36.2,4.8,71.31,4,2,36.42,91.94,A,0
STU1195,Female,Private,Post Graduate,6.63,65.64,40.47,72.13,44.95,7.07,42.34,6,0,73.44,66.64,C,0
STU1196,Male,Private,Graduate,5.38,88.31,71.21,59.52,24.02,12.71,97.66,7,1,51.38,70.81,B,0
STU1197,Female,Private,Graduate,7.99,52.23,50.29,76.04,56.7,0.0,22.54,4,3,26.58,78.6,B,0
STU1198,Male,Government,Graduate,6.17,53.5,16.57,40.86,78.23,3.24,84.61,2,1,43.95,71.6,B,0
STU1199,Male,Government,Graduate,7.29,86.18,81.35,55.59,30.86,11.86,33.37,3,2,16.98,83.09,B,0
STU1200,Male,Private,High School,5.78,67.2,42.5,91.66,41.3,10.37,100.0,3,1,11.35,65.24,C,0
STU1201,Male,Government,Graduate,5.53,92.81,40.91,63.23,66.06,8.09,26.39,4,0,60.17,68.94,C,0
STU1202,Female,Government,Graduate,6.63,55.91,49.94,64.27,81.67,4.21,93.81,3,2,64.94,85.2,A,0
STU1203,Female,Private,Graduate,6.52,67.01,63.44,100.0,22.15,2.47,62.96,1,2,44.17,49.21,D,1
STU1204,Female,Private,High School,7.22,51.4,56.85,36.81,51.29,3.64,55.83,6,0,46.19,58.31,C,0
STU1205,Male,Semi-Government,Post Graduate,6.1,68.13,68.96,76.34,61.23,12.19,69.63,5,2,30.58,90.36,A,0
STU1206,Female,Semi-Government,High School,3.75,41.39,31.21,91.95,52.75,3.49,80.8,7,3,49.25,60.08,C,0
STU1207,Male,Private,Graduate,5.85,59.22,43.15,56.15,0.51,6.41,42.39,2,2,94.54,49.05,D,1
STU1208,Female,Private,Graduate,7.69,42.15,55.68,77.47,66.02,2.99,44.61,6,2,70.24,90.1,A,0
STU1209,Male,Private,Graduate,6.05,80.49,95.96,44.32,88.43,9.37,81.24,2,2,43.1,88.21,A,0
STU1210,Male,Private,Graduate,6.13,80.9,55.72,49.64,57.57,3.85,22.32,2,0,40.92,62.76,C,0
STU1211,Male,Government,High School,7.98,36.86,79.7,68.93,32.32,5.61,50.39,5,5,35.59,75.86,B,0
STU1212,Female,Private,High School,5.43,92.01,58.77,76.37,43.71,0.0,100.0,4,0,9.72,71.32,B,0
STU1213,Female,Semi-Government,Graduate,4.19,100.0,48.33,82.18,93.94,0.0,40.8,5,1,32.93,66.82,C,0
STU1214,Female,Government,Graduate,6.26,68.83,53.07,90.25,75.02,6.03,93.7,9,1,61.86,84.54,B,0
STU1215,Female,Private,High School,5.77,56.46,54.63,60.79,69.08,0.7,50.35,5,1,21.7,59.18,C,0
STU1216,Male,Private,Graduate,5.05,100.0,70.07,83.49,62.84,14.42,77.73,3,0,38.0,82.88,B,0
STU1217,Female,Government,Graduate,6.24,44.26,85.49,55.84,40.45,0.0,81.36,3,1,17.05,65.89,C,0
STU1218,Female,Government,Graduate,7.24,68.36,65.19,78.24,50.59,2.8,93.22,1,4,64.64,83.21,B,0
STU1219,Male,Government,Graduate,6.49,71.23,81.74,65.73,53.29,6.07,59.99,0,1,13.17,94.71,A,0
STU1220,Male,Government,High School,6.96,92.21,38.7,70.02,67.09,4.54,100.0,3,0,59.82,83.52,B,0
STU1221,Male,Government,High School,9.22,74.48,49.71,69.62,88.2,1.58,50.27,5,3,70.72,91.28,A,0
STU1222,Female,Semi-Government,Graduate,5.99,59.02,43.51,33.12,79.6,2.17,70.86,1,0,36.92,69.4,C,0
STU1223,Male,Government,Graduate,6.92,50.88,64.29,41.77,23.77,2.04,71.13,2,4,27.83,56.26,C,0
STU1224,Male,Private,Graduate,5.74,61.85,50.82,63.85,59.93,4.85,36.95,3,0,56.88,74.78,B,0
STU1225,Male,Government,Graduate,5.23,49.88,72.6,31.63,71.21,13.81,57.85,4,0,85.06,75.51,B,0
STU1226,Female,Semi-Government,Graduate,5.62,68.86,39.38,76.96,68.61,6.31,69.04,4,0,78.54,72.72,B,0
STU1227,Male,Government,Post Graduate,5.78,57.84,58.86,77.69,41.16,10.73,54.2,5,1,43.16,77.44,B,0
STU1228,Female,Private,Graduate,7.04,41.11,71.74,67.89,100.0,8.03,100.0,5,3,22.92,97.48,A,0
STU1229,Female,Semi-Government,Graduate,10.0,90.59,16.69,41.82,26.9,10.46,44.03,4,2,39.2,79.23,B,0
STU1230,Male,Semi-Government,High School,5.43,59.04,100.0,86.84,31.17,0.0,94.49,5,3,2.75,88.4,A,0
STU1231,Male,Government,High School,5.88,45.17,52.34,98.67,60.14,4.78,86.41,5,0,31.11,71.4,B,0
STU1232,Female,Semi-Government,Graduate,6.41,64.97,17.5,64.65,100.0,11.23,64.65,5,1,56.26,94.0,A,0
STU1233,Male,Private,High School,7.09,69.23,61.16,71.19,36.6,3.71,43.37,4,0,35.81,56.99,C,0
STU1234,Male,Private,Post Graduate,6.9,36.56,58.67,65.63,49.15,13.05,45.79,2,3,29.99,83.06,B,0
STU1235,Female,Government,Graduate,8.43,73.97,56.36,71.55,78.7,11.94,52.05,4,6,43.61,96.12,A,0
STU1236,Female,Government,Graduate,2.86,49.15,77.82,59.85,54.61,4.12,20.36,3,0,38.27,47.29,D,1
STU1237,Male,Private,High School,2.92,98.8,72.95,61.38,47.64,3.99,39.91,10,0,63.89,73.54,B,0
STU1238,Female,Private,High School,5.76,77.43,63.96,78.3,67.44,1.95,27.94,2,3,11.83,57.72,C,0
STU1239,Male,Private,High School,8.15,60.8,67.0,100.0,61.0,3.48,98.65,8,0,58.16,100.0,A,0
STU1240,Male,Private,High School,4.15,54.59,55.91,36.8,77.67,1.07,80.46,1,1,43.85,84.43,B,0
STU1241,Male,Private,High School,2.0,66.11,93.51,60.13,83.41,7.72,84.65,1,2,55.86,69.15,C,0
STU1242,Female,Government,Graduate,7.36,79.03,28.42,40.75,61.75,0.18,79.72,5,1,10.27,61.48,C,0
STU1243,Male,Private,Post Graduate,6.87,67.54,60.79,90.66,61.42,8.41,69.17,5,4,67.08,80.33,B,0
STU1244,Male,Government,Post Graduate,4.86,64.09,59.3,51.42,59.71,8.51,100.0,2,0,58.58,80.23,B,0
STU1245,Male,Private,Graduate,5.02,69.05,74.27,36.02,65.76,0.0,49.73,5,1,86.83,60.89,C,0
STU1246,Female,Private,High School,5.05,57.13,41.12,73.49,56.21,12.2,67.67,8,3,24.18,45.42,D,1
STU1247,Female,Semi-Government,Post Graduate,6.67,61.82,23.13,93.4,54.99,8.05,83.68,8,1,30.38,83.58,B,0
STU1248,Female,Government,Post Graduate,5.56,30.46,61.14,73.94,81.33,9.0,31.97,5,1,0.4,86.67,A,0
STU1249,Female,Government,High School,7.24,85.53,63.62,65.69,88.35,2.97,100.0,3,3,24.41,96.27,A,0
STU1250,Female,Government,Graduate,2.22,73.38,87.79,69.36,21.83,8.49,65.71,5,1,80.86,65.46,C,0
STU1251,Male,Government,High School,5.21,54.08,32.59,87.47,55.22,10.51,68.55,3,0,52.38,86.95,A,0
STU1252,Female,Government,Graduate,4.81,100.0,81.09,46.26,39.85,5.61,96.42,5,1,26.84,71.12,B,0
STU1253,Female,Semi-Government,Post Graduate,6.12,69.57,100.0,59.99,48.16,14.01,87.87,4,3,48.33,100.0,A,0
STU1254,Female,Government,High School,5.69,49.35,50.44,53.85,63.86,6.18,65.95,2,0,43.46,67.02,C,0
STU1255,Male,Government,Post Graduate,7.7,83.42,32.18,40.98,69.73,10.56,68.25,10,1,0.0,95.01,A,0
STU1256,Female,Private,Graduate,3.71,75.16,49.86,56.09,52.53,7.17,27.4,3,0,1.8,59.18,C,0
STU1257,Female,Private,Post Graduate,6.57,75.1,58.28,81.94,12.91,8.34,51.09,3,0,72.67,89.64,A,0
STU1258,Male,Private,Graduate,7.34,60.34,69.28,72.2,33.77,0.0,77.93,6,1,63.42,81.17,B,0
STU1259,Female,Government,Graduate,9.28,76.11,46.17,73.6,74.72,7.48,76.1,5,3,7.89,94.93,A,0
STU1260,Male,Private,High School,5.78,63.29,89.1,64.64,0.0,3.06,95.53,7,3,41.83,56.63,C,0
STU1261,Male,Government,High School,6.99,78.01,35.71,71.42,81.12,2.61,61.99,4,2,27.11,82.59,B,0
STU1262,Male,Government,High School,3.79,33.71,23.22,47.59,66.47,12.98,30.32,5,0,72.22,47.03,D,1
STU1263,Male,Semi-Government,Post Graduate,2.91,60.19,80.13,56.43,83.96,5.14,91.42,3,4,56.19,75.67,B,0
STU1264,Male,Government,Graduate,7.77,99.0,12.51,65.46,50.63,1.99,100.0,2,1,17.38,82.34,B,0
STU1265,Female,Private,Post Graduate,6.49,54.19,53.92,67.0,9.65,4.56,87.46,2,2,48.01,74.88,B,0
STU1266,Male,Private,Post Graduate,8.27,57.13,100.0,67.76,64.47,0.8,60.91,4,0,43.97,93.74,A,0
STU1267,Male,Government,High School,4.44,59.94,57.76,59.51,83.04,11.74,91.11,5,2,44.04,79.1,B,0
STU1268,Female,Semi-Government,High School,7.28,46.13,35.58,55.21,75.34,3.22,100.0,5,2,32.25,91.14,A,0
STU1269,Male,Government,High School,9.3,28.25,56.85,100.0,40.42,8.12,67.88,6,1,45.62,100.0,A,0
STU1270,Female,Private,High School,7.13,63.85,56.98,78.32,56.91,11.42,32.21,7,0,23.73,72.53,B,0
STU1271,Female,Semi-Government,High School,6.91,70.45,61.21,69.44,43.28,4.0,50.34,6,2,15.3,94.16,A,0
STU1272,Female,Private,Graduate,6.51,67.05,71.25,57.8,36.98,8.13,80.64,2,0,13.84,87.98,A,0
STU1273,Male,Semi-Government,High School,4.14,65.39,37.22,53.88,76.02,1.88,24.88,1,2,18.77,51.06,D,1
STU1274,Male,Government,High School,8.53,68.77,91.75,59.65,28.65,15.78,69.24,5,1,55.56,70.85,B,0
STU1275,Male,Private,High School,5.58,86.41,62.9,67.27,35.34,9.75,74.51,6,1,56.24,86.47,A,0
STU1276,Female,Government,High School,7.26,64.57,72.54,28.15,30.71,5.23,100.0,4,1,81.51,72.22,B,0
STU1277,Male,Private,Post Graduate,4.16,57.67,45.44,33.75,22.21,2.91,97.75,6,2,39.29,47.99,D,1
STU1278,Male,Semi-Government,Graduate,4.73,62.94,83.73,50.54,58.22,5.54,86.61,7,1,62.54,76.18,B,0
STU1279,Male,Government,Post Graduate,8.65,78.43,52.86,65.73,80.55,4.64,10.93,2,0,46.18,95.98,A,0
STU1280,Female,Private,High School,5.98,93.42,63.55,57.69,50.93,13.81,88.03,5,2,52.49,61.8,C,0
STU1281,Female,Government,High School,8.68,56.69,39.34,88.61,21.87,1.1,82.64,2,0,65.21,74.96,B,0
STU1282,Male,Private,Graduate,6.38,69.78,38.06,35.32,73.48,6.54,71.4,6,1,59.55,72.4,B,0
STU1283,Male,Private,High School,3.74,74.09,71.76,48.48,92.09,5.93,21.74,7,2,47.71,86.03,A,0
STU1284,Male,Semi-Government,High School,7.84,50.13,49.13,89.36,40.78,5.53,45.58,4,5,29.66,87.44,A,0
STU1285,Male,Private,High School,5.62,68.37,40.92,64.36,44.47,5.57,35.83,5,3,51.89,73.28,B,0
STU1286,Female,Government,High School,7.55,41.62,45.14,77.93,66.34,5.54,14.62,4,3,79.11,70.5,B,0
STU1287,Female,Government,High School,6.54,36.16,71.98,98.92,90.68,9.49,64.93,4,1,49.38,98.0,A,0
STU1288,Female,Government,High School,4.19,74.6,45.42,49.51,43.56,8.44,45.05,2,3,35.12,55.0,D,0
STU1289,Female,Government,Graduate,6.75,61.09,55.65,60.21,25.69,7.68,100.0,4,2,65.54,70.71,B,0
STU1290,Male,Government,High School,9.79,71.64,58.3,57.1,68.89,0.0,60.78,8,0,10.37,95.64,A,0
STU1291,Male,Semi-Government,High School,7.24,67.68,19.65,26.82,72.58,7.2,97.34,2,2,36.0,72.98,B,0
STU1292,Male,Private,Graduate,6.41,50.42,28.58,56.41,55.13,0.0,25.77,1,2,20.48,63.51,C,0
STU1293,Female,Private,High School,8.11,67.19,64.73,77.86,42.72,8.59,51.75,7,0,41.96,97.77,A,0
STU1294,Male,Government,High School,6.82,45.8,43.26,71.73,76.88,11.9,67.42,2,1,76.16,76.41,B,0
STU1295,Female,Semi-Government,Post Graduate,6.81,93.04,79.13,73.14,66.62,2.3,42.3,2,2,61.02,71.96,B,0
STU1296,Female,Private,High School,4.86,43.59,77.34,55.24,38.09,4.95,54.44,3,1,0.0,55.8,C,0
STU1297,Male,Government,High School,6.85,64.48,72.38,50.19,56.08,3.6,59.55,5,2,29.53,65.35,C,0
STU1298,Male,Private,Graduate,8.05,49.24,94.4,84.85,25.26,10.94,59.15,4,2,7.52,100.0,A,0
STU1299,Male,Private,High School,5.25,78.27,56.34,53.05,70.09,6.38,100.0,5,3,71.46,82.35,B,0
STU1300,Female,Government,Graduate,8.64,62.03,70.98,67.29,49.23,12.91,74.46,6,3,30.44,100.0,A,0
STU1301,Male,Private,Graduate,6.36,58.66,46.31,64.94,45.41,7.66,76.99,3,2,46.9,80.91,B,0
STU1302,Female,Private,High School,5.17,83.36,100.0,88.31,54.28,6.97,78.49,4,2,48.1,83.61,B,0
STU1303,Male,Government,Graduate,8.0,68.53,97.67,79.49,55.89,6.27,80.32,4,1,50.15,100.0,A,0
STU1304,Female,Semi-Government,Graduate,6.07,77.3,58.24,38.69,74.69,9.27,62.93,4,4,0.0,72.38,B,0
STU1305,Female,Semi-Government,High School,7.64,50.34,65.73,40.62,68.0,0.0,56.98,3,2,54.03,94.02,A,0
STU1306,Male,Private,Graduate,6.06,42.71,85.19,72.42,51.56,6.34,69.17,5,3,31.29,80.45,B,0
STU1307,Female,Private,High School,6.41,69.93,55.06,60.84,71.8,5.72,93.92,6,2,66.15,98.48,A,0
STU1308,Female,Private,Graduate,7.24,62.26,44.87,53.81,63.82,8.9,93.16,6,1,50.07,69.99,C,0
STU1309,Male,Private,High School,6.94,79.28,75.48,80.28,45.61,5.25,58.99,2,1,60.79,75.98,B,0
STU1310,Female,Private,Graduate,3.51,66.56,59.57,65.37,52.26,1.85,84.2,6,0,26.8,47.83,D,1
STU1311,Male,Government,High School,4.82,71.69,61.66,62.94,51.74,6.03,60.14,5,1,16.78,80.74,B,0
STU1312,Female,Private,Graduate,7.89,38.78,41.31,76.04,66.12,1.67,65.85,4,1,67.26,79.12,B,0
STU1313,Male,Semi-Government,High School,6.3,100.0,23.65,55.25,46.93,0.0,53.16,6,2,59.09,84.78,B,0
STU1314,Male,Private,High School,5.71,65.04,62.72,90.23,46.41,8.91,60.46,0,2,50.56,71.01,B,0
STU1315,Female,Government,Graduate,4.46,80.56,76.1,47.82,98.31,8.32,98.53,5,2,50.52,96.65,A,0
STU1316,Female,Private,Graduate,4.88,52.95,53.48,73.82,75.67,7.87,67.31,2,1,55.52,74.16,B,0
STU1317,Female,Government,Graduate,3.47,73.54,86.73,87.81,38.27,11.21,68.38,6,1,12.69,74.52,B,0
STU1318,Female,Government,Graduate,6.35,44.55,43.92,37.21,67.56,3.34,28.82,7,0,71.89,60.66,C,0
STU1319,Female,Government,Graduate,5.6,76.14,36.91,55.82,57.6,0.28,57.27,4,3,41.15,56.53,C,0
STU1320,Male,Government,Post Graduate,5.05,61.59,56.66,82.56,63.61,5.72,58.97,4,4,41.86,78.43,B,0
STU1321,Female,Private,High School,6.4,68.53,56.35,82.83,58.02,4.61,44.27,7,0,34.55,80.11,B,0
STU1322,Male,Private,Graduate,7.05,80.56,73.4,58.91,81.17,2.63,65.54,2,1,0.0,70.12,B,0
STU1323,Male,Government,Graduate,9.64,45.81,42.5,48.78,62.6,5.68,54.27,6,2,59.38,56.61,C,0
STU1324,Female,Semi-Government,Post Graduate,4.23,55.68,85.36,79.21,53.63,3.55,67.0,2,1,20.04,68.57,C,0
STU1325,Male,Semi-Government,Post Graduate,8.24,76.23,97.34,83.3,77.93,0.0,68.04,5,0,47.7,100.0,A,0
STU1326,Male,Semi-Government,High School,7.96,100.0,57.22,41.04,60.13,4.24,41.11,4,1,24.49,81.73,B,0
STU1327,Male,Government,High School,5.33,65.51,82.99,40.33,57.67,1.45,55.03,3,3,36.41,55.64,C,0
STU1328,Male,Private,Graduate,6.8,78.64,36.87,66.05,61.91,6.93,66.93,1,0,35.02,57.98,C,0
STU1329,Female,Semi-Government,Graduate,5.81,66.07,79.5,73.33,52.94,3.38,94.61,2,1,23.92,90.29,A,0
STU1330,Male,Private,Graduate,6.78,100.0,78.95,56.62,55.2,10.45,71.42,3,0,39.35,68.75,C,0
STU1331,Female,Government,Graduate,8.76,36.55,75.27,74.23,42.09,12.42,48.45,3,1,32.98,93.97,A,0
STU1332,Female,Government,Graduate,7.41,69.7,57.69,49.22,38.47,8.72,74.98,2,0,18.99,81.28,B,0
STU1333,Male,Private,High School,7.26,38.74,0.0,23.94,33.03,0.0,100.0,8,1,74.32,69.36,C,0
STU1334,Female,Semi-Government,Post Graduate,5.85,25.0,45.17,54.37,24.38,12.02,87.92,5,0,24.96,58.14,C,0
STU1335,Female,Private,High School,4.27,73.35,45.48,63.14,35.65,12.3,78.69,4,1,59.05,74.42,B,0
STU1336,Female,Private,High School,6.19,70.51,38.43,57.03,51.17,6.08,83.14,2,1,61.71,83.18,B,0
STU1337,Male,Government,Graduate,8.31,62.87,60.44,41.15,57.27,11.29,100.0,6,2,68.1,72.09,B,0
STU1338,Female,Private,Graduate,4.21,66.09,49.62,29.32,49.03,3.79,91.89,4,1,31.36,60.05,C,0
STU1339,Female,Semi-Government,High School,4.92,100.0,41.51,52.75,3.17,0.0,79.17,4,2,40.03,53.87,D,1
STU1340,Female,Government,High School,6.69,63.35,36.82,78.16,89.64,2.96,91.72,3,2,40.8,72.16,B,0
STU1341,Male,Private,Post Graduate,5.02,77.18,43.69,84.61,78.9,12.92,37.96,3,2,58.18,81.15,B,0
STU1342,Female,Semi-Government,High School,5.31,56.31,80.43,83.38,64.81,0.04,27.44,5,3,38.94,62.49,C,0
STU1343,Male,Government,Graduate,5.86,73.31,44.78,47.31,96.96,6.0,68.93,4,1,56.46,81.26,B,0
STU1344,Male,Private,Graduate,4.45,63.71,47.7,41.23,33.5,6.14,66.72,3,1,38.61,78.26,B,0
STU1345,Male,Government,Graduate,5.04,60.61,48.87,70.94,96.53,3.95,51.4,2,1,72.93,71.65,B,0
STU1346,Male,Private,Graduate,7.56,100.0,64.78,73.43,33.77,4.23,85.65,4,1,44.71,81.1,B,0
STU1347,Male,Private,High School,4.54,89.19,67.12,69.2,60.25,6.29,18.43,3,1,41.7,84.12,B,0
STU1348,Male,Private,Graduate,4.1,70.46,0.0,25.75,26.98,3.75,51.63,5,2,53.49,53.45,D,1
STU1349,Female,Private,High School,5.55,26.52,78.43,46.4,55.32,0.31,52.88,4,1,85.89,56.2,C,0
STU1350,Male,Government,Graduate,7.6,61.5,86.73,61.47,63.5,6.86,24.09,2,0,29.87,89.73,A,0
STU1351,Female,Semi-Government,High School,6.2,100.0,37.0,70.77,51.6,10.29,100.0,1,0,70.99,47.76,D,1
STU1352,Female,Private,Graduate,5.8,63.85,38.55,75.81,70.71,9.48,31.02,6,0,24.56,65.27,C,0
STU1353,Male,Government,High School,6.57,87.86,48.99,64.6,57.18,2.76,50.29,3,1,46.1,84.13,B,0
STU1354,Female,Private,High School,3.88,93.95,42.88,67.95,43.51,1.0,87.7,2,0,25.13,56.75,C,0
STU1355,Female,Private,High School,7.24,71.94,62.48,63.53,42.53,4.86,81.15,2,1,35.72,75.27,B,0
STU1356,Female,Government,High School,7.08,52.85,19.07,74.34,72.84,12.27,37.3,4,2,28.04,68.62,C,0
STU1357,Female,Semi-Government,Graduate,5.89,25.0,35.64,67.63,40.62,8.58,82.06,5,2,62.46,54.55,D,1
STU1358,Male,Semi-Government,High School,8.01,80.31,88.78,63.18,75.14,8.82,72.24,5,1,32.57,71.06,B,0
STU1359,Female,Government,Post Graduate,4.81,53.33,39.44,57.17,81.9,9.56,100.0,3,1,58.26,69.25,C,0
STU1360,Male,Semi-Government,Post Graduate,8.19,71.17,82.87,63.46,18.29,7.68,75.1,3,0,31.83,85.44,A,0
STU1361,Female,Government,Graduate,6.73,45.5,65.11,70.72,79.92,6.48,61.47,2,1,44.86,84.08,B,0
STU1362,Female,Government,High School,6.0,63.23,21.81,66.81,100.0,8.65,43.59,3,0,81.44,66.57,C,0
STU1363,Male,Government,High School,6.47,68.61,70.71,68.85,60.54,3.82,46.39,4,2,26.36,64.04,C,0
STU1364,Female,Semi-Government,Graduate,6.34,72.83,55.65,86.17,68.18,0.34,44.36,6,2,26.84,75.11,B,0
STU1365,Female,Private,High School,8.33,47.93,48.89,66.77,77.81,8.89,99.28,3,3,38.84,76.58,B,0
STU1366,Female,Government,High School,4.88,89.54,62.9,50.32,48.94,10.95,65.45,5,1,44.56,64.27,C,0
STU1367,Male,Private,Graduate,5.36,57.26,67.49,77.9,59.01,1.53,79.13,5,2,60.52,75.04,B,0
STU1368,Female,Private,Graduate,8.05,37.86,72.15,37.41,26.09,9.29,100.0,4,2,46.07,66.66,C,0
STU1369,Male,Government,Graduate,5.61,66.04,81.57,42.53,58.05,12.72,6.04,4,0,51.13,84.69,B,0
STU1370,Female,Semi-Government,High School,7.85,68.62,66.16,68.05,65.96,5.99,96.97,2,0,16.14,77.98,B,0
STU1371,Male,Semi-Government,Graduate,9.05,70.89,30.49,71.3,66.36,2.73,66.38,4,3,52.54,77.51,B,0
STU1372,Male,Private,High School,5.9,92.52,48.53,39.59,78.44,6.49,75.88,3,0,53.21,83.5,B,0
STU1373,Female,Semi-Government,High School,7.52,63.74,100.0,55.11,37.95,3.8,44.29,6,2,61.79,85.98,A,0
STU1374,Female,Private,Post Graduate,4.77,65.85,72.49,51.09,43.28,3.53,46.12,3,2,36.79,68.73,C,0
STU1375,Male,Semi-Government,High School,7.63,48.14,100.0,53.24,96.7,7.73,77.22,1,2,44.83,87.83,A,0
STU1376,Male,Private,High School,6.8,82.77,85.91,78.98,51.69,0.0,100.0,3,1,62.66,89.36,A,0
STU1377,Female,Private,High School,7.21,71.32,62.84,74.72,59.4,0.22,90.08,3,2,18.53,90.12,A,0
STU1378,Male,Government,Post Graduate,5.53,60.44,64.03,61.66,53.53,6.08,96.64,5,2,0.13,80.96,B,0
STU1379,Female,Semi-Government,Graduate,4.01,33.72,57.27,52.17,36.92,5.91,60.2,6,0,17.28,56.98,C,0
STU1380,Female,Private,Graduate,7.25,94.0,23.24,37.71,90.72,7.37,49.99,8,1,29.02,85.86,A,0
STU1381,Female,Government,Graduate,3.4,45.9,58.36,87.56,43.39,13.5,45.48,3,1,71.81,63.61,C,0
STU1382,Female,Government,High School,6.02,57.36,82.21,72.66,30.2,6.42,52.79,2,0,95.73,73.42,B,0
STU1383,Male,Private,Graduate,7.91,74.45,46.01,49.28,45.08,8.39,13.68,6,0,22.26,74.54,B,0
STU1384,Female,Private,High School,6.79,46.46,66.24,74.95,10.96,2.1,46.88,4,2,42.9,50.02,D,1
STU1385,Male,Private,High School,9.42,41.12,75.03,60.74,40.67,9.07,50.99,7,0,31.83,80.39,B,0
STU1386,Female,Semi-Government,Graduate,8.04,29.77,39.81,56.83,33.7,3.89,60.62,3,1,57.03,87.15,A,0
STU1387,Male,Government,Post Graduate,5.52,80.98,48.97,69.83,68.58,6.29,68.29,6,1,52.0,57.13,C,0
STU1388,Female,Private,High School,6.54,58.19,37.64,48.65,40.18,5.56,74.06,7,1,23.09,83.31,B,0
STU1389,Male,Government,High School,6.43,100.0,41.56,55.81,74.53,10.13,64.63,3,2,29.47,87.77,A,0
STU1390,Male,Semi-Government,High School,4.13,50.1,32.25,64.19,85.77,0.76,50.46,2,1,41.42,62.04,C,0
STU1391,Female,Semi-Government,High School,5.09,51.41,39.99,53.01,72.19,0.0,15.92,4,1,75.76,41.46,D,1
STU1392,Female,Private,Post Graduate,5.66,57.82,86.39,74.04,50.26,5.15,50.62,5,2,28.66,76.94,B,0
STU1393,Female,Private,Graduate,3.45,72.38,39.69,95.64,58.1,7.87,40.69,6,1,6.22,61.14,C,0
STU1394,Female,Government,Graduate,6.57,59.54,60.53,48.42,21.45,6.61,76.65,6,2,77.58,78.45,B,0
STU1395,Male,Private,Graduate,6.13,79.02,47.94,32.03,52.06,10.93,87.73,4,1,57.43,64.78,C,0
STU1396,Female,Semi-Government,High School,3.99,50.39,81.58,25.97,36.07,7.75,88.46,6,1,15.93,59.32,C,0
STU1397,Male,Private,Graduate,7.11,43.13,84.22,59.29,70.28,3.74,83.92,2,3,52.66,85.06,A,0
STU1398,Male,Government,High School,7.57,35.63,75.28,50.06,100.0,0.0,61.66,4,1,65.29,76.18,B,0
STU1399,Female,Private,Graduate,6.84,27.98,64.12,65.74,66.0,5.05,51.95,2,2,47.34,84.33,B,0
STU1400,Male,Semi-Government,Post Graduate,6.01,58.67,53.38,64.39,11.19,10.11,46.32,3,2,79.06,59.02,C,0
STU1401,Male,Government,Graduate,7.39,62.58,34.16,33.14,47.05,4.43,27.31,4,0,58.88,43.56,D,1
STU1402,Male,Government,High School,7.52,56.63,96.87,29.33,57.69,6.11,89.8,4,2,52.64,83.6,B,0
STU1403,Male,Private,Graduate,6.96,90.38,42.81,67.33,56.92,7.69,60.63,8,0,50.1,87.96,A,0
STU1404,Female,Semi-Government,High School,5.26,90.1,71.27,64.44,38.92,1.94,33.84,2,1,48.4,80.46,B,0
STU1405,Female,Government,High School,6.91,61.97,79.19,54.34,60.4,8.49,44.34,6,1,66.95,85.35,A,0
STU1406,Female,Government,High School,8.29,35.71,46.89,32.17,27.66,12.55,43.33,3,0,41.26,79.12,B,0
STU1407,Female,Government,High School,5.61,57.8,78.76,70.49,34.21,5.31,66.08,3,1,68.74,74.74,B,0
STU1408,Male,Government,Graduate,9.65,57.2,73.28,84.89,69.21,1.48,91.69,5,1,52.8,86.83,A,0
STU1409,Male,Private,Graduate,5.71,56.17,92.56,67.0,32.66,5.73,56.3,3,2,47.64,64.39,C,0
STU1410,Female,Private,Post Graduate,6.55,55.44,48.61,46.75,66.84,0.0,8.69,6,1,37.3,42.53,D,1
STU1411,Female,Private,Graduate,5.49,56.24,32.28,62.8,24.87,7.35,60.27,6,2,37.53,58.73,C,0
STU1412,Female,Private,Graduate,6.83,61.04,47.89,37.41,93.83,7.81,61.1,4,1,52.98,85.3,A,0
STU1413,Male,Government,High School,3.89,56.56,62.18,81.04,37.97,12.7,59.38,2,1,70.33,50.23,D,1
STU1414,Female,Semi-Government,High School,5.68,71.75,59.16,63.47,50.08,5.22,49.31,5,2,57.61,83.3,B,0
STU1415,Female,Private,Graduate,4.86,74.49,50.13,30.17,62.27,7.63,70.44,5,2,27.14,65.74,C,0
STU1416,Female,Semi-Government,High School,6.7,51.61,19.82,56.59,42.56,2.55,66.65,2,1,5.03,53.87,D,1
STU1417,Male,Private,Graduate,7.99,90.88,67.41,70.34,58.15,4.57,64.38,3,0,63.49,69.36,C,0
STU1418,Male,Government,High School,7.47,50.36,97.45,56.01,67.66,0.0,75.32,5,2,112.07,98.18,A,0
STU1419,Male,Private,High School,2.94,38.88,67.29,57.03,76.13,5.22,54.25,7,2,38.1,75.94,B,0
STU1420,Male,Government,High School,9.56,74.85,70.18,39.96,72.41,4.78,52.84,7,1,33.41,86.31,A,0
STU1421,Male,Private,High School,6.94,53.29,69.45,72.2,51.22,7.2,99.5,0,2,65.51,89.4,A,0
STU1422,Male,Government,High School,5.34,73.78,65.94,50.33,51.77,3.51,78.98,2,1,23.48,67.55,C,0
STU1423,Male,Government,Graduate,6.74,25.0,76.63,23.18,100.0,6.33,85.67,3,0,82.4,71.94,B,0
STU1424,Male,Semi-Government,High School,6.76,93.06,65.91,55.32,75.9,4.67,95.65,8,2,55.31,80.37,B,0
STU1425,Female,Government,Graduate,5.5,80.1,51.75,79.66,34.72,4.67,78.15,7,1,44.33,69.36,C,0
STU1426,Female,Semi-Government,High School,6.8,40.99,42.08,55.04,57.2,6.32,88.21,6,3,25.65,70.5,B,0
STU1427,Male,Government,High School,5.59,41.38,53.02,93.28,47.63,6.16,25.52,5,2,67.05,69.58,C,0
STU1428,Male,Private,High School,5.89,98.1,64.28,69.72,52.02,9.04,70.1,2,2,33.9,96.09,A,0
STU1429,Female,Private,Graduate,5.47,54.73,51.68,68.1,27.95,5.52,60.43,2,2,62.73,84.88,B,0
STU1430,Male,Private,High School,4.35,52.98,64.29,59.69,45.94,4.6,100.0,2,1,54.98,52.76,D,1
STU1431,Male,Government,Graduate,6.72,27.21,66.78,60.77,94.85,5.28,88.19,1,3,77.29,86.45,A,0
STU1432,Male,Government,High School,7.38,61.69,74.66,57.26,67.74,3.14,49.24,3,0,48.97,81.5,B,0
STU1433,Female,Government,Graduate,7.27,63.9,83.66,56.56,0.19,4.56,74.32,3,3,122.91,71.92,B,0
STU1434,Female,Government,High School,7.73,80.88,59.56,71.56,81.77,14.12,69.19,3,1,58.87,89.25,A,0
STU1435,Female,Private,Graduate,6.99,42.82,31.84,45.16,78.97,2.35,76.36,2,3,48.66,76.19,B,0
STU1436,Female,Semi-Government,Graduate,5.7,40.63,51.1,42.63,47.1,4.89,39.53,6,0,35.27,47.39,D,1
STU1437,Female,Semi-Government,Post Graduate,7.76,76.12,58.88,41.78,70.78,4.45,74.0,4,2,66.92,100.0,A,0
STU1438,Male,Private,High School,4.46,86.12,21.28,98.82,36.09,5.01,59.3,7,1,35.83,68.33,C,0
STU1439,Female,Private,High School,5.15,39.72,85.77,71.55,44.65,4.68,72.06,4,0,25.64,79.16,B,0
STU1440,Male,Private,High School,5.05,87.47,60.85,67.48,87.97,7.12,46.89,7,3,33.28,70.61,B,0
STU1441,Male,Government,Graduate,8.12,68.68,65.63,42.96,49.02,0.0,50.37,1,1,40.2,65.85,C,0
STU1442,Female,Semi-Government,Graduate,7.91,87.65,85.31,73.22,13.87,10.15,94.35,5,1,101.24,69.19,C,0
STU1443,Female,Private,Graduate,7.23,66.74,45.4,59.9,53.61,8.53,38.71,5,2,52.31,89.63,A,0
STU1444,Male,Private,High School,8.11,25.0,69.48,65.86,53.27,1.03,40.56,4,1,28.47,64.55,C,0
STU1445,Male,Government,High School,5.18,65.26,55.8,44.42,81.36,0.0,63.71,4,1,72.22,65.4,C,0
STU1446,Male,Private,High School,7.02,87.08,54.32,64.88,55.32,2.09,45.7,10,1,49.71,76.19,B,0
STU1447,Female,Private,Post Graduate,6.31,51.91,42.56,54.37,45.73,5.03,42.87,1,0,77.37,66.42,C,0
STU1448,Female,Semi-Government,Graduate,7.77,61.02,91.31,48.22,77.99,16.32,67.63,5,4,92.79,81.22,B,0
STU1449,Female,Private,Post Graduate,6.33,64.83,50.49,75.21,57.66,8.17,27.37,3,0,7.71,83.69,B,0
STU1450,Female,Government,High School,5.92,25.0,71.99,34.32,38.5,0.0,39.8,4,2,0.0,71.62,B,0
STU1451,Female,Semi-Government,Graduate,7.31,98.08,20.5,72.17,80.41,3.24,100.0,5,0,94.79,74.97,B,0
STU1452,Male,Government,Graduate,7.81,51.78,81.6,74.32,59.26,5.79,76.49,0,1,27.82,85.94,A,0
STU1453,Female,Private,High School,5.5,77.1,79.04,46.17,55.06,7.01,46.34,4,1,2.54,80.34,B,0
STU1454,Male,Government,Graduate,6.41,66.44,59.95,47.23,58.91,0.74,75.46,5,1,31.88,74.6,B,0
STU1455,Male,Private,Post Graduate,4.91,90.64,53.46,57.99,31.45,5.46,79.18,4,3,20.81,56.96,C,0
STU1456,Male,Semi-Government,Post Graduate,2.75,75.31,66.0,67.08,43.39,3.13,89.86,3,3,25.69,69.18,C,0
STU1457,Female,Government,Graduate,6.8,63.77,100.0,59.25,55.08,1.58,61.82,5,2,66.39,95.32,A,0
STU1458,Female,Semi-Government,High School,7.41,51.92,22.74,69.8,50.72,7.04,89.41,2,1,36.02,88.78,A,0
STU1459,Female,Government,High School,6.89,82.36,73.64,93.73,82.99,9.1,14.04,2,1,4.55,97.43,A,0
STU1460,Male,Semi-Government,Post Graduate,3.58,34.28,39.77,52.86,59.78,9.36,38.59,4,1,45.81,64.0,C,0
STU1461,Male,Private,High School,5.97,79.63,57.6,31.13,73.81,8.3,69.1,6,2,23.72,72.72,B,0
STU1462,Male,Semi-Government,Graduate,3.17,48.22,53.04,76.87,55.21,4.01,73.24,4,0,38.77,52.17,D,1
STU1463,Male,Government,Graduate,8.55,90.54,49.43,92.3,78.24,8.86,42.21,7,2,40.2,95.78,A,0
STU1464,Male,Semi-Government,Graduate,4.87,70.9,57.79,69.07,63.75,7.24,71.49,7,0,66.14,96.29,A,0
STU1465,Male,Private,Post Graduate,8.38,79.59,35.32,42.42,55.3,6.54,49.4,1,2,32.37,69.91,C,0
STU1466,Female,Government,High School,7.92,69.48,78.58,59.77,54.71,3.55,58.08,2,1,62.44,85.29,A,0
STU1467,Female,Semi-Government,High School,5.15,36.46,22.12,41.87,34.0,4.01,90.62,4,2,5.12,58.67,C,0
STU1468,Female,Government,High School,4.8,52.51,68.8,73.57,66.15,6.3,87.72,3,1,67.47,70.49,B,0
STU1469,Female,Semi-Government,High School,7.03,80.1,51.47,37.68,54.12,15.76,40.07,3,1,77.47,89.98,A,0
STU1470,Male,Government,High School,5.23,71.0,34.58,56.6,43.96,7.2,38.57,3,2,39.24,77.63,B,0
STU1471,Male,Private,High School,6.65,89.26,62.05,43.92,79.34,3.56,54.72,3,1,24.54,100.0,A,0
STU1472,Female,Private,Graduate,5.78,75.26,26.86,64.28,27.5,2.67,64.33,5,0,18.06,53.14,D,1
STU1473,Male,Government,Post Graduate,3.83,50.6,58.79,55.41,45.71,4.03,48.55,2,1,44.36,60.69,C,0
STU1474,Female,Government,High School,3.15,53.67,29.54,65.18,77.61,14.71,91.02,3,2,75.4,67.87,C,0
STU1475,Female,Government,High School,6.84,69.85,67.23,62.4,61.94,4.4,73.68,3,3,34.36,73.7,B,0
STU1476,Female,Private,Post Graduate,5.66,26.35,39.51,44.24,53.95,9.63,75.15,5,2,72.79,57.04,C,0
STU1477,Male,Government,High School,5.67,98.12,48.98,73.28,60.52,4.5,33.34,5,0,16.22,76.2,B,0
STU1478,Female,Private,High School,7.54,75.95,63.88,61.12,58.95,7.04,94.18,4,1,36.21,80.76,B,0
STU1479,Female,Government,High School,8.26,90.09,42.55,44.21,21.63,9.17,0.0,7,3,43.91,60.07,C,0
STU1480,Female,Government,Graduate,6.09,39.55,56.84,100.0,47.32,3.71,85.85,5,1,50.41,77.57,B,0
STU1481,Male,Private,High School,5.99,90.4,27.72,70.58,90.56,3.44,88.36,3,4,36.68,69.62,C,0
STU1482,Male,Government,Post Graduate,7.25,100.0,70.62,59.24,40.49,12.64,54.19,5,4,76.17,78.69,B,0
STU1483,Female,Semi-Government,High School,4.46,44.22,93.3,87.47,48.0,9.94,96.82,10,2,76.56,84.23,B,0
STU1484,Male,Semi-Government,Graduate,6.83,81.89,100.0,95.15,43.08,9.16,63.42,2,1,40.63,88.81,A,0
STU1485,Male,Private,High School,7.33,68.02,59.82,59.38,53.09,9.15,66.56,1,2,31.99,77.22,B,0
STU1486,Male,Private,Graduate,7.52,40.2,73.76,68.25,42.17,7.84,73.49,3,0,29.99,97.61,A,0
STU1487,Male,Semi-Government,Graduate,3.59,76.87,22.39,44.22,65.71,14.07,100.0,5,1,70.86,78.43,B,0
STU1488,Male,Government,Graduate,5.36,83.0,88.05,59.35,59.34,6.18,98.61,5,1,28.37,82.91,B,0
STU1489,Male,Government,Graduate,5.18,57.18,73.52,58.42,72.02,8.31,82.53,3,0,8.47,68.34,C,0
STU1490,Male,Government,Graduate,6.65,88.99,48.32,65.33,31.88,0.2,42.18,5,0,12.2,76.08,B,0
STU1491,Male,Private,Post Graduate,7.22,38.0,82.74,67.99,47.51,2.7,68.59,4,1,61.67,100.0,A,0
STU1492,Male,Government,Graduate,8.75,41.09,52.91,72.08,50.03,1.2,44.67,6,3,10.87,93.42,A,0
STU1493,Male,Private,Graduate,5.76,70.46,48.84,66.28,65.02,11.1,85.55,3,3,35.03,66.31,C,0
STU1494,Female,Semi-Government,High School,5.75,68.46,67.51,40.21,37.55,0.0,68.51,2,1,47.55,60.2,C,0
STU1495,Female,Semi-Government,High School,8.22,55.1,36.73,45.11,75.14,4.39,36.89,5,2,2.95,70.39,B,0
STU1496,Male,Private,High School,6.94,82.57,78.43,52.16,81.1,0.0,67.03,4,0,49.56,73.08,B,0
STU1497,Female,Government,Graduate,8.4,77.56,36.88,56.92,33.24,2.67,43.76,2,0,36.89,81.33,B,0
STU1498,Female,Semi-Government,High School,6.93,83.45,37.0,80.91,44.2,4.04,68.78,8,1,0.0,89.58,A,0
STU1499,Male,Private,High School,4.76,65.78,39.81,41.07,43.3,11.54,43.52,4,2,49.88,78.07,B,0
STU1500,Male,Government,Post Graduate,4.5,78.85,73.19,55.57,100.0,7.59,65.69,2,0,54.9,86.26,A,0
