student_id,student_name,gender,school_type,grade_name,branch,parent_education,commute_time,prior_gpa,attendance_pct,quiz_avg,assignment_avg,midterm_score,study_hours_per_week,on_time_submission_pct,lms_logins_per_week,forum_posts,engagement_score,arts_score,english_score,math_score,phys_ed_score,science_score,average_marks,final_score,gpa,grade_band,exam_status,at_risk
STU0001,Mack,Female,Semi-Government,Grade 4,English,Graduate,68.76,6.92,88.17,48.38,54.55,45.43,2.3,3.3,3,2,2.47,63.01,46.05,50.2,62.33,44.58,51.82,68.54,2,C,Pass,1
STU0002,Michal,Male,Semi-Government,Grade 2,Science,Graduate,34.77,5.38,59.55,78.98,92.46,49.9,7.5,37.36,4,4,5.4,73.19,40.29,70.16,61.31,70.57,67.11,81.96,3,B,Fail,1
STU0003,Vivaan,Female,Semi-Government,Grade 2,Science,Graduate,72.49,7.37,86.2,77.89,77.59,53.44,3.51,29.8,2,4,3.1,76.59,77.14,86.92,65.06,100.0,76.83,73.17,4,B,Pass,0
STU0004,Damon,Female,Government,Grade 4,Phys.Ed,High School,60.2,9.19,81.29,65.95,45.49,26.79,6.76,69.26,4,1,4.35,76.44,63.06,46.07,56.68,74.59,56.88,77.86,3,B,Pass,1
STU0005,Kabir,Female,Government,Grade 2,Math's,High School,49.36,4.38,65.27,53.15,49.56,54.45,7.62,100.0,5,1,5.05,62.9,100.0,56.54,64.62,62.44,62.96,57.25,3,C,Not Attended,0
STU0006,Aarav,Female,Government,Grade 2,Science,High School,66.84,8.61,94.28,42.39,65.38,47.14,9.69,100.0,0,1,4.13,46.07,72.63,43.45,79.6,50.47,55.89,82.37,3,B,Fail,1
STU0007,Meera,Female,Government,Grade 5,Arts,Graduate,56.79,3.93,73.9,80.01,66.74,44.77,2.61,85.59,11,2,5.39,61.93,60.63,51.67,47.65,76.88,61.29,77.3,3,B,Pass,1
STU0008,Noah,Female,Private,Grade 2,Science,Graduate,57.59,7.87,71.52,21.27,48.75,88.02,10.69,57.05,3,2,5.83,66.91,73.09,57.7,65.1,96.9,64.72,92.42,3,A,Not Attended,1
STU0009,Mason,Male,Government,Grade 2,Math's,High School,16.43,6.82,52.07,63.46,70.94,38.56,6.61,67.4,9,3,6.54,76.31,75.12,54.33,70.11,50.63,62.43,75.39,3,B,Fail,1
STU0010,Riya,Male,Private,Grade 2,English,Graduate,57.97,5.88,81.53,20.17,71.67,46.09,9.11,64.86,4,0,5.04,60.39,59.19,88.67,55.79,51.28,56.66,63.44,3,C,Pass,1
STU0011,Cal,Female,Private,Grade 2,English,High School,50.72,6.02,68.73,65.42,100.0,40.67,13.69,37.59,2,0,6.18,72.49,74.4,51.34,35.87,56.28,62.06,79.69,3,B,Fail,1
STU0012,Michal,Female,Government,Grade 5,Arts,High School,90.22,9.4,78.62,71.36,66.67,83.79,8.13,83.98,6,1,5.6,55.72,64.44,32.21,74.4,44.51,61.64,100.0,3,A,Pass,0
STU0013,Meera,Female,Government,Grade 5,English,Graduate,60.26,7.85,76.92,76.26,75.33,39.76,3.76,83.94,7,2,4.45,62.18,79.03,50.58,72.39,59.17,64.34,91.15,3,A,Pass,1
STU0014,Cal,Male,Government,Grade 5,Phys.Ed,High School,61.68,9.37,89.04,24.16,55.96,84.51,1.21,84.5,3,3,2.28,71.21,85.01,52.2,63.45,71.95,63.56,92.79,3,A,Pass,1
STU0015,Zen,Female,Semi-Government,Grade 3,Phys.Ed,High School,23.01,6.93,69.0,25.13,83.25,54.39,13.44,100.0,3,3,7.18,70.32,76.26,40.12,70.14,54.21,59.23,62.87,3,C,Pass,1
STU0016,Jack,Female,Private,Grade 5,Science,Graduate,68.98,6.84,72.2,61.95,50.09,58.54,7.99,100.0,4,3,5.35,40.21,76.98,57.16,44.74,79.52,58.65,64.83,3,C,Pass,0
STU0017,Cal,Female,Semi-Government,Grade 4,Arts,Graduate,70.93,9.09,48.12,47.07,56.74,95.06,0.0,69.41,5,4,2.75,67.14,92.76,65.75,63.32,88.54,72.05,89.52,4,A,Not Attended,1
STU0018,Lucas,Male,Government,Grade 2,Science,High School,96.18,4.45,80.57,81.21,91.74,39.79,4.78,71.82,7,0,4.36,71.68,85.16,42.63,69.23,79.93,70.17,58.32,4,C,Pass,1
STU0019,Kabir,Male,Semi-Government,Grade 4,Phys.Ed,High School,32.97,6.83,41.86,79.37,75.62,84.67,5.42,69.07,3,3,3.97,48.38,73.85,46.46,81.08,63.7,69.14,93.77,3,A,Not Attended,1
STU0020,Sara,Female,Government,Grade 3,English,Graduate,50.35,6.34,55.44,48.93,42.44,100.0,6.14,49.21,3,2,4.01,53.79,48.81,100.0,57.27,52.98,63.03,57.42,3,C,Not Attended,1
STU0021,Ava,Male,Government,Grade 5,Math's,Graduate,43.81,5.04,73.27,90.48,19.78,40.17,2.38,61.51,3,5,3.25,97.61,80.2,52.07,79.98,56.79,64.64,57.68,3,C,Pass,1
STU0022,Diya,Female,Private,Grade 5,Science,High School,56.29,5.57,51.86,83.78,63.26,61.83,9.63,65.79,7,2,6.8,89.7,69.72,56.16,62.66,75.23,70.29,78.14,4,B,Pass,1
STU0023,Tyler,Male,Government,Grade 4,English,Graduate,19.18,5.6,84.16,82.13,77.89,42.09,15.74,23.51,6,0,8.4,69.32,88.12,57.84,62.36,53.49,66.66,85.78,3,A,Pass,1
STU0024,Isha,Male,Semi-Government,Grade 4,Phys.Ed,Graduate,100.21,7.73,44.68,49.98,98.33,70.16,7.18,82.99,5,1,4.87,33.99,55.29,76.49,74.08,90.29,68.58,84.51,3,B,Fail,1
STU0025,Sara,Female,Private,Grade 5,Arts,Graduate,20.53,6.61,64.36,69.58,70.01,80.83,3.96,59.52,4,3,3.73,46.12,58.82,63.07,71.03,48.75,63.53,64.28,3,C,Fail,0
STU0026,Olivia,Female,Private,Grade 4,Phys.Ed,Graduate,35.27,5.19,75.27,47.95,87.43,44.2,4.02,76.05,3,2,3.16,69.13,84.46,56.22,49.63,38.11,59.64,48.26,3,D,Fail,1
STU0027,Emma,Male,Private,Grade 2,Phys.Ed,High School,40.89,7.71,69.48,81.61,30.79,35.62,8.07,46.82,4,2,5.13,100.0,50.5,84.99,29.09,29.75,55.29,64.64,3,C,Pass,1
STU0028,Michal,Male,Government,Grade 5,English,High School,45.75,7.75,50.78,52.76,62.75,68.68,2.91,63.86,3,0,2.21,54.13,72.85,38.0,69.56,59.15,59.74,73.69,3,B,Not Attended,1
STU0029,Vivaan,Female,Semi-Government,Grade 5,Science,High School,68.96,3.96,57.59,64.62,51.11,73.15,7.87,98.82,5,3,5.65,56.5,72.61,63.0,49.29,62.68,61.62,72.49,3,B,Pass,1
STU0030,Ethan,Male,Private,Grade 5,Arts,Graduate,62.94,5.57,65.31,34.23,65.81,22.15,8.21,100.0,2,1,4.23,65.84,79.76,89.98,73.17,33.55,58.06,52.83,3,D,Pass,1
STU0031,Shawn,Female,Semi-Government,Grade 1,Math's,High School,110.81,5.58,49.49,41.54,39.67,36.53,10.21,43.21,4,2,5.98,100.0,64.66,80.69,52.56,62.44,59.76,70.89,3,B,Fail,1
STU0032,Damon,Male,Government,Grade 5,Phys.Ed,Graduate,62.23,6.04,61.46,73.27,82.18,38.89,6.18,96.83,6,1,4.82,43.24,100.0,46.81,56.66,49.89,61.37,82.33,3,B,Pass,1
STU0033,Kabir,Male,Private,Grade 1,Math's,Graduate,33.03,7.91,63.74,61.92,55.68,48.44,4.76,71.33,2,2,3.1,77.48,45.2,64.81,71.68,64.32,61.19,86.13,3,A,Fail,0
STU0034,Tyler,Male,Semi-Government,Grade 5,Science,High School,0.0,6.46,63.12,27.89,74.22,40.27,5.2,72.89,1,2,2.93,72.01,88.6,68.28,58.0,47.74,59.63,66.58,3,C,Fail,1
STU0035,Zen,Male,Government,Grade 5,Math's,Graduate,42.4,6.35,72.87,82.76,58.03,71.6,3.99,56.02,7,1,4.3,64.54,65.96,58.43,72.34,85.05,69.84,86.15,3,A,Pass,0
STU0036,Michal,Female,Semi-Government,Grade 3,Math's,Graduate,21.23,7.32,89.34,42.99,65.89,19.53,0.97,87.22,2,1,1.34,61.75,82.64,100.0,54.63,55.17,60.32,78.58,3,B,Pass,1
STU0037,Kabir,Male,Government,Grade 5,Phys.Ed,Post Graduate,48.67,7.73,80.12,81.33,85.05,88.41,8.59,61.99,5,0,5.19,74.27,45.15,60.44,62.08,75.05,71.47,85.87,4,A,Pass,0
STU0038,Tyler,Female,Government,Grade 4,English,Graduate,49.37,8.31,48.94,63.51,71.35,53.9,4.38,57.29,3,4,3.8,85.48,65.08,50.01,83.57,39.83,64.09,62.86,3,C,Pass,1
STU0039,Aarav,Male,Private,Grade 1,Phys.Ed,High School,27.7,4.58,85.96,73.0,62.21,98.63,1.72,29.39,4,0,2.09,43.23,86.21,58.52,74.41,68.48,70.59,78.88,4,B,Pass,1
STU0040,Ava,Female,Private,Grade 1,Science,Graduate,20.12,6.26,50.54,31.48,74.91,25.29,7.27,76.67,4,2,4.81,80.23,76.39,76.92,71.15,57.83,61.77,66.52,3,C,Fail,1
STU0041,Aditya,Female,Government,Grade 5,Arts,Graduate,18.43,5.19,72.6,54.62,62.45,54.06,3.07,70.69,4,2,3.13,89.18,71.01,67.08,69.18,53.73,65.16,77.86,3,B,Pass,0
STU0042,Mack,Male,Semi-Government,Grade 5,English,Graduate,99.09,5.63,71.61,55.56,42.14,72.31,12.27,58.84,6,1,7.26,42.33,82.78,51.19,98.13,60.19,63.08,66.91,3,C,Pass,0
STU0043,Riya,Male,Government,Grade 2,Science,Graduate,89.52,7.9,85.97,22.71,47.77,23.64,14.01,63.47,6,3,8.45,69.41,69.65,50.09,52.94,62.59,49.85,81.21,2,B,Pass,1
STU0044,Aditya,Male,Private,Grade 3,English,Graduate,31.18,6.9,60.58,42.52,34.73,95.77,12.15,32.25,4,1,6.51,94.85,48.36,36.66,42.85,36.81,54.07,87.32,2,A,Pass,1
STU0045,Liam,Male,Private,Grade 5,Phys.Ed,High School,85.4,5.73,72.71,35.25,75.33,62.2,2.42,44.85,2,3,2.42,30.18,70.1,40.82,62.1,64.02,55.0,67.17,3,C,Pass,1
STU0046,Isha,Male,Private,Grade 2,English,High School,38.51,6.35,71.57,73.37,54.7,66.21,8.03,70.76,7,4,6.66,58.07,58.89,65.44,51.58,77.42,63.21,80.83,3,B,Fail,0
STU0047,Aarav,Male,Semi-Government,Grade 2,Arts,High School,101.15,8.16,48.61,83.43,100.0,77.25,0.0,91.53,1,1,0.6,81.04,75.77,100.0,61.4,36.91,76.97,90.45,4,A,Fail,1
STU0048,Emma,Female,Private,Grade 5,Math's,Graduate,20.39,6.12,78.27,56.22,73.96,57.26,2.2,45.11,5,1,2.88,59.99,63.77,42.55,67.61,92.55,64.24,75.65,3,B,Pass,1
STU0049,Damon,Male,Government,Grade 3,Arts,Post Graduate,56.94,7.22,35.57,64.95,100.0,87.16,7.69,40.57,5,5,6.08,44.87,62.5,69.05,56.67,100.0,73.15,72.57,4,B,Pass,1
STU0050,Zen,Male,Government,Grade 4,Arts,High School,0.0,8.69,45.04,66.29,63.96,67.12,2.91,31.55,4,2,3.06,45.49,56.04,49.44,58.63,50.86,57.23,82.47,3,B,Not Attended,1
STU0051,Kabir,Female,Private,Grade 4,Phys.Ed,Post Graduate,27.98,4.74,52.26,73.9,99.04,52.27,12.91,68.31,4,0,6.56,85.75,61.71,83.65,46.43,54.46,69.65,67.52,3,C,Pass,1
STU0052,Zen,Female,Semi-Government,Grade 5,Science,Graduate,34.8,6.15,65.66,68.5,70.04,61.42,15.86,59.02,3,2,7.89,68.74,58.57,90.41,83.72,63.42,70.6,63.21,4,C,Pass,0
STU0053,Robert,Female,Private,Grade 4,Math's,Graduate,44.77,5.5,87.87,56.5,50.4,69.8,2.41,66.68,6,1,3.31,24.11,66.9,53.31,49.09,71.12,55.15,72.8,3,B,Pass,1
STU0054,Sophia,Male,Private,Grade 1,Science,High School,7.99,6.57,68.31,33.75,35.87,28.71,7.11,64.1,4,0,4.24,51.36,77.96,69.87,49.93,87.34,54.35,73.52,2,B,Pass,1
STU0055,Zen,Male,Government,Grade 4,English,High School,0.0,4.45,68.4,36.6,31.56,69.91,9.04,52.16,1,1,4.22,39.82,68.57,59.72,67.95,64.91,54.88,54.09,2,D,Pass,1
STU0056,Mason,Female,Government,Grade 2,Phys.Ed,Graduate,26.73,7.6,52.19,68.86,85.71,51.24,10.1,72.99,3,4,6.09,47.77,35.73,66.6,57.92,79.17,61.62,85.37,3,A,Pass,1
STU0057,Olivia,Male,Private,Grade 1,Math's,High School,74.86,8.14,81.21,11.32,67.34,63.19,5.93,51.34,3,1,3.67,76.23,66.49,47.7,69.51,59.62,57.67,73.55,3,B,Fail,1
STU0058,Aarav,Female,Semi-Government,Grade 1,Math's,High School,24.02,6.59,76.3,90.57,73.14,69.84,10.29,57.24,4,3,6.27,65.16,63.7,35.87,71.96,67.87,67.26,91.73,3,A,Pass,0
STU0059,Cal,Male,Government,Grade 3,Phys.Ed,Graduate,27.94,6.28,66.17,43.43,80.37,96.06,7.2,73.74,3,2,4.43,71.9,86.09,62.93,50.72,60.14,68.96,92.36,3,A,Pass,1
STU0060,Diya,Female,Semi-Government,Grade 5,Phys.Ed,Graduate,56.12,6.19,58.39,48.39,74.59,94.74,7.58,37.3,3,1,4.33,50.23,75.08,57.82,66.03,48.8,64.46,74.91,3,B,Pass,1
STU0061,Vivaan,Male,Semi-Government,Grade 3,Phys.Ed,High School,38.6,5.48,82.75,67.88,48.25,48.84,1.28,89.53,3,1,1.81,99.69,61.26,54.49,61.79,80.44,65.33,57.88,3,C,Pass,1
STU0062,Vivaan,Male,Private,Grade 2,Phys.Ed,Post Graduate,10.86,2.34,84.81,51.36,48.05,39.45,5.46,77.52,7,2,5.13,90.27,87.61,51.2,47.56,65.25,60.09,42.62,3,D,Pass,1
STU0063,Isha,Male,Government,Grade 5,Science,High School,48.65,4.4,27.1,73.88,62.15,78.0,11.71,68.4,0,0,4.68,55.04,61.15,73.11,58.91,57.9,65.02,69.98,3,C,Pass,1
STU0064,Damon,Female,Government,Grade 2,English,High School,67.1,7.87,59.15,89.85,59.12,57.53,3.01,7.82,2,4,2.9,38.56,58.59,74.3,45.95,67.7,61.45,66.3,3,C,Fail,1
STU0065,Anaya,Male,Private,Grade 1,English,High School,10.08,5.59,98.07,65.28,53.37,66.24,6.14,54.19,6,1,4.81,58.99,64.02,57.78,74.43,49.52,61.2,85.89,3,A,Pass,0
STU0066,Robert,Female,Government,Grade 5,Arts,Post Graduate,38.69,5.53,59.21,50.35,46.84,60.7,12.5,73.75,6,0,7.1,75.25,64.91,56.75,99.32,67.78,65.24,66.13,3,C,Not Attended,1
STU0067,Ethan,Male,Private,Grade 2,English,Post Graduate,71.58,6.11,60.33,43.78,80.82,81.09,0.48,0.0,5,2,2.44,82.34,54.88,50.09,72.33,49.25,64.32,78.24,3,B,Not Attended,1
STU0068,Sophia,Male,Government,Grade 2,Phys.Ed,Graduate,36.17,6.22,87.77,83.75,100.0,70.75,7.3,70.67,5,3,5.42,81.45,65.68,42.01,54.94,76.45,71.88,96.66,4,A,Pass,0
STU0069,Isha,Male,Government,Grade 3,English,High School,52.43,4.79,100.0,91.65,73.24,67.45,7.53,54.26,1,1,3.61,75.02,60.71,49.29,46.45,86.33,68.77,76.02,3,B,Fail,0
STU0070,Liam,Male,Semi-Government,Grade 5,Math's,High School,72.51,6.91,82.41,40.67,66.7,20.49,0.0,69.38,3,0,1.05,66.98,68.67,72.77,55.77,71.21,57.91,61.65,3,C,Pass,1
STU0071,Cal,Female,Government,Grade 5,Math's,Post Graduate,39.53,7.35,100.0,44.47,100.0,49.63,4.87,63.12,2,1,2.9,73.18,53.6,48.2,62.79,43.83,59.46,73.19,3,B,Not Attended,1
STU0072,Aarav,Female,Government,Grade 1,Math's,Graduate,42.89,7.78,61.05,97.21,79.47,40.22,3.14,100.0,1,1,1.86,54.23,69.37,58.64,71.51,56.78,65.93,78.32,3,B,Pass,1
STU0073,Riya,Female,Semi-Government,Grade 5,Math's,High School,58.79,6.61,46.37,55.08,48.82,100.0,5.3,68.96,3,1,3.42,52.82,65.48,52.27,52.69,40.5,58.46,76.85,3,B,Fail,1
STU0074,Sophia,Female,Government,Grade 1,Arts,Graduate,61.78,6.04,59.97,66.38,88.13,16.75,6.46,62.16,2,3,4.03,56.01,56.86,35.2,38.7,76.3,54.29,67.6,2,C,Not Attended,1
STU0075,Olivia,Male,Government,Grade 5,English,Graduate,51.69,7.53,78.71,52.46,74.36,81.68,8.37,49.91,6,4,6.45,57.48,61.56,83.97,70.14,83.51,70.65,88.94,4,A,Not Attended,0
STU0076,Shawn,Male,Private,Grade 3,Science,Graduate,28.81,7.7,68.87,48.6,75.13,87.39,5.44,61.95,3,2,3.73,48.07,35.81,86.93,66.49,61.75,63.77,83.68,3,B,Pass,0
STU0077,Shawn,Female,Government,Grade 1,Arts,Graduate,27.16,5.05,65.12,60.99,61.1,26.92,10.85,62.39,4,3,6.49,54.89,65.8,69.83,61.08,56.02,57.08,66.19,3,C,Pass,1
STU0078,Kabir,Female,Government,Grade 1,Science,High School,56.19,7.34,67.27,73.94,57.99,83.81,7.48,63.42,3,4,5.04,46.05,53.77,37.29,50.62,63.98,58.43,90.29,3,A,Pass,0
STU0079,Aditya,Male,Government,Grade 4,Math's,High School,37.82,7.45,61.53,41.96,83.09,81.44,3.46,100.0,4,2,3.28,53.82,65.31,65.88,80.55,65.58,67.2,82.33,3,B,Pass,1
STU0080,Diya,Female,Semi-Government,Grade 4,Phys.Ed,Post Graduate,79.36,8.19,71.18,24.54,86.71,38.07,3.38,51.7,8,2,4.65,59.08,81.87,70.68,25.72,73.49,57.52,76.18,3,B,Pass,1
STU0081,Riya,Male,Government,Grade 4,Science,Post Graduate,62.89,8.22,63.5,42.11,51.69,46.22,9.43,78.36,7,1,6.47,37.4,43.14,56.56,54.42,64.71,49.53,77.12,2,B,Fail,1
STU0082,Shawn,Male,Semi-Government,Grade 2,Arts,Graduate,25.91,8.68,72.05,56.42,65.49,54.45,3.16,42.05,6,3,4.11,82.41,47.68,5.65,63.21,91.81,58.39,92.42,3,A,Pass,0
STU0083,Ethan,Female,Private,Grade 2,Phys.Ed,High School,48.81,7.09,63.86,59.49,32.16,42.72,4.36,53.42,2,1,2.69,76.33,51.54,44.55,74.51,58.63,54.99,59.96,2,C,Pass,1
STU0084,Kabir,Female,Government,Grade 5,Science,Graduate,67.59,3.68,52.97,63.7,72.29,74.24,6.44,77.08,3,1,3.88,67.97,68.21,56.66,40.11,62.94,63.26,60.11,3,C,Fail,1
STU0085,Cal,Male,Private,Grade 3,Phys.Ed,High School,77.67,6.83,50.78,92.43,52.81,78.54,4.7,86.1,3,1,3.18,64.07,61.24,100.0,49.09,79.03,72.15,86.05,4,A,Not Attended,1
STU0086,Isha,Female,Government,Grade 2,English,Graduate,43.96,6.17,29.78,75.58,20.62,56.3,6.06,78.91,7,0,4.87,72.09,74.29,53.63,54.12,64.63,58.91,79.25,3,B,Pass,1
STU0087,Meera,Female,Government,Grade 4,Phys.Ed,High School,3.92,6.76,75.9,55.54,90.82,22.78,2.69,63.52,5,3,3.58,43.1,57.37,53.25,57.19,83.51,57.94,79.49,3,B,Pass,1
STU0088,Emma,Male,Semi-Government,Grade 3,Phys.Ed,Graduate,35.42,8.18,80.28,56.97,71.5,64.62,12.98,69.98,4,1,6.84,51.52,83.53,71.78,63.22,67.51,66.33,100.0,3,A,Pass,0
STU0089,Meera,Male,Government,Grade 2,Math's,High School,24.53,5.24,78.45,60.2,67.33,93.56,1.61,72.86,5,2,2.89,70.03,76.63,84.5,49.06,71.42,71.59,78.21,4,B,Not Attended,1
STU0090,Hudson,Male,Semi-Government,Grade 2,Arts,Graduate,0.0,8.73,68.47,66.12,82.98,68.2,8.19,87.47,3,2,4.83,53.64,45.6,100.0,43.44,99.11,69.89,93.38,3,A,Pass,0
STU0091,Meera,Male,Government,Grade 2,Arts,High School,21.15,5.47,84.65,20.6,80.07,31.35,8.92,66.34,1,0,3.92,65.21,63.35,32.28,84.8,71.79,56.18,86.71,3,A,Pass,1
STU0092,Lucas,Male,Government,Grade 5,Science,Post Graduate,19.34,8.62,65.51,52.78,1.51,67.0,0.7,52.78,2,0,0.98,62.17,75.93,82.78,56.57,55.34,56.76,77.3,3,B,Pass,1
STU0093,Vivaan,Female,Private,Grade 5,Science,High School,26.27,5.64,45.33,73.8,17.95,41.91,1.91,41.28,0,3,1.51,71.99,72.48,28.94,52.87,82.11,55.26,48.43,3,D,Not Attended,1
STU0094,Ava,Male,Government,Grade 5,Science,Post Graduate,10.12,4.74,74.27,34.2,31.61,60.93,0.0,84.61,4,3,2.15,61.27,72.28,53.61,56.46,56.32,53.34,67.65,2,C,Pass,1
STU0095,Cal,Male,Government,Grade 5,Science,High School,35.32,7.16,84.46,69.16,94.14,57.88,8.67,39.8,3,1,4.77,39.23,61.0,76.03,67.9,71.01,67.04,86.98,3,A,Pass,0
STU0096,Jack,Male,Private,Grade 2,Math's,Post Graduate,45.07,6.78,75.68,81.08,90.88,79.28,3.76,47.23,6,1,3.85,43.6,59.91,72.17,59.35,79.15,70.68,86.74,4,A,Pass,0
STU0097,Vivaan,Male,Government,Grade 2,Science,High School,78.39,6.75,71.35,74.02,79.39,63.8,4.56,77.36,4,2,3.72,67.82,66.54,35.92,63.87,41.45,61.6,85.39,3,A,Pass,0
STU0098,Mack,Male,Private,Grade 5,English,Graduate,24.68,7.92,51.42,61.75,71.13,56.17,6.74,70.74,3,3,4.5,38.38,78.96,71.8,42.56,59.56,60.04,84.7,3,B,Fail,1
STU0099,Shawn,Female,Private,Grade 1,Phys.Ed,High School,97.64,6.6,83.56,75.16,90.26,39.71,8.79,65.4,3,4,5.57,91.48,73.56,42.76,68.8,79.95,70.21,85.59,4,A,Pass,1
STU0100,Mason,Male,Government,Grade 1,Math's,High School,50.17,9.06,67.19,92.3,81.95,66.97,7.81,32.39,4,3,5.27,50.21,46.67,65.47,69.66,59.31,66.57,100.0,3,A,Pass,0
STU0101,Emma,Male,Private,Grade 3,Phys.Ed,High School,12.15,7.07,64.33,60.05,15.37,68.24,11.37,75.52,2,1,5.5,73.06,63.78,60.76,48.95,76.7,58.36,83.61,3,B,Pass,0
STU0102,Lucas,Male,Semi-Government,Grade 5,Math's,High School,38.63,10.0,91.91,32.98,40.2,68.6,8.19,79.17,6,2,5.88,67.51,61.61,76.59,66.79,69.72,60.5,94.75,3,A,Pass,1
STU0103,Riya,Male,Government,Grade 2,Phys.Ed,Graduate,13.54,5.87,67.28,79.52,80.53,30.59,6.22,48.97,2,2,3.69,41.34,58.09,78.38,86.06,37.62,61.52,58.35,3,C,Pass,1
STU0104,Damon,Female,Private,Grade 4,Math's,High School,54.95,9.85,94.15,59.16,98.77,55.76,8.9,66.24,7,3,6.76,71.53,71.0,76.48,73.88,59.4,70.75,100.0,4,A,Fail,0
STU0105,Cal,Male,Government,Grade 4,Science,High School,68.52,7.0,67.24,58.2,82.42,53.94,3.21,59.38,4,2,3.18,45.83,56.36,37.42,43.35,60.01,54.69,71.96,2,B,Pass,0
STU0106,Mason,Male,Private,Grade 1,Math's,Graduate,0.0,6.97,76.89,88.92,39.0,60.29,3.68,100.0,4,2,3.37,43.53,84.3,40.21,56.78,73.23,60.78,71.59,3,B,Pass,0
STU0107,Diya,Female,Semi-Government,Grade 5,Phys.Ed,Graduate,9.86,9.21,68.51,43.05,52.26,34.03,2.86,57.11,3,4,3.19,75.9,50.62,61.77,60.37,40.25,52.28,85.2,2,A,Pass,1
STU0108,Aditya,Male,Private,Grade 4,English,High School,43.34,8.07,80.59,74.25,77.67,37.11,11.74,54.96,1,2,5.55,63.43,62.31,72.22,57.38,57.73,62.76,91.76,3,A,Fail,1
STU0109,Hudson,Male,Semi-Government,Grade 2,Science,Graduate,80.78,7.64,81.8,39.67,59.61,57.14,5.46,74.01,3,3,3.98,67.8,81.27,96.22,73.28,66.99,67.75,85.11,3,A,Pass,1
STU0110,Sara,Male,Private,Grade 5,Math's,High School,100.5,8.98,100.0,53.71,81.25,88.58,0.0,53.7,8,1,3.05,65.03,75.13,62.83,55.16,88.73,71.3,95.19,4,A,Pass,1
STU0111,Jack,Male,Government,Grade 4,Arts,High School,58.95,6.0,77.48,91.08,79.37,67.13,7.85,67.04,3,3,4.94,55.01,63.89,58.67,55.58,66.12,67.11,79.45,3,B,Fail,0
STU0112,Noah,Female,Private,Grade 5,Math's,High School,32.88,5.16,87.94,65.77,65.35,84.23,5.52,61.62,5,1,4.21,52.11,56.13,28.86,58.23,35.76,55.81,75.85,3,B,Pass,0
STU0113,Ava,Female,Government,Grade 1,Phys.Ed,High School,41.25,8.55,53.78,52.41,69.98,77.39,4.48,19.97,4,1,3.44,60.57,41.13,58.55,51.0,77.65,61.08,77.08,3,B,Pass,1
STU0114,Vivaan,Female,Private,Grade 4,Math's,Graduate,59.67,6.76,55.37,60.33,57.66,100.0,4.43,100.0,3,3,3.57,87.94,67.04,79.76,61.46,69.3,72.94,83.46,4,B,Not Attended,1
STU0115,Sophia,Female,Government,Grade 5,Science,High School,56.13,5.14,60.56,68.84,56.25,66.37,5.24,67.62,3,0,3.15,79.7,68.72,50.44,66.81,45.36,62.81,75.33,3,B,Pass,0
STU0116,Diya,Female,Government,Grade 1,English,High School,22.26,7.3,91.66,47.25,72.25,12.09,3.66,65.25,2,1,2.41,60.96,78.46,88.64,58.53,62.28,60.06,60.85,3,C,Pass,1
STU0117,Liam,Female,Semi-Government,Grade 3,English,Graduate,45.05,5.6,54.24,100.0,67.99,58.47,9.55,50.38,2,1,4.77,61.32,60.06,49.74,64.95,38.73,62.66,84.22,3,B,Pass,1
STU0118,Jack,Male,Semi-Government,Grade 5,Math's,High School,84.12,4.77,81.69,82.55,67.21,26.44,1.77,55.63,2,1,1.66,80.13,89.84,40.28,67.55,76.98,66.37,50.94,3,D,Pass,1
STU0119,Mason,Female,Government,Grade 2,Science,Post Graduate,33.34,7.81,95.56,47.92,59.87,21.93,4.43,89.92,4,0,3.17,66.86,49.93,61.53,25.11,60.01,49.15,62.49,2,C,Pass,1
STU0120,Diya,Female,Private,Grade 5,Science,Graduate,27.32,6.21,95.66,52.1,74.36,74.0,7.77,96.51,2,5,5.06,61.15,47.77,66.27,52.21,75.41,62.91,97.18,3,A,Pass,0
STU0121,Diya,Male,Government,Grade 2,Phys.Ed,High School,47.27,5.13,75.02,61.34,83.38,41.69,12.64,81.95,2,0,5.76,58.87,57.03,63.14,50.96,68.16,60.57,73.73,3,B,Pass,1
STU0122,Hudson,Female,Private,Grade 2,English,Post Graduate,34.5,7.52,84.65,28.65,70.81,88.1,4.57,52.21,1,1,2.43,62.45,68.76,67.49,51.42,67.37,63.13,84.55,3,B,Pass,1
STU0123,Tyler,Male,Private,Grade 1,English,High School,17.97,6.92,67.35,73.94,59.7,29.63,7.07,71.51,4,1,4.48,89.55,45.96,56.84,65.9,75.24,62.09,65.62,3,C,Pass,1
STU0124,Michal,Male,Semi-Government,Grade 2,Phys.Ed,Graduate,73.6,6.9,57.49,63.6,72.77,53.24,3.48,13.55,5,2,3.64,53.67,68.86,38.36,56.25,68.08,59.35,68.49,3,C,Pass,1
STU0125,Sophia,Female,Government,Grade 4,Math's,Post Graduate,30.0,5.18,54.16,14.88,52.06,32.71,2.06,59.48,2,3,2.27,65.81,60.79,8.82,61.25,67.89,45.53,38.73,2,F,Pass,1
STU0126,Damon,Female,Government,Grade 4,English,Post Graduate,59.5,6.36,78.71,42.72,87.03,80.92,8.33,62.89,3,3,5.13,42.6,74.01,68.11,38.56,44.41,59.8,80.61,3,B,Pass,1
STU0127,Noah,Male,Private,Grade 1,English,Post Graduate,51.84,8.12,62.94,48.42,59.95,72.0,3.96,63.14,3,2,3.13,51.63,80.63,74.82,48.4,78.33,64.27,64.28,3,C,Pass,0
STU0128,Diya,Male,Private,Grade 5,Phys.Ed,Graduate,29.75,8.32,67.7,48.18,75.79,71.98,3.81,18.35,2,1,2.47,18.4,60.75,41.31,41.42,43.2,50.13,81.41,2,B,Pass,0
STU0129,Zen,Male,Semi-Government,Grade 5,Phys.Ed,Graduate,63.62,5.02,68.1,67.73,57.02,18.93,9.71,51.04,4,0,5.28,74.94,70.77,52.11,65.26,47.74,56.81,63.09,3,C,Pass,1
STU0130,Aarav,Female,Private,Grade 1,Phys.Ed,High School,0.0,7.84,100.0,51.81,76.82,100.0,3.53,29.16,6,2,4.01,47.72,56.52,46.09,70.96,77.41,65.92,96.29,3,A,Pass,0
STU0131,Damon,Male,Private,Grade 5,Phys.Ed,Graduate,60.23,7.53,71.11,83.21,41.16,30.45,9.06,38.04,2,2,4.82,47.0,62.68,61.42,57.36,69.93,56.65,76.46,3,B,Pass,1
STU0132,Shawn,Male,Private,Grade 3,English,Graduate,25.05,6.83,73.23,92.44,99.12,40.99,6.0,70.71,3,2,3.95,71.05,70.17,71.5,73.7,68.88,73.48,88.11,4,A,Pass,1
STU0133,Sophia,Male,Government,Grade 2,Math's,Post Graduate,35.55,6.14,72.74,41.91,85.11,72.64,13.76,44.92,4,3,7.65,42.54,55.39,60.45,57.39,72.73,61.02,100.0,3,A,Pass,1
STU0134,Anaya,Male,Government,Grade 3,Arts,Graduate,38.56,5.85,33.47,44.09,60.69,14.82,4.42,18.3,7,2,4.72,63.77,63.6,80.24,69.76,61.71,57.34,38.55,3,F,Not Attended,1
STU0135,Emma,Male,Government,Grade 4,Math's,Graduate,13.24,10.0,61.72,42.93,65.54,83.97,15.11,81.78,2,2,7.24,74.54,69.34,66.21,76.44,50.17,66.14,100.0,3,A,Pass,1
STU0136,Sara,Female,Government,Grade 4,Math's,Graduate,72.18,6.57,83.15,66.41,67.16,71.79,6.75,37.44,5,2,4.95,47.33,65.98,57.55,73.72,87.21,67.14,91.93,3,A,Pass,0
STU0137,Diya,Female,Private,Grade 5,Arts,High School,36.03,10.0,63.32,24.07,90.83,39.67,4.55,39.17,2,4,3.52,64.77,85.47,62.23,51.5,59.73,59.78,87.92,3,A,Pass,1
STU0138,Noah,Male,Government,Grade 4,Arts,High School,19.72,3.51,76.17,65.53,3.89,44.28,1.97,32.59,4,3,2.94,67.98,59.15,32.17,74.84,68.77,52.08,37.55,2,F,Pass,1
STU0139,Shawn,Female,Government,Grade 1,Math's,High School,45.16,8.93,67.82,54.71,39.46,43.91,2.73,47.63,4,2,2.99,58.5,65.43,52.64,60.78,69.95,55.67,77.91,3,B,Pass,1
STU0140,Isha,Female,Semi-Government,Grade 3,Science,Graduate,10.19,5.21,85.02,26.7,89.56,50.43,8.3,63.21,0,0,3.32,77.83,100.0,50.73,57.13,20.61,59.12,81.33,3,B,Pass,1
STU0141,Noah,Female,Private,Grade 5,Arts,Graduate,47.55,4.04,73.91,66.38,66.36,50.66,1.95,47.06,0,3,1.53,56.58,65.1,41.81,54.82,87.48,61.15,66.98,3,C,Pass,1
STU0142,Meera,Male,Government,Grade 2,English,High School,29.32,7.27,100.0,76.31,63.13,53.97,4.57,94.34,5,2,4.08,53.04,81.09,50.03,80.19,82.22,67.5,89.56,3,A,Pass,0
STU0143,Sara,Female,Government,Grade 1,Math's,Graduate,92.08,9.45,64.77,82.77,99.46,61.65,3.8,24.48,3,4,3.57,73.15,48.9,48.9,48.96,54.41,64.78,97.57,3,A,Pass,0
STU0144,Noah,Female,Private,Grade 5,Arts,High School,8.14,7.49,85.25,54.76,100.0,49.24,3.55,100.0,2,2,2.62,62.96,60.96,43.96,60.26,76.64,63.6,100.0,3,A,Pass,0
STU0145,Sophia,Male,Semi-Government,Grade 1,Phys.Ed,High School,23.45,6.84,56.34,80.39,37.41,67.73,10.88,41.26,2,2,5.55,86.03,89.53,70.08,51.28,74.96,69.68,85.57,3,A,Fail,1
STU0146,Vivaan,Female,Government,Grade 3,Arts,Graduate,59.06,4.83,55.52,42.71,42.22,96.97,7.96,91.55,2,2,4.38,40.88,81.15,27.36,48.3,95.19,59.35,72.04,3,B,Not Attended,1
STU0147,Mack,Female,Semi-Government,Grade 3,English,High School,53.79,7.54,83.75,40.28,58.89,84.28,9.58,33.05,5,1,5.83,70.95,57.12,55.75,69.93,69.74,63.37,84.6,3,B,Pass,1
STU0148,Liam,Male,Semi-Government,Grade 2,Arts,High School,55.18,6.1,79.41,52.81,100.0,75.16,6.34,73.5,4,0,3.94,44.9,76.06,45.57,48.28,62.77,63.19,82.97,3,B,Pass,0
STU0149,Riya,Female,Government,Grade 5,Math's,Post Graduate,43.95,5.36,74.85,85.31,90.76,27.14,10.03,64.52,5,2,6.26,59.74,75.35,93.33,57.63,50.5,67.47,74.41,3,B,Pass,1
STU0150,Riya,Female,Government,Grade 3,English,High School,38.4,4.42,84.69,79.93,50.87,35.5,4.79,66.57,5,3,4.42,65.22,58.14,32.04,81.95,85.39,61.13,63.69,3,C,Pass,1
STU0151,Noah,Female,Private,Grade 3,English,High School,43.34,8.33,84.74,77.17,55.57,82.5,0.0,93.15,3,5,2.3,46.47,81.5,58.49,60.39,76.85,67.37,98.98,3,A,Pass,1
STU0152,Aarav,Female,Semi-Government,Grade 2,English,High School,44.44,8.38,64.83,46.15,28.56,60.28,14.17,72.66,7,2,8.62,40.68,58.76,50.54,73.36,45.98,50.54,75.67,2,B,Pass,0
STU0153,Mia,Male,Government,Grade 2,Math's,Graduate,15.02,5.15,39.95,65.28,94.45,47.97,9.86,93.02,5,1,5.94,60.61,47.93,48.54,66.04,50.3,60.14,55.0,3,C,Pass,1
STU0154,Aditya,Male,Semi-Government,Grade 1,Math's,Graduate,48.99,6.25,75.39,40.13,45.71,27.45,0.0,36.79,3,3,1.8,49.15,67.37,37.24,39.48,56.87,45.43,56.22,2,C,Pass,1
STU0155,Kabir,Male,Private,Grade 5,Science,Graduate,17.3,8.3,48.38,52.39,58.04,64.14,9.45,36.01,4,1,5.43,52.79,56.06,77.62,44.54,88.74,61.79,86.99,3,A,Fail,1
STU0156,Kabir,Female,Government,Grade 5,English,Graduate,50.96,7.0,34.48,33.7,57.16,42.13,5.41,92.71,3,1,3.46,38.9,69.53,54.26,73.99,74.53,55.53,61.44,3,C,Pass,1
STU0157,Liam,Male,Private,Grade 5,Science,Graduate,59.89,8.01,73.95,90.91,100.0,47.65,4.28,60.09,7,1,4.41,73.16,54.34,57.42,70.44,67.76,70.21,90.16,4,A,Pass,0
STU0158,Isha,Male,Government,Grade 4,Arts,Post Graduate,0.0,3.81,61.42,77.31,75.84,68.05,11.25,79.44,2,0,5.2,59.62,57.36,41.46,89.81,56.78,65.78,94.97,3,A,Pass,0
STU0159,Ava,Male,Government,Grade 3,Arts,Graduate,50.61,4.25,70.53,58.25,73.87,78.89,5.76,100.0,2,1,3.25,73.29,49.38,63.27,75.58,70.58,67.89,68.47,3,C,Pass,0
STU0160,Olivia,Female,Private,Grade 4,English,Post Graduate,11.35,6.54,83.74,33.43,63.8,23.56,10.1,71.82,3,2,5.59,70.08,76.31,53.94,64.07,56.09,55.16,64.78,3,C,Pass,1
STU0161,Hudson,Male,Semi-Government,Grade 5,Science,Graduate,27.38,7.38,70.66,66.66,67.06,20.83,6.77,57.19,4,6,5.61,78.74,87.11,55.51,91.02,30.07,62.13,78.69,3,B,Pass,1
STU0162,Damon,Male,Semi-Government,Grade 1,Phys.Ed,High School,21.19,8.25,72.35,75.07,75.11,52.6,9.45,90.21,4,0,5.18,53.03,68.37,81.26,46.61,46.6,62.33,87.21,3,A,Pass,0
STU0163,Mack,Female,Private,Grade 5,Phys.Ed,Graduate,30.52,5.77,82.13,60.45,38.7,36.33,6.79,64.1,3,3,4.52,51.82,61.54,45.94,57.88,88.58,55.16,73.56,3,B,Pass,1
STU0164,Lucas,Female,Private,Grade 5,Arts,Graduate,7.0,6.24,58.23,35.28,67.14,53.98,4.26,68.0,6,0,3.8,78.0,61.49,55.06,59.91,75.39,60.78,75.32,3,B,Pass,1
STU0165,Sophia,Male,Government,Grade 2,English,Graduate,18.99,6.38,91.39,40.69,94.21,78.02,0.14,56.81,5,2,2.31,59.95,71.48,49.44,72.93,22.1,61.1,82.62,3,B,Pass,1
STU0166,Aditya,Female,Government,Grade 2,English,Post Graduate,50.04,8.55,71.17,56.82,47.93,30.5,8.26,82.08,2,1,4.25,50.88,56.98,57.61,56.53,39.94,49.65,73.08,2,B,Pass,1
STU0167,Cal,Male,Semi-Government,Grade 4,Arts,Graduate,0.0,8.22,59.56,91.18,36.45,93.85,4.51,60.18,3,2,3.35,87.27,80.0,90.55,52.83,65.18,74.66,68.85,4,C,Pass,1
STU0168,Vivaan,Female,Private,Grade 3,Math's,High School,42.77,8.24,72.75,16.58,54.77,97.29,7.19,82.64,7,0,5.33,71.38,71.31,50.14,55.63,49.33,58.3,72.17,3,B,Pass,1
STU0169,Zen,Male,Private,Grade 2,Phys.Ed,Graduate,57.29,7.98,60.61,29.14,61.11,47.35,2.14,61.79,7,0,3.31,47.42,79.75,58.24,47.7,42.06,51.6,86.22,2,A,Pass,1
STU0170,Michal,Female,Government,Grade 5,Science,Graduate,29.2,6.6,45.33,61.25,65.62,72.93,5.92,67.6,7,3,5.57,53.63,63.45,58.52,74.09,50.62,62.51,91.79,3,A,Pass,1
STU0171,Liam,Male,Private,Grade 5,English,Graduate,66.12,6.57,80.93,97.13,55.33,65.14,0.0,8.59,5,4,2.75,81.3,57.46,52.87,47.43,49.38,63.25,60.9,3,C,Pass,1
STU0172,Vivaan,Female,Private,Grade 3,Phys.Ed,Graduate,11.41,5.15,81.47,43.65,77.96,51.46,4.65,67.3,5,3,4.36,56.11,57.47,89.5,68.32,67.12,63.95,64.19,3,C,Pass,1
STU0173,Ava,Female,Private,Grade 2,Phys.Ed,Graduate,18.01,6.94,40.07,37.58,80.73,55.09,3.91,33.39,3,3,3.36,79.39,79.62,45.98,63.44,55.68,62.19,71.58,3,B,Fail,1
STU0174,Diya,Male,Government,Grade 1,English,Graduate,36.21,3.92,60.05,63.58,71.97,24.59,5.64,78.95,2,2,3.46,44.87,66.4,34.2,35.74,80.34,52.71,52.63,2,D,Pass,1
STU0175,Vivaan,Female,Private,Grade 5,Science,High School,64.01,8.59,55.28,52.07,60.96,20.13,2.34,91.12,5,3,3.44,68.33,87.8,56.39,39.8,76.77,57.78,58.84,3,C,Not Attended,1
STU0176,Vivaan,Female,Private,Grade 1,Math's,Graduate,0.0,3.79,64.79,51.0,66.76,100.0,0.0,56.22,3,3,1.8,85.92,65.96,74.54,53.59,74.46,71.53,65.16,4,C,Pass,1
STU0177,Zen,Female,Private,Grade 2,Math's,High School,49.4,7.99,82.34,12.57,100.0,64.5,2.89,69.77,2,0,1.86,52.89,60.34,47.65,43.81,65.33,55.89,84.7,3,B,Pass,1
STU0178,Diya,Female,Government,Grade 2,Science,Graduate,10.19,6.14,52.14,89.17,60.73,94.46,10.42,54.89,1,0,4.52,73.28,71.02,100.0,73.91,76.37,79.87,79.72,4,B,Not Attended,1
STU0179,Mason,Male,Government,Grade 1,Science,High School,0.0,5.5,71.02,38.83,19.03,62.41,8.44,72.29,3,3,5.18,48.49,50.14,66.31,50.87,64.64,50.09,61.93,2,C,Fail,1
STU0180,Sophia,Female,Semi-Government,Grade 5,Math's,Graduate,50.58,5.67,83.13,83.47,59.09,50.51,8.0,33.43,4,2,5.1,48.83,67.4,68.65,78.96,55.08,64.0,70.66,3,B,Pass,0
STU0181,Riya,Male,Private,Grade 1,Phys.Ed,Graduate,73.29,6.25,68.51,58.75,72.84,73.54,4.0,89.55,6,0,3.7,29.84,68.46,77.67,41.25,80.42,62.85,73.74,3,B,Pass,0
STU0182,Ethan,Male,Semi-Government,Grade 3,Phys.Ed,Graduate,5.13,4.41,88.86,36.11,69.14,39.41,8.21,65.19,4,1,4.93,43.45,75.46,68.49,50.4,86.47,58.62,70.23,3,B,Pass,1
STU0183,Emma,Male,Private,Grade 2,Arts,Post Graduate,26.43,7.8,40.71,66.29,60.63,68.94,4.82,73.04,6,1,4.28,59.33,53.22,52.49,65.13,68.57,61.83,74.64,3,B,Pass,1
STU0184,Isha,Female,Government,Grade 5,English,Post Graduate,17.81,6.02,57.65,45.67,51.61,67.3,0.0,60.54,2,2,1.2,48.46,55.71,65.12,64.84,53.21,56.49,43.04,3,D,Pass,1
STU0185,Olivia,Male,Private,Grade 3,Math's,High School,63.02,6.7,70.16,42.27,79.33,55.2,5.05,71.59,3,2,3.57,53.94,75.18,40.74,81.63,48.66,59.62,76.72,3,B,Pass,1
STU0186,Ethan,Female,Government,Grade 5,Science,Graduate,30.39,7.78,52.33,89.04,64.25,44.88,4.8,85.41,2,3,3.37,56.92,63.59,73.06,62.64,82.65,67.13,82.54,3,B,Fail,1
STU0187,Olivia,Female,Private,Grade 3,Science,High School,67.75,4.87,72.0,26.14,76.52,60.16,4.65,56.55,6,1,4.21,41.92,78.09,23.73,53.14,69.7,53.67,55.93,2,C,Fail,1
STU0188,Mia,Male,Government,Grade 5,Math's,Graduate,30.33,5.65,78.64,36.58,100.0,52.73,6.04,100.0,5,2,4.67,38.83,58.45,66.95,71.05,52.13,59.59,55.5,3,C,Pass,1
STU0189,Meera,Female,Government,Grade 3,Arts,Post Graduate,0.0,5.9,60.72,75.89,90.4,73.16,3.93,40.18,6,1,3.92,61.32,56.96,54.18,60.03,56.87,66.1,89.77,3,A,Pass,0
STU0190,Lucas,Male,Private,Grade 5,Math's,High School,30.59,7.73,56.6,73.86,83.9,76.95,7.01,60.45,5,1,4.8,40.35,59.24,58.51,63.92,78.22,66.87,94.25,3,A,Pass,1
STU0191,Tyler,Female,Private,Grade 1,Math's,Graduate,72.56,7.68,76.21,40.76,69.86,59.4,1.45,95.04,3,2,2.13,32.34,81.18,64.13,60.43,66.72,59.35,100.0,3,A,Pass,1
STU0192,Hudson,Male,Government,Grade 4,English,High School,45.48,6.54,67.14,58.38,6.93,62.63,4.05,100.0,3,2,3.17,62.33,73.79,63.48,53.19,75.29,57.0,63.26,3,C,Pass,0
STU0193,Isha,Female,Private,Grade 5,English,Graduate,24.88,8.03,80.77,42.34,45.27,60.52,6.72,63.59,1,4,4.04,48.15,49.77,72.77,68.41,42.08,53.66,63.9,2,C,Pass,1
STU0194,Aarav,Female,Private,Grade 3,Science,High School,75.06,6.52,56.4,72.91,64.35,6.95,9.13,65.42,6,2,6.25,30.65,63.62,55.22,56.2,61.17,51.38,70.4,2,B,Pass,1
STU0195,Sara,Female,Government,Grade 2,English,High School,11.08,5.81,68.29,80.71,42.21,31.5,2.28,65.74,2,2,2.11,77.02,52.54,40.81,89.55,71.87,60.78,73.91,3,B,Pass,1
STU0196,Diya,Male,Government,Grade 1,Arts,Post Graduate,34.4,4.13,73.83,91.47,74.05,55.67,5.84,0.0,2,1,3.29,78.47,60.68,65.12,73.13,53.79,69.05,70.6,3,B,Pass,0
STU0197,Emma,Male,Government,Grade 2,Phys.Ed,Post Graduate,56.98,7.53,69.73,83.33,73.56,10.08,3.88,52.52,6,0,3.65,75.06,79.28,62.35,59.3,55.39,62.29,67.22,3,C,Pass,1
STU0198,Sophia,Male,Government,Grade 3,Math's,Graduate,64.64,9.4,85.74,52.42,30.36,39.69,0.37,21.72,4,1,1.8,51.26,62.58,52.93,58.19,62.66,51.26,70.95,2,B,Not Attended,1
STU0199,Mia,Male,Private,Grade 5,Phys.Ed,High School,41.9,5.34,97.75,64.55,75.45,39.91,1.12,52.33,3,2,2.0,41.35,45.69,66.86,55.66,48.58,54.76,74.68,2,B,Pass,1
STU0200,Aditya,Male,Private,Grade 5,English,High School,0.0,6.57,36.42,56.45,63.96,4.86,6.1,41.68,3,3,4.24,63.81,53.84,54.19,68.13,50.91,52.02,58.48,2,C,Fail,1
STU0201,Lucas,Male,Semi-Government,Grade 5,English,Graduate,76.12,9.41,29.46,56.65,39.44,49.52,9.52,94.75,10,2,7.81,63.27,52.76,55.5,54.68,45.77,52.2,90.55,2,A,Fail,1
STU0202,Ava,Female,Government,Grade 5,Math's,High School,70.03,4.91,78.63,63.39,100.0,81.92,7.26,65.0,3,2,4.45,79.16,80.26,48.43,58.45,37.47,68.63,65.48,3,C,Pass,0
STU0203,Cal,Male,Private,Grade 2,Arts,Post Graduate,11.0,6.97,100.0,27.39,64.99,42.45,8.09,61.86,5,0,4.99,85.97,76.27,60.16,58.15,64.23,59.95,71.34,3,B,Fail,1
STU0204,Noah,Female,Private,Grade 5,Phys.Ed,Graduate,56.41,9.76,83.17,75.77,52.53,59.35,15.22,36.85,6,0,8.19,70.0,53.19,74.26,64.53,64.0,64.2,100.0,3,A,Not Attended,0
STU0205,Mack,Male,Semi-Government,Grade 4,Phys.Ed,High School,53.78,7.74,89.14,18.51,63.6,82.68,5.25,83.5,2,2,3.3,72.64,66.27,57.51,55.91,58.12,59.4,89.61,3,A,Pass,1
STU0206,Damon,Female,Government,Grade 5,English,Post Graduate,44.25,7.9,43.83,65.87,54.88,86.67,3.93,33.85,3,4,3.62,77.46,80.04,74.08,46.18,56.59,67.72,77.7,3,B,Not Attended,1
STU0207,Riya,Female,Private,Grade 4,English,High School,24.24,7.44,67.57,69.04,42.23,47.01,5.59,35.37,4,1,3.89,77.43,73.02,64.47,61.94,69.4,63.07,74.91,3,B,Pass,0
STU0208,Hudson,Female,Private,Grade 4,English,High School,41.46,4.76,44.33,58.85,32.44,51.09,7.26,59.38,5,1,4.9,63.53,72.14,61.63,57.82,70.78,58.53,45.94,3,D,Pass,1
STU0209,Lucas,Female,Semi-Government,Grade 5,English,High School,29.43,6.56,94.92,71.65,55.89,48.22,3.77,81.17,1,1,2.11,55.63,80.81,63.45,75.38,75.77,65.85,67.82,3,C,Fail,0
STU0210,Mack,Female,Private,Grade 5,Science,High School,0.0,6.87,38.5,37.04,77.7,76.89,9.34,61.73,2,2,4.94,71.43,61.0,90.43,78.61,89.78,72.86,71.59,4,B,Pass,1
STU0211,Robert,Female,Government,Grade 3,English,Graduate,0.0,6.31,72.25,64.37,55.97,53.59,7.47,90.97,5,1,4.99,70.34,57.72,26.76,55.86,79.47,58.01,76.45,3,B,Pass,0
STU0212,Noah,Male,Government,Grade 5,Arts,High School,51.08,9.35,39.83,8.22,100.0,74.58,3.71,70.12,1,1,2.08,67.32,94.22,77.34,81.87,41.5,68.13,79.21,3,B,Pass,1
STU0213,Robert,Male,Private,Grade 5,Phys.Ed,Graduate,47.17,5.95,69.07,85.08,49.68,86.47,4.99,84.14,3,1,3.3,45.55,75.98,88.8,70.92,62.91,70.67,74.48,4,B,Pass,0
STU0214,Aditya,Female,Government,Grade 3,English,Post Graduate,39.13,3.45,49.9,97.72,35.8,31.86,6.29,68.97,5,0,4.27,59.58,75.26,47.92,71.67,77.0,62.1,61.33,3,C,Pass,1
STU0215,Aditya,Male,Private,Grade 4,English,Graduate,15.97,7.03,80.38,60.26,57.24,5.07,8.87,90.99,4,2,5.45,80.7,43.62,32.67,50.04,55.3,48.11,61.69,2,C,Pass,1
STU0216,Jack,Male,Government,Grade 2,Science,High School,23.71,6.19,67.0,77.16,73.96,52.34,10.33,62.9,3,3,5.93,52.15,62.36,32.82,58.35,59.9,58.63,85.66,3,A,Pass,0
STU0217,Michal,Male,Semi-Government,Grade 2,English,High School,69.83,7.11,63.16,71.5,85.55,67.83,8.66,61.88,6,2,6.06,60.93,77.92,62.62,53.22,52.6,66.52,87.85,3,A,Not Attended,0
STU0218,Meera,Male,Private,Grade 4,English,Graduate,18.02,6.65,42.49,84.99,71.58,75.6,0.0,60.71,7,2,2.95,66.79,56.67,44.23,50.71,92.73,67.91,90.25,3,A,Fail,1
STU0219,Sara,Male,Private,Grade 5,Science,Graduate,46.49,4.58,76.14,81.03,74.25,43.04,6.05,83.53,7,1,5.12,57.01,80.61,68.34,58.74,42.49,63.19,61.24,3,C,Pass,1
STU0220,Emma,Male,Government,Grade 4,English,Graduate,65.08,4.5,37.15,46.01,66.91,60.26,6.6,32.13,5,2,4.89,66.58,48.45,60.07,68.11,66.33,60.34,54.45,3,D,Pass,1
STU0221,Hudson,Male,Private,Grade 2,English,High School,35.09,7.82,59.67,47.32,45.17,73.04,5.79,42.49,8,1,5.37,51.71,57.36,61.93,56.86,74.01,58.42,72.84,3,B,Not Attended,1
STU0222,Meera,Female,Private,Grade 2,Math's,Post Graduate,51.37,4.65,96.37,75.6,84.78,37.55,6.29,73.17,5,3,5.02,43.47,66.59,58.59,53.25,64.48,60.54,70.61,3,B,Pass,1
STU0223,Meera,Female,Government,Grade 4,Phys.Ed,Graduate,89.85,6.21,65.66,46.65,77.58,79.99,5.67,39.68,3,7,5.07,90.01,80.13,51.66,70.38,56.57,69.12,67.28,3,C,Pass,0
STU0224,Vivaan,Male,Private,Grade 5,Arts,Graduate,25.39,6.94,76.62,47.39,32.36,31.18,5.58,47.12,5,1,4.23,68.62,60.15,47.67,75.69,72.83,54.49,47.11,2,D,Pass,1
STU0225,Olivia,Female,Government,Grade 5,English,High School,85.45,6.53,49.77,52.34,73.75,53.17,3.42,73.95,5,2,3.62,43.51,79.33,90.41,81.04,82.58,69.52,69.73,3,C,Pass,1
STU0226,Olivia,Female,Private,Grade 5,Arts,Graduate,40.0,5.93,72.07,80.61,76.25,49.37,7.27,96.16,3,3,4.71,57.05,65.62,50.96,40.44,50.47,58.85,98.24,3,A,Pass,0
STU0227,Hudson,Female,Government,Grade 4,Phys.Ed,Post Graduate,107.57,7.47,62.61,63.89,82.43,36.1,0.0,82.1,1,4,1.35,45.43,49.64,68.13,72.88,60.65,59.89,57.56,3,C,Pass,1
STU0228,Damon,Female,Semi-Government,Grade 2,Math's,Graduate,47.33,4.59,65.94,77.97,64.68,72.51,13.07,90.93,2,1,6.18,60.73,68.43,95.89,55.53,62.2,69.74,69.35,3,C,Pass,0
STU0229,Anaya,Male,Private,Grade 1,Math's,Graduate,69.76,5.93,100.0,48.48,65.64,89.99,11.72,66.34,2,1,5.64,66.9,83.37,23.82,62.13,48.21,61.07,91.81,3,A,Pass,0
STU0230,Robert,Female,Semi-Government,Grade 3,Math's,Graduate,38.13,5.07,77.14,43.67,80.8,82.07,3.81,47.68,6,2,4.12,42.42,64.39,52.15,53.42,75.74,61.83,81.05,3,B,Pass,1
STU0231,Tyler,Male,Government,Grade 3,English,High School,82.28,7.68,93.67,55.1,72.85,0.0,4.27,55.05,6,0,3.81,68.63,66.64,87.58,33.34,65.34,56.18,78.83,3,B,Pass,1
STU0232,Vivaan,Female,Private,Grade 5,English,High School,38.39,3.47,80.78,100.0,54.06,66.22,9.41,96.73,3,0,4.81,74.85,71.57,67.1,55.89,70.21,69.99,73.96,3,B,Pass,0
STU0233,Meera,Male,Government,Grade 5,Science,High School,0.0,5.51,89.31,52.87,86.31,83.68,2.7,18.29,2,1,2.03,65.14,58.15,87.16,56.3,64.2,69.23,85.62,3,A,Pass,1
STU0234,Anaya,Male,Semi-Government,Grade 4,Phys.Ed,Post Graduate,11.1,5.92,75.24,59.64,46.42,57.0,1.07,99.38,2,1,1.38,76.5,56.53,25.71,64.09,53.62,54.94,69.9,2,C,Not Attended,1
STU0235,Riya,Female,Private,Grade 5,Phys.Ed,High School,60.03,4.16,100.0,52.19,67.3,45.35,3.53,47.16,5,1,3.41,74.74,48.16,72.22,61.62,88.57,63.77,56.97,3,C,Pass,0
STU0236,Sophia,Male,Government,Grade 3,Math's,Graduate,64.29,6.95,95.65,64.48,54.44,70.21,2.68,42.1,3,1,2.37,62.72,82.31,65.71,53.27,32.74,60.73,78.88,3,B,Pass,1
STU0237,Sophia,Male,Government,Grade 3,Science,High School,74.92,5.28,74.82,35.0,59.23,58.74,7.07,39.24,3,1,4.13,64.41,85.07,55.74,59.56,45.35,57.89,70.31,3,B,Pass,1
STU0238,Olivia,Male,Private,Grade 4,Math's,Graduate,20.14,7.04,52.86,30.13,25.77,73.86,3.82,100.0,2,2,2.73,41.28,40.82,19.98,54.78,58.18,43.1,64.61,2,C,Fail,1
STU0239,Vivaan,Male,Government,Grade 2,Math's,Graduate,22.23,5.51,60.84,46.93,57.04,44.02,6.83,74.65,5,2,4.98,76.72,69.85,34.96,55.21,60.71,55.68,54.09,3,D,Pass,1
STU0240,Anaya,Male,Government,Grade 3,Arts,High School,37.0,7.01,77.45,38.44,82.43,30.33,1.7,67.32,4,0,2.08,62.4,65.26,64.0,55.84,71.37,58.76,67.7,3,C,Pass,1
STU0241,Vivaan,Male,Semi-Government,Grade 5,Science,Post Graduate,47.05,7.7,42.02,72.92,44.22,85.55,6.65,81.46,6,0,4.76,79.71,71.65,42.6,51.45,64.65,64.09,65.38,3,C,Fail,1
STU0242,Vivaan,Female,Government,Grade 4,Arts,Graduate,74.15,4.52,84.34,60.02,36.2,68.84,9.33,51.57,3,2,5.28,72.55,58.61,64.63,62.41,90.75,64.25,59.08,3,C,Pass,0
STU0243,Zen,Male,Private,Grade 2,English,Graduate,22.13,4.33,92.14,43.94,36.11,80.01,4.1,88.73,4,1,3.29,61.69,76.64,84.83,70.22,85.65,67.39,61.93,3,C,Pass,1
STU0244,Kabir,Male,Private,Grade 2,Science,High School,57.97,5.3,72.65,68.7,56.91,69.83,7.23,42.04,5,1,4.89,47.87,58.33,56.15,71.05,57.86,60.84,60.24,3,C,Pass,0
STU0245,Liam,Male,Semi-Government,Grade 5,Science,High School,39.39,6.88,64.82,86.43,43.94,35.94,4.56,43.78,2,4,3.52,64.44,51.2,57.59,55.94,73.91,58.67,65.2,3,C,Pass,1
STU0246,Riya,Female,Private,Grade 5,English,Graduate,47.73,7.38,83.65,76.55,81.45,51.86,14.21,57.49,5,4,8.43,63.12,80.36,100.0,68.18,63.79,73.16,96.99,4,A,Pass,0
STU0247,Hudson,Male,Government,Grade 5,Arts,Graduate,41.68,8.69,84.87,92.13,72.43,35.72,6.89,94.85,3,0,3.81,89.13,73.85,49.22,74.3,62.85,68.71,89.55,3,A,Pass,1
STU0248,Cal,Male,Government,Grade 2,English,High School,63.46,6.9,71.35,74.91,65.68,54.42,2.52,67.73,2,1,1.96,72.59,69.19,71.24,47.79,65.88,65.21,70.59,3,B,Pass,1
STU0249,Diya,Male,Government,Grade 4,Arts,Graduate,56.57,8.48,68.38,60.99,81.94,99.33,8.88,68.47,1,0,3.9,72.28,67.7,86.51,62.71,69.97,75.18,100.0,4,A,Pass,0
STU0250,Riya,Male,Semi-Government,Grade 5,Math's,High School,100.23,6.54,72.35,3.35,84.87,10.94,5.42,97.86,4,2,4.07,51.24,61.18,65.69,54.21,55.97,48.43,66.43,2,C,Pass,1
STU0251,Anaya,Male,Government,Grade 3,Science,High School,53.49,9.19,91.98,48.59,67.66,68.18,6.54,100.0,5,1,4.62,93.18,71.07,58.1,75.86,39.77,65.3,89.36,3,A,Pass,0
STU0252,Emma,Female,Private,Grade 2,English,Graduate,33.09,8.12,54.78,46.52,81.24,0.0,5.4,31.66,2,1,3.11,39.87,80.32,37.25,44.55,64.41,49.27,74.11,2,B,Fail,1
STU0253,Ethan,Female,Government,Grade 1,English,Graduate,37.24,9.74,42.22,49.92,74.09,22.69,2.29,39.94,7,2,3.87,74.44,57.16,65.24,56.64,60.06,57.53,56.22,3,C,Not Attended,1
STU0254,Robert,Male,Private,Grade 1,Arts,High School,57.44,5.37,77.77,55.67,47.09,87.32,9.72,51.48,5,2,6.14,28.57,60.37,73.66,64.2,56.8,59.21,67.22,3,C,Pass,0
STU0255,Meera,Female,Private,Grade 2,Phys.Ed,Post Graduate,85.18,8.02,82.99,75.94,50.06,23.95,8.24,87.33,3,0,4.35,46.04,41.28,68.35,75.68,57.72,54.88,90.67,2,A,Pass,1
STU0256,Damon,Male,Private,Grade 5,Science,Graduate,63.26,7.12,59.19,64.03,77.8,69.76,6.28,32.92,4,1,4.16,52.27,64.02,52.64,62.93,77.67,65.14,83.11,3,B,Fail,1
STU0257,Olivia,Female,Private,Grade 5,English,High School,62.27,5.18,82.67,44.3,42.38,32.6,15.03,46.62,0,2,6.51,38.63,85.87,66.28,64.29,69.62,55.5,66.94,3,C,Pass,1
STU0258,Robert,Female,Private,Grade 3,English,High School,76.82,5.11,70.18,57.13,61.03,58.7,6.3,55.62,4,2,4.42,30.84,62.71,98.62,42.46,31.29,55.35,56.05,3,C,Pass,0
STU0259,Sara,Male,Semi-Government,Grade 4,English,High School,76.86,6.13,35.18,43.58,56.32,52.3,5.25,92.85,5,4,4.85,58.15,47.28,82.63,65.04,42.73,56.0,70.4,3,B,Fail,1
STU0260,Shawn,Female,Private,Grade 2,Math's,Graduate,55.67,6.48,65.92,83.86,48.9,78.32,3.88,97.7,4,0,2.95,72.67,59.01,60.4,54.84,91.15,68.64,97.03,3,A,Pass,0
STU0261,Mason,Female,Government,Grade 4,Science,High School,39.27,3.79,77.3,67.29,51.76,29.74,11.9,77.79,4,3,6.91,40.75,42.64,56.11,48.8,25.78,45.36,62.05,2,C,Pass,1
STU0262,Aarav,Male,Private,Grade 2,Phys.Ed,High School,15.97,4.81,81.01,74.72,42.4,50.22,4.83,49.9,4,0,3.33,68.16,55.26,54.43,55.77,82.93,60.49,61.0,3,C,Pass,0
STU0263,Vivaan,Female,Government,Grade 3,English,High School,51.24,6.17,57.32,52.89,90.77,56.95,8.64,70.97,6,4,6.56,50.43,48.88,65.31,46.62,67.48,59.92,64.15,3,C,Pass,1
STU0264,Meera,Female,Private,Grade 5,Phys.Ed,Graduate,47.55,8.28,51.68,53.09,94.65,34.64,11.59,59.3,5,1,6.64,58.57,63.24,40.58,53.3,7.53,50.7,80.79,2,B,Not Attended,1
STU0265,Olivia,Male,Government,Grade 3,Arts,Graduate,9.66,4.94,92.68,71.8,100.0,59.5,12.8,21.42,1,5,6.72,69.52,66.16,51.92,63.43,72.24,69.32,77.61,3,B,Pass,0
STU0266,Tyler,Male,Private,Grade 5,English,High School,74.89,7.82,55.77,49.42,55.15,38.11,0.0,0.0,1,2,0.85,67.87,74.14,59.71,74.88,69.36,61.08,55.4,3,C,Pass,1
STU0267,Ava,Male,Government,Grade 1,Phys.Ed,Graduate,31.67,7.84,74.08,39.42,60.46,14.15,11.2,46.39,4,0,5.88,69.81,65.0,59.3,76.22,73.18,57.19,74.83,3,B,Pass,1
STU0268,Cal,Male,Private,Grade 5,Arts,Graduate,26.8,8.69,86.43,64.97,65.44,54.58,10.41,65.04,5,1,6.16,42.8,49.78,47.61,62.66,66.76,56.83,100.0,3,A,Pass,0
STU0269,Aditya,Female,Government,Grade 5,Science,Graduate,60.02,7.88,82.99,74.47,93.62,82.78,5.37,65.97,5,1,4.15,48.29,36.19,40.38,59.29,87.24,65.28,98.29,3,A,Pass,0
STU0270,Zen,Female,Government,Grade 1,Math's,High School,22.69,5.44,85.84,59.58,32.61,29.39,4.65,95.35,3,2,3.41,45.9,54.92,69.74,57.37,84.77,54.29,71.35,2,B,Fail,1
STU0271,Vivaan,Female,Private,Grade 5,Science,High School,39.63,7.75,61.92,77.28,15.26,42.16,2.3,35.92,6,4,4.02,62.46,53.44,48.25,54.4,57.96,51.4,71.01,2,B,Pass,1
STU0272,Sara,Female,Government,Grade 5,Science,Post Graduate,51.19,6.74,89.13,73.78,67.16,85.51,10.33,58.06,6,1,6.48,36.15,64.31,41.54,55.76,86.3,63.81,89.78,3,A,Pass,0
STU0273,Mack,Female,Private,Grade 4,Science,Graduate,42.97,8.11,94.86,88.69,69.13,14.81,7.84,91.16,7,1,5.84,46.33,90.97,90.27,50.39,65.36,64.49,81.55,3,B,Pass,1
STU0274,Sara,Male,Government,Grade 4,Phys.Ed,Post Graduate,21.95,10.0,55.55,25.79,56.92,23.5,0.03,41.97,3,1,1.31,75.41,55.27,55.24,65.39,31.93,48.68,50.35,2,D,Not Attended,1
STU0275,Cal,Male,Private,Grade 5,Math's,Graduate,58.69,7.46,95.96,35.15,33.39,57.99,5.58,82.8,4,1,3.88,49.84,40.66,75.87,62.88,66.83,52.83,73.71,2,B,Pass,1
STU0276,Sara,Male,Private,Grade 5,Phys.Ed,High School,16.7,8.3,72.14,61.16,59.22,73.06,4.32,89.43,2,1,2.68,70.06,73.74,100.0,50.11,81.69,71.13,90.09,4,A,Pass,0
STU0277,Zen,Female,Government,Grade 3,Science,Graduate,0.0,6.72,83.57,94.78,44.89,35.83,6.0,42.87,5,3,4.9,69.22,51.62,61.22,42.7,54.81,56.88,78.15,3,B,Pass,1
STU0278,Damon,Male,Private,Grade 1,Phys.Ed,Graduate,105.25,6.11,86.9,44.56,95.09,28.4,10.19,78.94,2,1,5.03,53.04,63.63,57.04,70.68,29.61,55.26,69.1,3,C,Pass,1
STU0279,Robert,Male,Private,Grade 5,Math's,Graduate,75.24,7.78,81.94,79.49,41.51,78.88,5.28,68.14,5,3,4.61,52.95,49.28,45.01,54.34,49.22,56.33,92.57,3,A,Pass,0
STU0280,Hudson,Male,Semi-Government,Grade 1,Science,High School,45.4,9.04,96.72,27.99,29.66,58.55,3.31,37.39,1,0,1.67,43.33,72.3,47.26,54.53,51.48,48.14,63.83,2,C,Pass,1
STU0281,Noah,Male,Government,Grade 4,Arts,Graduate,52.95,7.31,48.14,65.36,33.71,45.81,5.95,100.0,2,3,3.83,58.54,49.08,54.02,60.61,61.16,53.54,71.05,2,B,Pass,1
STU0282,Diya,Male,Semi-Government,Grade 4,Phys.Ed,Graduate,16.28,2.0,73.2,69.32,53.14,11.23,5.61,70.07,4,2,4.14,63.57,60.36,50.92,57.99,50.51,52.13,59.08,2,C,Pass,1
STU0283,Mack,Male,Private,Grade 5,English,High School,73.12,3.78,50.87,84.37,66.2,43.43,6.5,82.07,5,1,4.6,62.78,46.97,60.75,52.39,44.34,57.65,65.26,3,C,Not Attended,1
STU0284,Ava,Female,Semi-Government,Grade 4,Arts,High School,57.39,4.15,67.6,69.27,73.86,70.21,9.22,55.3,5,2,5.94,68.14,60.03,61.71,71.18,61.25,66.96,67.95,3,C,Pass,0
STU0285,Michal,Female,Semi-Government,Grade 3,Phys.Ed,Post Graduate,46.93,5.88,58.56,44.97,66.5,54.47,8.11,67.26,10,0,6.74,95.66,27.84,56.15,76.03,78.68,62.54,93.29,3,A,Pass,1
STU0286,Zen,Male,Semi-Government,Grade 4,Arts,High School,21.69,4.45,63.49,70.02,46.32,93.32,10.9,28.29,8,2,7.66,62.18,64.7,37.11,47.16,78.48,62.41,78.79,3,B,Pass,0
STU0287,Aarav,Female,Government,Grade 3,English,Graduate,83.98,6.72,94.36,53.86,40.76,100.0,8.13,29.17,4,1,4.9,73.55,76.23,99.93,50.44,86.35,72.64,72.73,4,B,Pass,0
STU0288,Ethan,Male,Private,Grade 2,Science,High School,56.2,9.58,87.44,49.26,86.3,44.93,6.33,85.96,4,5,5.18,70.65,84.69,31.33,70.09,79.38,64.58,97.48,3,A,Pass,1
STU0289,Michal,Female,Government,Grade 4,Science,Post Graduate,80.43,7.05,47.02,60.36,56.5,87.39,0.0,88.53,4,3,2.15,51.83,61.3,43.12,44.59,65.01,58.76,79.65,3,B,Pass,1
STU0290,Tyler,Male,Semi-Government,Grade 5,English,Graduate,26.26,6.96,69.43,79.37,57.4,60.38,0.0,73.33,3,5,2.3,73.28,85.67,66.24,65.87,61.12,68.67,75.46,3,B,Pass,1
STU0291,Isha,Female,Private,Grade 1,Phys.Ed,Post Graduate,20.88,5.77,68.05,56.63,74.87,88.24,7.44,94.49,2,2,4.18,62.65,75.62,22.82,86.46,58.47,65.72,67.64,3,C,Pass,0
STU0292,Lucas,Male,Semi-Government,Grade 5,Arts,Post Graduate,65.55,6.97,81.07,94.22,77.83,100.0,7.42,38.73,8,1,6.02,66.11,28.36,49.17,67.53,80.92,70.52,99.07,4,A,Pass,0
STU0293,Olivia,Male,Private,Grade 2,Phys.Ed,High School,52.21,7.71,68.89,85.24,75.64,66.89,5.54,73.64,2,2,3.42,59.18,61.06,48.83,52.66,67.67,64.65,99.38,3,A,Pass,0
STU0294,Jack,Male,Private,Grade 5,English,High School,75.56,6.84,71.7,45.44,45.08,100.0,0.41,64.37,3,3,1.96,62.52,80.98,39.42,57.12,69.99,62.57,77.47,3,B,Pass,1
STU0295,Riya,Male,Private,Grade 1,Math's,Graduate,39.35,7.81,73.26,63.66,48.98,20.21,6.94,87.72,3,3,4.58,91.5,65.45,82.49,48.32,80.2,62.6,83.31,3,B,Pass,1
STU0296,Ethan,Male,Private,Grade 2,Arts,Graduate,76.8,5.99,90.56,72.97,70.72,71.67,3.71,49.03,5,2,3.73,70.33,67.13,40.83,52.71,81.02,65.92,85.45,3,A,Pass,0
STU0297,Ava,Male,Semi-Government,Grade 4,Arts,Post Graduate,55.2,7.45,70.12,50.89,68.41,68.44,8.83,94.28,4,6,6.43,61.45,41.67,60.32,75.53,53.41,60.02,89.51,3,A,Pass,0
STU0298,Olivia,Female,Government,Grade 2,Math's,High School,105.39,7.84,73.95,56.57,100.0,29.75,3.04,65.44,5,2,3.47,63.0,78.63,53.75,49.47,50.12,60.16,82.64,3,B,Pass,1
STU0299,Robert,Female,Government,Grade 5,Arts,Graduate,39.92,7.06,86.42,76.92,57.84,69.7,7.83,71.13,5,4,5.88,52.55,74.04,58.02,58.79,50.64,62.31,100.0,3,A,Fail,0
STU0300,Michal,Male,Government,Grade 4,Arts,High School,26.94,5.74,74.04,63.34,67.64,30.94,11.04,69.23,3,2,5.97,25.96,74.56,66.78,56.77,58.81,55.6,72.23,3,B,Pass,1
STU0301,Olivia,Male,Private,Grade 1,Science,High School,96.41,6.92,84.5,49.5,71.12,69.43,0.86,89.44,1,4,1.69,88.01,75.4,55.56,58.18,27.53,61.84,70.84,3,B,Pass,1
STU0302,Noah,Male,Semi-Government,Grade 4,English,High School,57.99,6.91,75.29,50.19,33.13,44.67,5.18,89.41,3,2,3.62,75.18,52.22,42.59,72.82,55.04,53.23,76.8,2,B,Pass,1
STU0303,Noah,Female,Government,Grade 4,Science,High School,65.21,5.66,67.01,53.24,52.71,85.03,7.84,72.02,0,1,3.39,62.34,34.11,57.77,56.53,70.87,59.08,65.27,3,C,Pass,0
STU0304,Mack,Female,Private,Grade 2,Science,Post Graduate,25.76,6.55,78.0,46.87,66.36,78.0,3.8,49.12,3,3,3.32,53.52,35.52,84.0,51.06,51.5,58.35,71.97,3,B,Pass,0
STU0305,Emma,Male,Private,Grade 1,Science,Graduate,44.0,5.71,54.79,51.37,25.84,41.81,4.76,80.64,6,4,5.0,67.13,92.84,32.54,47.15,76.68,54.42,64.16,2,C,Fail,1
STU0306,Kabir,Male,Private,Grade 1,Phys.Ed,High School,14.38,4.2,53.94,79.45,79.71,65.99,0.0,57.4,4,1,1.65,61.36,32.99,38.16,52.15,58.88,58.59,69.01,3,C,Not Attended,1
STU0307,Sara,Female,Government,Grade 5,English,Graduate,64.6,6.55,71.47,12.11,49.39,67.99,5.81,77.08,4,3,4.47,57.18,84.72,39.72,73.42,59.23,55.47,71.87,3,B,Pass,1
STU0308,Robert,Male,Private,Grade 5,Arts,Graduate,122.34,5.51,76.37,34.96,64.52,84.16,4.8,92.25,9,3,5.82,60.15,57.31,26.65,77.35,71.28,59.55,96.14,3,A,Pass,1
STU0309,Kabir,Female,Private,Grade 1,Phys.Ed,High School,34.83,6.52,59.7,62.01,26.78,62.81,11.19,23.63,5,3,6.98,65.29,89.41,70.28,68.54,74.19,64.91,63.62,3,C,Not Attended,1
STU0310,Sara,Female,Government,Grade 3,English,High School,44.6,4.77,72.0,72.46,42.57,33.56,5.02,57.09,4,2,3.91,54.97,52.45,97.76,79.29,61.01,61.76,53.32,3,D,Pass,1
STU0311,Olivia,Female,Private,Grade 4,Math's,Graduate,20.55,4.8,86.2,80.29,75.73,53.7,8.19,65.51,3,2,4.83,58.29,70.67,83.38,69.01,51.57,67.83,87.37,3,A,Pass,0
STU0312,Kabir,Female,Private,Grade 4,Phys.Ed,Graduate,51.09,8.96,49.1,34.29,34.91,66.2,6.67,100.0,2,0,3.37,63.77,42.6,100.0,67.24,66.36,59.42,82.42,3,B,Fail,1
STU0313,Michal,Male,Private,Grade 1,Arts,High School,26.88,8.63,76.69,74.6,89.05,58.48,7.27,85.44,6,2,5.51,84.02,65.58,100.0,40.31,74.1,73.27,100.0,4,A,Pass,0
STU0314,Mack,Female,Government,Grade 1,Science,Post Graduate,21.5,6.06,79.11,76.32,74.84,80.88,1.92,60.53,6,3,3.62,33.36,75.64,63.49,58.7,75.04,67.28,84.34,3,B,Pass,1
STU0315,Meera,Male,Government,Grade 2,Science,High School,1.97,7.95,59.78,73.22,47.48,31.22,7.18,65.36,7,2,5.82,65.2,47.79,48.6,53.78,75.51,55.35,83.88,3,B,Not Attended,1
STU0316,Sara,Male,Government,Grade 5,Arts,Post Graduate,99.84,4.98,66.12,76.38,66.06,81.89,4.63,42.0,3,1,3.15,66.2,79.81,71.64,88.74,61.12,73.98,65.11,4,C,Not Attended,0
STU0317,Cal,Female,Semi-Government,Grade 1,English,Graduate,15.43,6.4,56.28,75.68,70.67,30.19,9.87,46.52,5,1,5.95,81.1,54.9,73.74,75.09,70.66,66.5,63.04,3,C,Fail,1
STU0318,Robert,Female,Private,Grade 4,Science,Graduate,46.23,4.7,77.93,39.03,41.3,84.93,7.0,66.68,5,4,5.55,60.31,44.79,38.67,75.14,65.45,56.2,63.52,3,C,Fail,1
STU0319,Mia,Male,Semi-Government,Grade 1,Arts,Graduate,105.15,6.3,81.2,48.71,41.26,36.01,3.94,53.42,2,5,3.53,56.93,66.03,55.06,55.51,51.97,51.44,65.91,2,C,Fail,1
STU0320,Aarav,Female,Private,Grade 1,Arts,Graduate,45.22,6.6,76.51,46.9,45.78,68.83,7.45,71.44,0,2,3.48,57.53,53.89,60.98,58.83,57.86,56.32,89.07,3,A,Pass,0
STU0321,Michal,Female,Government,Grade 5,Math's,High School,72.9,4.81,58.34,61.77,55.14,45.92,4.31,97.55,8,1,4.77,82.28,95.39,59.26,86.91,64.46,68.89,63.23,3,C,Not Attended,1
STU0322,Ethan,Female,Private,Grade 2,Phys.Ed,High School,62.69,6.22,37.26,28.55,53.89,34.4,2.34,100.0,4,3,3.09,35.86,72.36,61.17,58.04,75.91,52.52,50.19,2,D,Not Attended,1
STU0323,Kabir,Female,Semi-Government,Grade 5,Math's,High School,24.12,8.31,71.61,92.78,80.34,42.44,14.84,73.85,2,3,7.39,72.17,75.35,80.74,61.74,77.26,72.85,93.31,4,A,Pass,1
STU0324,Robert,Female,Government,Grade 3,Phys.Ed,Graduate,0.0,5.04,40.41,57.38,44.53,68.19,7.75,79.06,2,3,4.55,59.92,44.34,79.49,58.27,93.37,63.19,72.02,3,B,Fail,1
STU0325,Robert,Female,Private,Grade 4,Arts,High School,21.11,8.73,50.96,83.97,63.68,56.66,6.28,74.22,1,3,3.61,51.22,74.85,62.28,42.03,54.5,61.15,80.46,3,B,Pass,1
STU0326,Zen,Female,Government,Grade 2,Science,Graduate,76.81,6.84,72.98,44.42,57.79,77.03,6.6,79.17,2,3,4.09,62.52,60.93,77.06,69.1,53.11,62.74,71.46,3,B,Pass,1
STU0327,Zen,Female,Semi-Government,Grade 5,Science,Graduate,46.95,6.14,61.59,54.34,63.15,27.76,2.72,15.31,4,6,3.99,67.66,62.46,50.36,53.93,48.2,53.48,53.2,2,D,Pass,1
STU0328,Sophia,Male,Semi-Government,Grade 5,Science,High School,35.72,4.08,58.1,16.66,47.61,65.85,5.8,100.0,5,1,4.32,59.41,52.88,64.32,51.3,64.16,52.77,50.47,2,D,Pass,1
STU0329,Sophia,Male,Private,Grade 5,Phys.Ed,Graduate,39.79,4.71,74.44,76.87,48.15,44.35,9.44,49.99,1,0,4.13,36.74,56.38,70.85,59.18,88.06,60.07,49.67,3,D,Pass,1
STU0330,Jack,Male,Private,Grade 2,Arts,Graduate,68.55,7.2,42.77,76.36,36.76,28.17,1.24,48.82,8,2,3.8,76.38,55.1,24.57,57.17,87.16,55.21,74.2,3,B,Not Attended,1
STU0331,Robert,Female,Private,Grade 1,Math's,Graduate,68.02,8.24,65.01,85.27,34.05,22.28,11.12,66.18,5,3,6.95,57.29,62.36,97.76,68.17,52.78,60.0,78.16,3,B,Pass,1
STU0332,Cal,Male,Private,Grade 3,Arts,Graduate,47.03,6.63,78.02,93.54,43.06,84.49,4.41,52.84,4,1,3.41,30.27,79.6,67.55,48.91,35.02,60.31,85.15,3,A,Pass,0
STU0333,Damon,Female,Government,Grade 3,Math's,High School,22.69,6.12,75.97,64.58,51.87,77.69,5.75,32.68,7,3,5.5,37.46,62.23,57.3,60.51,74.46,60.76,100.0,3,A,Pass,0
STU0334,Cal,Female,Semi-Government,Grade 3,Arts,High School,60.66,9.51,55.3,69.6,80.1,53.83,0.22,59.65,6,1,2.44,67.91,71.89,39.49,62.28,88.23,66.66,92.06,3,A,Pass,1
STU0335,Diya,Female,Private,Grade 4,Arts,Graduate,42.43,5.42,72.84,75.47,80.93,64.88,9.42,64.59,5,2,6.02,64.08,74.65,62.09,59.41,60.39,67.74,90.44,3,A,Pass,0
STU0336,Meera,Male,Government,Grade 5,English,Graduate,43.72,6.69,62.54,23.22,49.9,60.88,2.57,42.85,8,2,4.33,84.77,73.09,42.56,61.29,56.14,56.48,72.35,3,B,Not Attended,1
STU0337,Mason,Female,Semi-Government,Grade 2,Science,High School,0.0,6.51,74.1,15.3,80.34,34.06,2.67,53.33,2,3,2.52,55.3,49.68,55.36,85.1,55.3,53.81,58.28,2,C,Pass,1
STU0338,Mia,Male,Private,Grade 4,English,Graduate,42.04,7.42,65.3,68.74,96.99,40.66,6.84,32.64,4,6,5.64,44.52,43.59,74.06,61.25,55.59,60.67,73.73,3,B,Pass,1
STU0339,Hudson,Female,Semi-Government,Grade 4,Phys.Ed,Post Graduate,58.79,10.0,91.03,43.44,76.9,26.85,0.51,64.38,7,0,2.65,65.51,82.31,71.26,58.97,84.64,63.73,63.74,3,C,Pass,1
STU0340,Diya,Female,Private,Grade 5,English,High School,38.48,5.58,98.81,34.58,78.38,54.87,3.17,26.13,2,3,2.72,63.81,73.78,55.67,50.82,71.83,60.47,65.02,3,C,Pass,1
STU0341,Aditya,Female,Government,Grade 2,Science,High School,76.21,9.14,69.26,37.11,55.56,30.97,5.16,100.0,4,3,4.21,48.71,57.25,40.18,69.79,79.12,52.34,77.55,2,B,Pass,1
STU0342,Shawn,Male,Government,Grade 2,Phys.Ed,Graduate,42.63,5.87,72.75,38.9,69.56,67.08,7.38,100.0,3,0,4.0,58.46,67.98,53.18,65.64,35.57,57.05,76.88,3,B,Pass,1
STU0343,Damon,Female,Private,Grade 5,English,High School,63.53,7.36,60.42,85.33,46.52,55.51,3.78,42.3,6,2,4.11,77.72,54.27,49.19,68.12,63.05,62.46,80.99,3,B,Fail,0
STU0344,Emma,Male,Private,Grade 2,Phys.Ed,High School,65.27,2.29,78.11,89.37,48.3,35.03,8.36,37.9,1,3,4.44,87.66,80.44,66.64,38.64,51.78,62.23,64.36,3,C,Pass,1
STU0345,Tyler,Female,Government,Grade 4,Science,Post Graduate,71.53,7.95,87.43,42.94,71.0,38.2,5.16,78.48,3,2,3.61,62.86,73.58,24.26,76.67,83.68,59.15,74.22,3,B,Pass,1
STU0346,Zen,Female,Government,Grade 5,English,High School,55.28,2.97,72.29,84.61,73.49,67.81,0.0,48.71,4,1,1.65,64.43,88.88,49.25,58.83,83.15,71.31,79.02,4,B,Pass,1
STU0347,Damon,Male,Government,Grade 4,Phys.Ed,High School,76.7,6.31,59.11,17.59,86.47,67.49,0.63,83.23,3,4,2.3,45.4,65.77,68.24,85.16,62.58,62.34,81.61,3,B,Pass,1
STU0348,Cal,Female,Private,Grade 2,Math's,Post Graduate,98.72,8.5,67.38,39.58,48.61,72.74,15.03,53.42,2,2,7.21,50.66,54.29,30.26,82.19,80.03,57.3,84.54,3,B,Pass,1
STU0349,Sophia,Female,Government,Grade 5,Math's,High School,49.62,8.41,53.83,70.19,52.91,93.57,2.92,93.44,5,1,3.17,45.67,73.86,70.13,59.35,75.48,67.65,79.89,3,B,Not Attended,1
STU0350,Vivaan,Female,Semi-Government,Grade 3,English,Graduate,56.37,7.75,59.22,24.27,73.84,93.83,2.58,28.32,3,5,3.33,73.69,68.3,67.04,97.62,66.87,70.68,65.83,4,C,Pass,1
STU0351,Aarav,Male,Private,Grade 1,English,Post Graduate,61.9,6.84,73.39,71.01,57.49,62.92,8.22,62.16,4,2,5.19,81.07,64.34,75.27,68.78,65.24,68.27,84.82,3,B,Pass,0
STU0352,Mason,Female,Private,Grade 5,Science,Graduate,2.91,5.18,94.65,31.86,33.29,66.17,2.48,92.14,4,2,2.89,63.77,36.61,28.98,63.88,59.28,47.98,73.15,2,B,Pass,1
STU0353,Ava,Male,Private,Grade 2,Science,High School,97.55,4.9,47.35,89.44,78.32,75.86,5.13,24.29,4,2,3.95,70.2,76.79,66.01,66.64,84.54,75.98,65.95,4,C,Pass,1
STU0354,Tyler,Male,Private,Grade 4,Math's,High School,14.62,9.29,43.62,92.57,67.33,93.21,4.42,53.26,1,3,2.87,68.23,73.41,42.23,46.75,73.49,69.65,100.0,3,A,Pass,1
STU0355,Shawn,Female,Semi-Government,Grade 5,English,Graduate,35.26,4.96,77.59,72.32,74.02,69.04,3.17,29.35,3,1,2.57,75.11,68.42,59.98,57.27,78.69,69.36,57.53,3,C,Pass,0
STU0356,Lucas,Female,Private,Grade 4,Phys.Ed,High School,66.58,7.04,74.53,100.0,84.91,58.85,6.52,100.0,3,2,4.16,69.75,48.57,53.11,53.73,55.21,65.52,98.91,3,A,Pass,0
STU0357,Mia,Female,Government,Grade 4,English,High School,48.04,5.44,83.51,58.6,58.83,67.57,3.03,57.75,5,0,2.96,83.24,58.62,57.02,70.53,90.39,68.1,66.61,3,C,Fail,0
STU0358,Sara,Male,Private,Grade 4,Science,Graduate,25.91,4.76,79.55,100.0,83.9,55.69,10.21,43.64,3,2,5.63,76.72,60.58,91.28,66.15,68.42,75.34,80.34,4,B,Pass,0
STU0359,Kabir,Male,Government,Grade 5,Math's,High School,50.35,4.82,100.0,70.61,69.48,34.73,8.49,63.2,1,1,4.0,55.64,55.28,73.21,42.55,72.04,59.19,76.35,3,B,Pass,1
STU0360,Lucas,Female,Semi-Government,Grade 5,English,High School,41.55,6.71,63.19,62.55,54.79,63.45,5.33,29.28,4,2,4.03,41.91,78.5,64.72,59.55,62.73,61.03,75.59,3,B,Pass,0
STU0361,Hudson,Male,Government,Grade 1,Arts,High School,55.79,7.24,93.65,18.2,52.22,60.9,8.29,30.89,2,1,4.27,59.01,68.59,65.99,67.72,66.8,57.43,60.98,3,C,Pass,1
STU0362,Kabir,Female,Semi-Government,Grade 3,Phys.Ed,High School,6.37,7.93,67.2,69.21,61.49,63.65,5.09,82.01,2,4,3.74,52.11,84.6,74.71,50.04,67.91,65.47,85.68,3,A,Pass,0
STU0363,Diya,Female,Semi-Government,Grade 5,English,High School,21.0,5.88,61.44,63.89,61.17,73.66,7.61,29.11,1,2,3.89,42.31,94.3,32.1,72.25,62.6,62.78,75.74,3,B,Pass,0
STU0364,Aarav,Male,Private,Grade 3,Arts,High School,65.29,6.4,78.92,67.63,82.43,79.91,5.88,54.55,4,3,4.5,75.32,54.95,53.52,41.44,54.99,63.77,86.2,3,A,Pass,0
STU0365,Sara,Female,Private,Grade 3,Phys.Ed,High School,69.22,6.76,72.73,86.6,61.32,16.33,20.18,49.43,6,0,10.17,58.72,69.4,55.15,61.83,65.72,59.38,79.59,3,B,Pass,1
STU0366,Mason,Female,Government,Grade 5,Phys.Ed,Post Graduate,12.34,3.68,81.44,29.67,50.7,62.37,7.87,85.15,6,4,6.25,38.46,58.38,61.36,51.8,68.23,52.62,71.07,2,B,Pass,1
STU0367,Meera,Male,Semi-Government,Grade 5,Arts,Graduate,36.31,8.56,65.53,100.0,99.86,55.12,3.69,82.73,5,1,3.48,63.61,59.0,53.86,73.26,74.73,72.43,100.0,4,A,Pass,0
STU0368,Michal,Male,Private,Grade 5,Science,Post Graduate,47.02,8.61,72.54,42.43,89.44,31.46,2.82,77.76,2,2,2.33,81.81,47.28,89.6,64.79,53.45,62.53,63.27,3,C,Pass,1
STU0369,Diya,Male,Private,Grade 4,Science,High School,49.92,6.61,82.58,76.67,74.77,79.08,12.42,92.31,4,3,7.12,61.98,63.52,64.48,56.31,56.14,66.62,79.61,3,B,Pass,0
STU0370,Mack,Female,Private,Grade 4,English,High School,87.79,3.86,82.41,89.53,0.0,57.22,5.53,67.72,6,3,5.06,68.97,54.7,65.02,59.08,56.84,56.42,54.23,3,D,Pass,1
STU0371,Kabir,Male,Semi-Government,Grade 5,Math's,Graduate,70.86,6.85,75.98,49.18,85.14,39.33,0.0,40.3,4,1,1.65,26.75,42.34,30.7,68.49,69.99,51.49,75.92,2,B,Pass,1
STU0372,Diya,Male,Government,Grade 4,Math's,Graduate,45.03,7.29,34.72,36.5,81.64,43.29,0.42,81.39,2,1,1.12,55.27,82.52,77.52,62.15,61.9,62.6,66.84,3,C,Fail,1
STU0373,Liam,Male,Government,Grade 5,Math's,High School,29.32,6.93,68.98,78.78,36.46,25.13,6.72,54.2,4,3,4.84,84.03,71.34,57.53,63.96,55.95,59.15,54.02,3,D,Fail,1
STU0374,Emma,Male,Government,Grade 3,English,High School,27.19,5.09,65.39,69.58,66.61,81.29,7.18,74.47,3,2,4.42,100.0,62.48,25.34,78.92,72.78,69.62,72.46,3,B,Pass,0
STU0375,Robert,Male,Private,Grade 2,Science,High School,34.31,7.41,66.2,90.87,59.72,21.16,9.24,100.0,4,2,5.6,65.86,69.1,46.04,85.72,83.2,65.21,89.71,3,A,Fail,1
STU0376,Aditya,Male,Private,Grade 5,English,Graduate,57.37,5.39,65.83,82.66,66.6,32.04,10.12,100.0,8,2,7.35,57.03,72.28,40.12,60.16,44.06,56.87,73.74,3,B,Pass,1
STU0377,Aarav,Female,Semi-Government,Grade 1,Math's,Post Graduate,60.55,7.25,59.39,80.7,49.48,96.46,0.0,52.88,3,3,1.8,57.29,69.64,45.67,51.41,59.27,63.74,83.8,3,B,Not Attended,1
STU0378,Meera,Female,Semi-Government,Grade 5,Science,Graduate,83.64,6.2,74.17,78.58,68.05,45.43,9.86,75.14,3,2,5.49,56.07,70.33,85.63,77.97,62.53,68.07,79.21,3,B,Pass,0
STU0379,Hudson,Female,Semi-Government,Grade 5,Arts,Post Graduate,0.0,4.95,70.75,58.6,73.98,83.56,12.74,48.1,2,2,6.3,70.46,79.08,66.13,85.92,59.76,72.19,73.75,4,B,Fail,0
STU0380,Lucas,Female,Private,Grade 1,Phys.Ed,High School,22.75,7.16,83.35,65.43,80.19,59.94,3.63,85.47,3,2,3.0,66.2,80.95,90.41,62.5,72.06,72.21,92.98,4,A,Pass,0
STU0381,Kabir,Female,Private,Grade 5,English,Graduate,2.27,5.16,71.45,52.81,54.77,46.86,9.98,74.86,3,8,7.04,47.33,57.43,24.38,85.32,76.8,55.71,65.72,3,C,Pass,0
STU0382,Shawn,Male,Government,Grade 2,Phys.Ed,Graduate,22.21,5.94,70.74,79.0,74.86,37.64,7.74,70.02,5,0,4.85,75.46,72.87,46.83,80.37,63.49,66.31,79.68,3,B,Pass,1
STU0383,Aditya,Female,Semi-Government,Grade 5,English,Graduate,51.47,7.67,72.84,80.91,60.37,66.39,5.84,63.69,4,2,4.24,83.5,39.96,47.67,59.87,69.6,63.53,98.07,3,A,Pass,0
STU0384,Tyler,Female,Private,Grade 5,Science,High School,77.38,6.68,88.7,71.68,56.17,27.0,7.1,30.19,4,2,4.74,48.11,49.07,82.37,69.73,64.05,58.52,83.6,3,B,Pass,1
STU0385,Jack,Female,Government,Grade 5,Science,Graduate,32.83,5.96,67.53,41.15,93.97,100.0,9.6,29.83,6,2,6.44,70.45,58.34,31.24,56.39,74.7,65.78,95.45,3,A,Pass,1
STU0386,Damon,Male,Private,Grade 3,Math's,Post Graduate,60.16,7.06,81.15,39.86,95.03,43.85,9.86,76.84,3,4,5.99,83.13,64.24,72.08,69.95,52.96,65.14,65.31,3,C,Pass,1
STU0387,Lucas,Male,Government,Grade 2,Science,Post Graduate,75.61,4.45,77.86,70.73,85.69,34.03,3.03,77.14,4,1,2.86,75.27,81.41,73.74,59.34,52.34,66.57,58.78,3,C,Pass,1
STU0388,Mia,Female,Semi-Government,Grade 3,Math's,Graduate,29.94,7.62,62.04,28.98,89.41,46.14,4.78,60.81,4,4,4.31,43.56,94.54,79.75,66.71,53.43,62.82,70.5,3,B,Pass,1
STU0389,Sophia,Female,Semi-Government,Grade 5,Science,Post Graduate,67.3,8.02,53.25,80.54,52.34,65.97,3.96,70.37,6,3,4.43,53.77,62.9,86.94,60.07,29.45,61.5,81.39,3,B,Pass,1
STU0390,Liam,Male,Government,Grade 5,Phys.Ed,Graduate,54.8,5.78,68.85,61.83,56.69,70.57,15.2,46.19,4,2,7.98,45.74,82.57,69.96,62.04,42.0,61.43,83.87,3,B,Pass,0
STU0391,Mason,Female,Private,Grade 2,English,High School,57.13,7.85,100.0,66.6,58.15,67.68,10.71,69.83,5,2,6.53,58.59,78.87,75.39,64.29,62.42,66.5,100.0,3,A,Pass,0
STU0392,Olivia,Female,Government,Grade 2,Math's,High School,0.0,6.92,71.71,53.48,77.26,97.8,2.71,49.82,0,5,2.33,59.82,62.14,90.78,69.01,56.39,70.83,86.32,4,A,Pass,1
STU0393,Mia,Female,Government,Grade 5,Arts,High School,13.87,6.5,50.0,50.75,70.98,29.9,10.63,96.47,4,1,5.9,55.47,74.74,67.71,37.07,72.51,57.39,69.71,3,C,Not Attended,1
STU0394,Cal,Female,Private,Grade 2,Phys.Ed,Graduate,51.14,5.66,68.33,36.29,63.84,50.78,11.15,36.95,5,1,6.46,67.3,42.92,54.1,60.61,64.35,55.02,68.5,3,C,Pass,1
STU0395,Jack,Female,Semi-Government,Grade 5,Arts,High School,86.91,5.81,89.14,37.8,69.82,23.95,6.82,70.63,3,0,3.78,57.97,70.99,85.69,65.46,65.71,59.67,64.11,3,C,Pass,1
STU0396,Anaya,Female,Private,Grade 5,Science,Graduate,8.81,7.81,100.0,67.79,80.56,51.9,5.83,40.76,4,1,3.98,45.98,71.04,82.16,64.47,61.5,65.68,82.87,3,B,Pass,0
STU0397,Michal,Male,Private,Grade 5,Math's,Graduate,69.58,5.87,63.35,10.29,45.29,39.55,3.84,48.67,2,4,3.24,80.33,50.01,39.03,53.68,40.36,44.82,47.61,2,D,Pass,1
STU0398,Ethan,Male,Semi-Government,Grade 1,Math's,High School,51.17,5.78,51.07,71.83,74.25,44.43,1.6,100.0,2,1,1.59,63.73,65.58,65.79,62.4,69.08,64.64,68.49,3,C,Pass,1
STU0399,Meera,Male,Government,Grade 5,Science,Graduate,16.25,7.74,76.53,50.72,26.73,51.42,8.08,48.33,5,2,5.48,66.8,76.54,87.29,77.87,51.87,61.16,60.9,3,C,Pass,0
STU0400,Zen,Male,Private,Grade 5,Phys.Ed,High School,52.77,5.88,60.57,82.01,92.44,100.0,7.33,86.69,7,0,5.38,46.56,69.18,29.06,73.56,63.75,69.57,88.3,3,A,Pass,0
STU0401,Isha,Male,Semi-Government,Grade 5,Phys.Ed,Post Graduate,39.8,8.65,88.7,100.0,71.4,56.64,0.0,47.24,6,2,2.6,57.63,52.69,100.0,69.84,58.22,70.8,88.35,4,A,Pass,1
STU0402,Riya,Male,Private,Grade 4,Arts,Post Graduate,65.34,8.57,84.2,47.35,46.15,42.76,0.91,69.54,2,0,1.06,88.63,70.31,72.63,50.19,57.23,59.41,83.3,3,B,Pass,1
STU0403,Damon,Female,Private,Grade 5,Arts,Graduate,49.71,7.67,54.44,56.6,59.03,63.62,10.37,70.46,6,2,6.75,60.49,67.49,32.8,59.96,81.99,60.25,99.15,3,A,Fail,1
STU0404,Michal,Female,Private,Grade 2,Science,Graduate,35.53,5.77,62.69,56.63,45.08,51.16,7.95,90.92,4,3,5.33,53.03,60.21,32.68,51.73,54.59,50.64,73.75,2,B,Pass,0
STU0405,Jack,Female,Government,Grade 5,Math's,Graduate,48.44,6.19,94.61,41.5,55.63,68.59,2.05,41.23,1,2,1.67,49.58,67.68,68.11,63.52,70.32,60.62,73.4,3,B,Pass,1
STU0406,Shawn,Female,Government,Grade 4,English,High School,45.92,8.93,79.77,90.49,70.61,73.98,0.0,44.06,1,0,0.35,68.8,72.01,71.45,71.17,73.03,73.94,98.16,4,A,Pass,1
STU0407,Sara,Female,Private,Grade 5,Science,High School,10.46,9.27,51.08,65.47,92.2,71.18,6.7,42.76,4,1,4.33,62.72,67.09,96.09,58.51,67.45,72.59,80.16,4,B,Not Attended,1
STU0408,Lucas,Male,Semi-Government,Grade 3,Science,Graduate,0.0,7.23,63.26,57.95,73.73,100.0,5.11,100.0,2,3,3.49,99.55,59.22,72.59,41.71,58.53,70.41,90.65,4,A,Pass,0
STU0409,Michal,Male,Private,Grade 3,Math's,Post Graduate,77.71,9.18,50.44,46.19,46.92,39.07,4.22,76.76,2,3,3.14,64.25,66.86,86.7,28.77,69.59,56.04,71.49,3,B,Not Attended,1
STU0410,Lucas,Female,Private,Grade 2,English,Post Graduate,0.0,5.49,100.0,71.86,82.95,50.26,2.58,84.63,4,2,2.93,57.45,80.98,64.25,81.84,58.56,68.52,90.65,3,A,Pass,1
STU0411,Anaya,Male,Government,Grade 4,Science,Post Graduate,117.85,8.76,89.89,31.61,68.03,74.21,8.48,50.9,1,1,3.99,65.5,95.64,44.95,57.81,80.24,64.75,82.61,3,B,Fail,1
STU0412,Damon,Male,Semi-Government,Grade 1,Arts,High School,46.38,6.91,88.49,85.83,69.53,64.42,6.86,77.74,5,0,4.49,78.39,66.27,53.51,44.16,61.25,65.42,93.41,3,A,Pass,0
STU0413,Lucas,Female,Private,Grade 5,Arts,Graduate,49.29,6.87,77.16,44.52,65.74,38.76,0.38,51.28,6,3,3.0,56.07,67.22,53.58,52.33,46.7,53.12,67.69,2,C,Pass,1
STU0414,Liam,Female,Private,Grade 3,Science,Graduate,48.79,5.87,48.04,75.26,89.48,58.44,0.0,58.37,1,1,0.6,48.39,66.36,55.89,68.39,62.77,65.62,70.78,3,B,Pass,1
STU0415,Damon,Female,Private,Grade 1,Phys.Ed,High School,36.7,10.0,61.43,85.5,73.18,46.7,8.09,77.4,7,3,6.44,67.88,44.13,70.7,70.02,95.44,69.19,100.0,3,A,Pass,0
STU0416,Kabir,Female,Government,Grade 1,English,Post Graduate,24.56,6.24,44.8,39.08,42.63,77.2,2.69,99.07,5,2,3.33,68.37,52.91,26.24,69.57,57.4,54.17,63.01,2,C,Not Attended,1
STU0417,Aditya,Male,Government,Grade 3,English,Graduate,48.03,5.16,62.08,58.74,67.89,93.54,11.96,85.96,6,4,7.88,61.07,48.02,41.99,69.89,42.85,60.5,80.82,3,B,Pass,0
STU0418,Sophia,Male,Government,Grade 5,Arts,Post Graduate,50.91,6.27,64.66,85.0,59.05,44.38,11.28,95.04,0,2,5.01,60.05,60.69,59.21,50.5,70.73,61.2,92.36,3,A,Pass,1
STU0419,Damon,Female,Private,Grade 1,Math's,Post Graduate,58.46,6.63,60.31,64.91,41.63,37.21,8.58,41.62,5,1,5.43,50.39,62.87,65.95,54.22,65.29,55.31,72.35,3,B,Pass,1
STU0420,Liam,Female,Government,Grade 1,English,High School,25.03,6.39,56.84,25.81,67.94,88.11,9.84,90.67,5,4,6.69,51.84,79.03,88.01,44.43,71.67,64.6,81.8,3,B,Pass,1
STU0421,Meera,Female,Private,Grade 5,Science,Post Graduate,47.85,5.84,81.29,47.43,60.4,95.33,13.96,14.13,1,3,6.68,65.27,75.93,56.21,63.44,69.83,66.73,86.33,3,A,Pass,0
STU0422,Cal,Female,Semi-Government,Grade 3,Phys.Ed,High School,56.0,7.67,88.68,50.75,58.3,25.18,3.0,28.56,4,1,2.85,42.26,77.84,85.99,52.42,63.77,57.06,74.41,3,B,Pass,1
STU0423,Meera,Male,Government,Grade 3,Science,High School,27.96,6.94,52.69,95.22,61.74,15.24,3.17,43.14,2,0,1.97,70.81,55.55,81.26,46.3,72.84,62.37,81.99,3,B,Not Attended,1
STU0424,Lucas,Male,Private,Grade 5,Phys.Ed,Post Graduate,7.73,6.9,73.29,55.22,44.85,34.84,7.2,35.73,4,5,5.53,64.72,58.7,56.04,70.02,55.14,54.94,77.46,2,B,Pass,1
STU0425,Anaya,Female,Private,Grade 2,Phys.Ed,Post Graduate,16.72,7.67,73.19,60.45,77.75,49.38,0.0,77.81,2,4,1.7,38.6,95.64,52.6,62.75,32.73,58.74,79.89,3,B,Pass,1
STU0426,Riya,Female,Government,Grade 4,Arts,High School,15.76,6.16,79.98,47.21,38.89,18.63,7.92,53.38,5,2,5.42,40.71,72.72,14.94,54.18,67.66,44.37,69.65,2,C,Pass,1
STU0427,Diya,Female,Private,Grade 4,English,Graduate,85.73,6.56,69.57,100.0,38.06,86.36,8.63,54.49,3,1,4.75,59.2,59.29,67.0,57.78,45.58,64.16,100.0,3,A,Pass,0
STU0428,Damon,Female,Semi-Government,Grade 3,Arts,Graduate,35.73,5.24,51.72,76.52,69.79,66.77,4.52,59.3,1,2,2.66,70.42,59.46,73.76,65.71,53.67,67.01,81.44,3,B,Not Attended,1
STU0429,Mia,Female,Government,Grade 5,Science,High School,79.41,5.64,45.96,50.53,41.34,16.48,5.69,52.98,3,5,4.58,97.91,64.27,63.07,56.66,87.68,59.74,75.0,3,B,Pass,1
STU0430,Hudson,Male,Government,Grade 5,Science,High School,17.12,7.9,100.0,84.3,65.9,50.7,0.0,73.45,3,0,1.05,51.72,91.1,67.39,70.23,65.01,68.29,84.21,3,B,Not Attended,1
STU0431,Ava,Male,Government,Grade 5,Science,High School,45.16,8.41,89.42,87.07,55.82,35.46,9.26,53.59,6,2,6.3,62.66,45.57,81.92,73.42,60.32,62.78,83.55,3,B,Not Attended,1
STU0432,Anaya,Female,Government,Grade 5,Science,Post Graduate,55.01,6.05,87.99,31.52,51.19,75.06,7.3,49.69,5,1,4.92,66.32,51.28,53.2,62.16,86.29,59.63,58.03,3,C,Pass,1
STU0433,Isha,Female,Private,Grade 5,Phys.Ed,Graduate,88.33,6.28,81.9,75.43,91.0,78.49,0.8,90.72,5,3,2.82,66.71,56.54,30.63,75.75,65.63,67.52,81.88,3,B,Pass,1
STU0434,Hudson,Male,Semi-Government,Grade 5,Science,High School,35.19,8.76,56.0,51.75,37.81,79.38,6.57,46.17,3,0,3.68,61.71,58.66,74.7,55.27,46.91,58.27,98.13,3,A,Fail,1
STU0435,Diya,Female,Government,Grade 5,Arts,Post Graduate,94.24,8.38,92.02,69.14,75.37,100.0,2.15,69.2,7,2,3.81,67.85,67.05,37.56,41.43,51.14,63.69,100.0,3,A,Pass,1
STU0436,Ava,Female,Private,Grade 3,Arts,Post Graduate,32.93,6.11,64.05,61.09,71.95,76.77,4.89,20.31,8,2,5.26,52.4,73.11,47.16,63.72,61.4,63.45,78.86,3,B,Pass,0
STU0437,Mia,Male,Semi-Government,Grade 5,Math's,Graduate,61.52,8.75,79.56,70.53,58.32,57.89,7.65,58.4,3,2,4.61,44.58,61.03,12.31,65.07,74.47,55.52,79.34,3,B,Pass,0
STU0438,Anaya,Female,Semi-Government,Grade 2,Arts,Graduate,29.23,5.26,81.47,52.38,60.27,85.94,11.18,59.23,4,1,6.12,51.64,57.65,27.3,70.48,55.71,57.67,83.03,3,B,Pass,0
STU0439,Sara,Male,Private,Grade 5,English,High School,61.61,5.19,71.67,89.14,73.37,64.4,0.72,79.61,8,1,3.34,49.24,55.8,51.33,63.91,76.85,65.5,86.35,3,A,Pass,1
STU0440,Olivia,Male,Private,Grade 5,Phys.Ed,Graduate,61.33,5.54,59.04,81.83,69.32,21.32,11.81,58.03,5,3,7.22,56.66,81.23,69.38,62.95,44.71,60.93,72.34,3,B,Pass,1
STU0441,Aditya,Male,Government,Grade 4,Arts,Graduate,47.47,7.09,73.7,57.22,86.77,44.89,7.52,22.73,2,3,4.46,65.72,51.02,72.36,56.22,23.12,57.16,82.07,3,B,Pass,1
STU0442,Sara,Female,Semi-Government,Grade 2,Science,High School,52.9,5.53,84.69,44.89,100.0,42.75,10.1,86.25,2,3,5.49,93.44,59.58,55.02,55.66,66.82,64.77,82.71,3,B,Pass,1
STU0443,Damon,Female,Private,Grade 5,Math's,Graduate,21.79,7.31,76.87,31.91,49.7,33.93,4.53,67.16,6,2,4.41,86.18,68.16,39.93,42.7,58.3,51.35,63.39,2,C,Pass,1
STU0444,Sara,Female,Private,Grade 5,Phys.Ed,Post Graduate,63.88,6.99,90.87,75.82,58.87,32.08,7.73,92.66,3,0,4.14,51.96,55.63,79.9,31.28,55.69,55.15,80.68,3,B,Pass,1
STU0445,Isha,Male,Government,Grade 4,Arts,High School,62.9,6.6,78.0,30.33,58.8,86.99,10.36,59.03,5,1,6.14,49.04,62.85,63.29,75.7,80.66,63.46,88.27,3,A,Pass,1
STU0446,Hudson,Female,Private,Grade 1,Math's,Graduate,38.56,6.06,69.48,56.02,62.9,26.4,7.06,77.91,3,0,3.87,74.9,75.01,75.97,74.0,51.36,62.07,65.8,3,C,Pass,1
STU0447,Emma,Male,Semi-Government,Grade 5,Science,High School,25.01,7.02,52.6,50.48,100.0,30.31,6.2,100.0,3,1,3.78,77.56,69.75,21.59,41.86,82.84,59.3,79.8,3,B,Not Attended,1
STU0448,Tyler,Male,Semi-Government,Grade 4,Science,High School,75.27,8.84,55.32,31.92,72.11,57.38,10.83,57.53,10,1,8.08,70.42,63.22,66.68,49.1,47.55,57.3,85.44,3,A,Pass,1
STU0449,Mason,Female,Government,Grade 5,English,Graduate,57.23,6.21,50.57,42.97,81.39,58.72,4.47,63.2,10,2,5.79,38.36,71.53,66.53,74.95,65.89,62.54,63.1,3,C,Pass,1
STU0450,Lucas,Male,Government,Grade 5,English,High School,85.67,7.92,25.8,54.35,34.08,57.29,0.0,69.22,3,1,1.3,51.96,59.47,65.95,67.61,39.37,53.76,67.49,2,C,Fail,1
STU0451,Robert,Female,Private,Grade 5,Arts,High School,75.83,5.87,67.69,45.38,83.72,64.84,7.27,95.24,7,1,5.61,64.92,62.78,61.19,47.26,62.4,61.56,79.64,3,B,Pass,0
STU0452,Mack,Male,Private,Grade 5,Phys.Ed,High School,107.46,4.75,100.0,59.65,51.02,75.22,9.7,36.7,8,0,6.68,57.72,79.41,51.45,53.17,93.43,65.13,71.65,3,B,Not Attended,0
STU0453,Liam,Male,Private,Grade 4,Math's,Graduate,11.58,8.17,89.99,39.46,85.15,98.88,11.97,39.95,6,3,7.64,90.27,57.12,60.96,45.25,78.05,69.39,96.22,3,A,Pass,1
STU0454,Sara,Female,Semi-Government,Grade 2,Phys.Ed,High School,36.66,7.68,63.56,61.88,80.6,37.55,8.96,74.04,2,4,5.28,100.0,73.19,44.51,70.91,88.69,69.67,85.71,3,A,Pass,1
STU0455,Mia,Male,Semi-Government,Grade 5,English,Graduate,19.73,6.78,47.59,80.46,77.16,56.09,3.8,61.58,9,1,4.92,68.3,68.58,81.37,55.38,61.09,68.55,84.53,3,B,Not Attended,1
STU0456,Meera,Female,Government,Grade 2,English,Graduate,31.27,6.05,64.85,64.39,64.64,42.1,0.0,42.17,3,1,1.3,54.64,50.17,57.74,48.12,49.42,53.9,55.49,2,C,Pass,1
STU0457,Jack,Male,Semi-Government,Grade 5,English,High School,70.47,7.3,100.0,77.18,49.42,47.43,11.56,53.42,3,1,5.92,40.72,69.47,78.53,40.64,79.05,60.31,74.87,3,B,Pass,0
STU0458,Mason,Female,Private,Grade 5,Science,High School,56.29,7.68,72.79,46.2,62.0,61.3,11.86,95.44,5,4,7.49,62.8,74.79,47.75,64.51,84.27,62.95,81.09,3,B,Pass,0
STU0459,Lucas,Female,Private,Grade 5,Phys.Ed,High School,56.96,8.35,48.53,21.18,47.65,85.44,4.22,58.53,6,1,4.04,45.95,72.31,61.81,74.59,90.55,62.44,63.63,3,C,Fail,1
STU0460,Ethan,Male,Semi-Government,Grade 1,Science,High School,48.83,7.05,88.25,74.57,84.49,59.35,3.49,100.0,2,3,2.85,63.96,61.21,49.82,64.73,51.87,63.75,82.91,3,B,Pass,0
STU0461,Robert,Female,Government,Grade 2,Arts,Graduate,28.94,6.03,96.48,47.16,27.52,66.85,6.99,66.83,1,5,4.4,58.52,61.21,39.24,56.56,9.86,45.87,67.32,2,C,Fail,0
STU0462,Mason,Male,Private,Grade 5,Arts,Post Graduate,45.46,3.23,71.09,26.41,42.25,53.88,11.11,74.91,3,2,5.99,44.09,49.09,37.94,65.56,52.83,46.51,43.42,2,D,Pass,1
STU0463,Zen,Female,Private,Grade 4,Phys.Ed,Graduate,60.1,4.03,100.0,40.01,66.42,36.69,0.0,76.75,3,2,1.55,82.45,57.86,66.32,69.11,50.15,58.63,43.86,3,D,Pass,1
STU0464,Jack,Male,Government,Grade 2,Math's,High School,60.68,8.13,68.28,73.84,66.68,66.06,9.11,38.63,2,0,4.34,73.64,60.04,66.79,28.45,74.62,63.77,100.0,3,A,Pass,0
STU0465,Emma,Female,Semi-Government,Grade 3,Math's,High School,40.98,6.04,82.36,94.45,79.14,54.16,1.54,56.2,3,1,1.92,35.31,76.05,30.42,62.01,56.45,61.0,86.07,3,A,Pass,1
STU0466,Liam,Female,Government,Grade 3,English,High School,37.9,6.53,72.63,100.0,61.85,21.22,3.14,83.71,2,2,2.46,60.84,41.23,38.78,56.92,57.7,54.82,78.21,2,B,Fail,1
STU0467,Aditya,Female,Private,Grade 5,Science,High School,53.22,7.35,61.18,79.87,59.44,48.76,6.09,51.81,5,2,4.69,45.75,73.77,46.56,56.19,43.02,56.67,74.5,3,B,Pass,0
STU0468,Diya,Female,Government,Grade 4,Science,Graduate,59.8,4.92,97.38,47.86,37.47,85.11,8.38,100.0,5,2,5.6,39.6,76.17,45.23,66.63,64.39,57.81,68.33,3,C,Pass,0
STU0469,Shawn,Female,Semi-Government,Grade 2,Science,Graduate,20.72,5.98,86.45,64.35,80.34,51.08,11.3,62.0,4,1,6.17,26.32,86.59,61.72,79.67,86.98,67.13,87.8,3,A,Pass,0
STU0470,Mia,Male,Semi-Government,Grade 3,Science,High School,46.42,6.51,78.8,95.32,71.82,24.12,5.65,82.2,11,4,7.11,55.28,39.67,47.07,79.95,65.83,59.88,71.65,3,B,Pass,1
STU0471,Cal,Male,Government,Grade 2,Science,Post Graduate,8.56,3.86,79.75,70.17,81.46,65.21,0.0,78.08,3,2,1.55,45.44,52.59,42.17,57.56,94.23,63.6,72.16,3,B,Pass,1
STU0472,Zen,Male,Private,Grade 5,Phys.Ed,Graduate,14.19,5.64,100.0,89.68,55.56,46.93,1.95,50.89,6,4,3.88,78.9,64.62,96.03,61.53,81.25,71.81,79.25,4,B,Pass,1
STU0473,Riya,Male,Government,Grade 5,Phys.Ed,Graduate,37.1,6.74,76.44,81.82,50.29,58.51,4.33,54.28,4,3,3.88,49.01,65.82,52.8,69.0,52.5,59.97,71.14,3,B,Pass,0
STU0474,Vivaan,Female,Private,Grade 2,Phys.Ed,Post Graduate,60.22,4.66,74.16,59.63,61.89,55.61,5.54,86.95,2,0,2.92,66.5,42.82,71.63,78.69,48.18,60.62,65.9,3,C,Pass,0
STU0475,Mason,Male,Private,Grade 4,Science,Graduate,49.18,6.02,72.77,43.72,50.51,63.12,0.0,86.03,7,4,3.45,62.35,77.75,39.1,83.13,54.99,59.33,69.66,3,C,Pass,1
STU0476,Isha,Male,Private,Grade 2,Math's,Post Graduate,53.66,7.35,88.23,64.51,35.24,71.98,5.43,39.54,8,4,5.97,54.04,38.17,78.06,98.21,82.33,65.32,81.32,3,B,Pass,0
STU0477,Emma,Male,Semi-Government,Grade 4,Math's,Graduate,36.82,4.28,79.22,88.57,53.91,34.76,7.98,69.2,4,1,4.84,68.5,43.55,34.01,61.23,62.64,55.9,71.3,3,B,Fail,1
STU0478,Jack,Female,Private,Grade 2,Arts,Graduate,61.72,5.08,95.21,62.05,46.97,33.18,2.33,36.42,7,0,3.38,78.16,50.61,52.31,63.23,96.02,60.32,58.36,3,C,Pass,1
STU0479,Robert,Male,Private,Grade 1,Math's,Graduate,37.37,9.01,68.9,68.17,48.5,50.16,0.0,61.33,2,1,0.95,70.32,47.37,49.26,61.36,53.42,56.07,76.9,3,B,Pass,1
STU0480,Anaya,Female,Semi-Government,Grade 5,English,Graduate,29.96,4.93,74.45,100.0,35.37,22.17,11.12,71.29,6,2,7.05,53.48,75.05,40.55,61.91,100.0,61.07,61.09,3,C,Pass,1
STU0481,Riya,Female,Private,Grade 2,Science,Graduate,55.87,7.26,87.64,87.8,99.13,58.35,3.83,36.58,5,2,3.78,56.36,69.66,74.25,54.14,52.74,69.05,100.0,3,A,Pass,0
STU0482,Vivaan,Male,Private,Grade 5,Science,Graduate,14.98,7.68,79.35,100.0,64.79,70.7,0.2,46.2,4,1,1.73,67.31,47.62,50.04,66.75,67.69,66.86,83.83,3,B,Pass,1
STU0483,Mack,Female,Private,Grade 2,Phys.Ed,High School,68.47,4.66,75.51,63.52,31.52,38.48,3.27,84.34,1,3,2.41,64.29,79.31,81.09,41.39,62.22,57.73,56.79,3,C,Pass,1
STU0484,Michal,Male,Private,Grade 2,Arts,Post Graduate,36.26,8.21,73.81,60.84,51.46,82.77,6.49,60.59,5,0,4.35,55.91,52.74,68.12,46.83,61.83,60.06,93.34,3,A,Pass,0
STU0485,Diya,Male,Government,Grade 3,Science,Graduate,22.57,6.21,86.68,47.84,94.14,55.0,7.8,55.27,7,0,5.57,94.59,65.8,44.14,55.39,65.4,65.29,79.23,3,B,Pass,0
STU0486,Robert,Female,Government,Grade 5,English,Post Graduate,65.25,6.11,34.62,94.7,44.73,65.19,5.59,63.65,10,3,6.49,38.7,64.31,87.78,46.78,65.8,63.5,70.34,3,B,Not Attended,1
STU0487,Noah,Female,Government,Grade 5,Math's,Post Graduate,30.95,5.05,55.76,33.13,32.87,100.0,5.27,36.3,2,2,3.31,79.79,46.36,24.05,56.34,32.09,50.58,57.06,2,C,Pass,1
STU0488,Diya,Female,Government,Grade 1,Science,High School,62.99,5.96,90.24,30.34,70.3,100.0,5.3,61.1,6,1,4.47,59.75,81.57,68.35,46.99,60.75,64.76,96.17,3,A,Pass,1
STU0489,Anaya,Male,Semi-Government,Grade 5,Phys.Ed,Graduate,65.37,8.15,88.44,64.23,71.55,77.03,6.73,78.88,1,2,3.54,64.54,50.09,42.71,51.76,84.36,63.28,86.66,3,A,Pass,0
STU0490,Kabir,Male,Government,Grade 5,Phys.Ed,Graduate,48.71,7.76,57.61,40.45,43.21,81.96,2.66,90.01,4,2,2.96,46.41,75.54,66.07,62.95,95.14,63.97,87.02,3,A,Pass,1
STU0491,Michal,Female,Government,Grade 5,Science,Graduate,0.0,5.88,99.3,61.02,41.89,36.06,15.13,55.92,4,2,7.95,78.64,65.03,37.36,63.19,55.52,54.84,84.96,2,B,Pass,1
STU0492,Mia,Male,Private,Grade 4,Arts,Post Graduate,5.37,5.33,73.86,67.42,100.0,61.1,5.53,38.69,3,0,3.26,53.96,51.89,74.87,61.9,92.29,70.43,81.14,4,B,Pass,0
STU0493,Mason,Female,Private,Grade 2,Science,Graduate,0.0,4.96,94.75,63.59,72.7,68.03,8.36,56.13,5,0,5.09,59.65,58.28,100.0,51.84,79.08,69.15,76.35,3,B,Pass,0
STU0494,Michal,Male,Private,Grade 4,Phys.Ed,Graduate,17.96,6.17,95.2,47.82,52.94,61.47,1.29,90.08,7,1,3.22,83.83,60.6,26.53,57.78,75.93,58.36,81.08,3,B,Pass,1
STU0495,Aditya,Female,Private,Grade 5,Phys.Ed,High School,49.69,6.63,46.71,42.19,55.74,81.22,5.47,90.14,3,5,4.49,47.37,67.79,43.31,52.96,48.58,54.89,74.3,2,B,Pass,1
STU0496,Kabir,Female,Private,Grade 5,English,Graduate,48.78,4.96,68.72,71.89,32.73,47.06,14.28,61.37,1,2,6.56,56.47,97.09,75.17,83.6,27.34,61.42,82.97,3,B,Pass,0
STU0497,Damon,Male,Private,Grade 5,Math's,High School,44.24,6.09,99.54,79.74,35.23,54.22,2.24,75.94,2,1,1.85,69.6,75.39,17.59,45.23,58.13,54.39,78.02,2,B,Pass,1
STU0498,Mia,Male,Semi-Government,Grade 2,Phys.Ed,Graduate,73.57,5.81,70.43,72.04,72.64,45.39,3.69,53.56,6,1,3.83,72.94,65.11,33.26,41.16,69.13,58.96,88.75,3,A,Pass,0
STU0499,Mack,Male,Government,Grade 5,Math's,High School,7.35,4.77,76.96,59.53,69.8,33.07,7.3,85.67,5,1,4.92,57.86,66.38,94.69,61.14,74.36,64.6,69.62,3,C,Pass,1
STU0500,Robert,Male,Government,Grade 5,Phys.Ed,Graduate,82.84,5.46,92.64,47.58,91.1,57.34,3.39,48.61,6,2,3.96,33.29,46.01,68.14,63.76,57.4,58.08,90.03,3,A,Pass,0
STU0501,Isha,Male,Government,Grade 1,Arts,High School,61.79,9.23,51.43,64.96,65.6,44.72,14.16,74.08,8,0,8.46,69.13,69.53,46.59,57.56,68.63,60.84,77.31,3,B,Not Attended,1
STU0502,Sara,Female,Government,Grade 5,Math's,Graduate,80.23,5.22,100.0,44.16,42.52,65.04,5.56,61.31,3,2,3.77,61.75,51.18,69.22,41.01,28.36,50.4,54.58,2,D,Pass,1
STU0503,Olivia,Female,Semi-Government,Grade 2,Phys.Ed,Post Graduate,39.56,5.23,92.27,74.17,69.25,78.76,10.05,84.19,3,1,5.32,69.36,72.89,86.43,66.87,56.23,71.75,81.55,4,B,Fail,0
STU0504,Mason,Male,Government,Grade 5,Math's,Graduate,79.11,6.14,37.44,56.07,37.27,21.84,10.26,100.0,4,0,5.5,68.97,63.41,39.05,36.32,53.26,47.02,61.94,2,C,Pass,1
STU0505,Kabir,Female,Semi-Government,Grade 2,English,Graduate,76.03,5.27,43.67,38.17,88.45,77.02,7.16,54.14,3,1,4.16,55.08,52.16,96.64,77.36,90.43,71.91,69.54,4,C,Not Attended,1
STU0506,Shawn,Female,Government,Grade 3,Math's,Graduate,26.05,4.82,60.27,42.82,50.96,50.88,4.93,50.38,6,5,5.32,58.08,65.43,52.73,71.27,56.68,56.11,61.57,3,C,Pass,1
STU0507,Damon,Female,Government,Grade 1,Arts,High School,30.18,8.15,40.09,80.65,79.68,33.92,11.05,58.0,2,2,5.62,58.34,62.91,43.97,53.1,53.85,58.3,96.3,3,A,Pass,1
STU0508,Sara,Male,Private,Grade 2,English,Graduate,41.93,8.7,59.25,60.4,77.57,75.24,7.77,96.05,3,3,4.91,65.28,89.36,32.49,79.69,64.21,68.03,97.09,3,A,Not Attended,1
STU0509,Aarav,Male,Private,Grade 5,Phys.Ed,Post Graduate,36.59,5.77,71.54,45.69,63.2,6.61,7.72,63.08,8,1,6.14,82.06,62.43,94.19,61.6,49.36,58.14,70.01,3,B,Fail,1
STU0510,Riya,Female,Government,Grade 3,Phys.Ed,Post Graduate,27.35,7.46,80.56,58.41,69.99,62.48,1.4,77.7,1,2,1.41,72.78,62.03,52.05,74.71,91.6,68.01,65.26,3,C,Pass,1
STU0511,Shawn,Female,Government,Grade 2,Math's,Graduate,40.45,6.82,60.28,53.54,78.95,100.0,9.04,86.63,2,3,5.07,89.82,63.8,69.42,62.57,66.94,73.13,91.17,4,A,Pass,0
STU0512,Diya,Female,Private,Grade 2,Phys.Ed,High School,91.62,10.0,83.57,40.33,67.18,31.15,7.03,46.69,5,3,5.31,60.8,67.92,62.1,60.45,60.4,56.29,83.65,3,B,Pass,1
STU0513,Hudson,Female,Private,Grade 2,English,Graduate,33.68,4.53,87.25,59.11,71.87,65.34,3.21,46.29,5,0,3.03,63.9,48.96,45.71,66.63,53.59,59.39,69.08,3,C,Pass,0
STU0514,Damon,Female,Private,Grade 2,Phys.Ed,Graduate,48.66,4.53,42.22,58.21,86.72,57.29,7.04,55.45,8,3,6.37,68.33,54.45,70.56,57.77,81.56,66.86,80.99,3,B,Fail,1
STU0515,Cal,Female,Semi-Government,Grade 5,Math's,Graduate,36.0,6.83,96.29,51.81,46.89,80.49,6.92,51.86,3,1,4.07,78.46,97.59,67.87,57.57,47.64,66.04,82.21,3,B,Pass,0
STU0516,Cal,Male,Private,Grade 4,Arts,Graduate,48.38,5.57,72.37,53.3,69.59,79.46,2.0,42.93,6,2,3.4,80.14,81.33,57.68,56.65,49.3,65.93,71.95,3,B,Pass,1
STU0517,Liam,Female,Semi-Government,Grade 1,Math's,Graduate,14.38,5.26,89.72,88.71,82.27,81.69,12.61,22.88,4,3,7.19,62.71,54.16,62.43,73.01,75.5,72.56,90.32,4,A,Pass,0
STU0518,Aarav,Male,Private,Grade 5,English,Graduate,26.33,5.92,73.64,70.57,54.76,47.53,8.72,38.89,6,2,6.09,56.34,51.9,92.61,46.67,51.37,58.97,68.75,3,C,Pass,0
STU0519,Isha,Female,Private,Grade 4,Phys.Ed,High School,0.62,5.65,80.78,85.21,53.89,82.11,5.36,78.02,3,3,3.94,36.92,54.14,59.59,64.93,51.59,61.05,88.31,3,A,Pass,0
STU0520,Jack,Female,Private,Grade 5,Phys.Ed,Graduate,25.73,7.05,72.19,62.42,52.5,79.6,4.28,34.06,2,2,2.91,52.22,64.6,86.64,67.11,36.95,62.75,63.83,3,C,Pass,0
STU0521,Meera,Male,Government,Grade 4,Science,Graduate,53.28,4.99,68.97,38.12,61.68,95.96,6.69,28.04,3,2,4.23,69.3,62.36,28.47,44.53,42.72,55.39,62.0,3,C,Fail,1
STU0522,Lucas,Female,Government,Grade 4,Arts,High School,54.8,8.2,50.8,79.31,76.98,13.6,11.29,68.24,4,3,6.67,43.96,95.65,31.26,69.88,77.09,60.97,85.69,3,A,Pass,1
STU0523,Vivaan,Male,Private,Grade 5,Science,Graduate,65.81,4.31,62.0,69.58,48.64,63.8,6.96,61.51,2,1,3.73,49.77,77.38,54.92,62.29,57.68,60.51,67.82,3,C,Pass,0
STU0524,Ava,Male,Government,Grade 2,Math's,Graduate,49.64,7.36,83.68,44.77,60.73,44.36,8.01,88.31,5,2,5.45,39.7,66.35,63.39,52.82,61.24,54.17,80.87,2,B,Pass,1
STU0525,Damon,Male,Private,Grade 2,English,Graduate,1.36,5.99,82.7,75.83,91.2,24.83,4.32,95.46,2,3,3.18,64.01,80.86,74.49,60.56,53.61,65.67,81.78,3,B,Pass,1
STU0526,Isha,Male,Semi-Government,Grade 4,Science,Graduate,29.44,10.0,90.14,83.11,73.07,64.07,10.76,8.85,3,4,6.35,66.1,37.74,69.38,63.91,57.52,64.36,100.0,3,A,Pass,0
STU0527,Emma,Female,Private,Grade 5,Phys.Ed,High School,56.41,6.6,98.85,100.0,73.56,36.16,3.8,72.77,4,3,3.67,55.2,82.06,55.63,64.01,41.62,63.53,71.28,3,B,Pass,1
STU0528,Isha,Male,Private,Grade 1,Math's,Graduate,31.33,6.1,69.97,50.78,37.9,70.53,1.04,51.82,5,1,2.42,88.26,74.91,39.04,70.9,51.51,60.48,74.37,3,B,Pass,1
STU0529,Lucas,Female,Private,Grade 4,Phys.Ed,High School,36.41,5.85,43.24,47.21,41.46,88.11,4.41,73.21,6,2,4.36,69.06,61.85,61.89,68.98,100.0,67.32,71.59,3,B,Fail,1
STU0530,Mack,Female,Private,Grade 4,Math's,Graduate,33.27,7.43,79.86,87.8,76.01,100.0,7.8,97.18,9,2,6.77,59.12,55.35,82.37,61.76,50.34,71.59,100.0,4,A,Pass,0
STU0531,Ethan,Female,Government,Grade 3,Math's,High School,53.42,8.38,89.98,100.0,59.87,92.74,8.03,67.81,7,1,5.91,34.23,57.81,85.58,43.22,75.62,68.63,100.0,3,A,Pass,0
STU0532,Robert,Female,Government,Grade 4,Phys.Ed,Graduate,60.3,7.41,76.75,51.47,28.83,43.7,3.78,50.18,4,0,2.91,58.62,83.02,63.86,64.17,52.07,55.72,55.91,3,C,Pass,1
STU0533,Aarav,Male,Government,Grade 5,Science,High School,73.4,6.24,100.0,75.74,85.86,14.43,2.7,47.04,5,0,2.83,69.1,64.75,29.73,46.23,48.86,54.34,76.24,2,B,Pass,1
STU0534,Ava,Female,Private,Grade 4,Arts,High School,58.35,6.65,80.72,40.03,86.55,60.05,9.67,87.03,6,4,6.97,62.54,55.85,50.68,67.72,40.02,57.93,84.91,3,B,Pass,1
STU0535,Hudson,Female,Government,Grade 1,Phys.Ed,Graduate,23.35,7.31,67.27,69.17,70.08,67.93,0.61,92.33,2,1,1.19,54.07,71.55,61.43,73.17,61.65,66.13,83.93,3,B,Pass,1
STU0536,Noah,Male,Semi-Government,Grade 5,Math's,High School,57.15,5.84,44.03,37.67,47.68,14.71,1.55,93.39,5,3,3.12,39.88,60.9,60.51,40.78,72.49,46.83,61.19,2,C,Fail,1
STU0537,Tyler,Female,Private,Grade 4,English,Post Graduate,90.25,6.41,74.76,68.84,70.71,24.88,10.87,96.81,5,2,6.6,77.77,64.82,51.7,61.84,52.75,59.16,76.74,3,B,Pass,1
STU0538,Mack,Male,Semi-Government,Grade 5,English,Graduate,33.36,6.38,87.83,60.38,81.23,44.0,3.97,42.27,4,1,3.24,47.27,70.75,59.05,66.26,72.46,62.68,86.0,3,A,Pass,1
STU0539,Ava,Male,Semi-Government,Grade 5,Phys.Ed,Graduate,58.98,6.83,73.06,59.5,71.43,48.54,4.05,99.12,7,4,5.07,43.24,76.21,80.42,68.3,69.65,64.66,78.99,3,B,Pass,0
STU0540,Ava,Male,Government,Grade 2,English,High School,9.38,4.44,82.33,68.51,81.5,55.52,7.26,73.38,3,0,3.95,66.43,95.15,49.95,71.78,58.16,68.38,85.55,3,A,Pass,0
STU0541,Mack,Female,Private,Grade 5,Phys.Ed,Graduate,37.1,7.35,78.05,91.66,43.52,42.24,8.38,48.28,6,2,5.95,65.9,43.93,71.34,65.32,42.36,58.28,92.77,3,A,Pass,1
STU0542,Mia,Male,Government,Grade 2,Arts,Graduate,23.7,6.58,85.78,64.31,44.64,58.32,3.98,64.49,3,2,3.14,65.91,84.45,70.33,61.69,73.24,65.36,78.82,3,B,Pass,0
STU0543,Mason,Male,Private,Grade 4,Phys.Ed,High School,58.84,8.11,64.15,22.45,70.87,42.26,5.59,69.56,3,2,3.79,60.62,73.72,64.99,39.05,61.1,54.38,84.13,2,B,Pass,1
STU0544,Lucas,Female,Private,Grade 1,Science,High School,58.45,4.36,92.58,62.42,60.35,67.48,6.95,84.41,6,2,5.38,64.23,44.79,68.16,55.02,100.0,65.31,69.95,3,C,Pass,0
STU0545,Emma,Male,Private,Grade 5,Arts,Graduate,17.75,6.12,73.77,56.41,62.51,54.7,2.11,41.4,1,3,1.94,48.93,85.63,54.36,58.43,50.24,58.9,74.23,3,B,Pass,1
STU0546,Zen,Female,Government,Grade 4,English,Post Graduate,55.86,6.9,52.19,84.55,52.45,9.06,12.11,63.54,6,1,7.19,59.24,71.77,48.65,51.1,58.09,54.36,55.41,2,C,Pass,1
STU0547,Liam,Male,Government,Grade 1,English,High School,7.64,6.17,76.71,63.45,41.9,67.41,6.49,100.0,3,1,3.9,49.76,76.99,32.13,57.0,48.98,54.7,71.96,2,B,Pass,0
STU0548,Meera,Female,Government,Grade 1,Math's,Graduate,87.44,7.74,75.4,84.76,56.67,67.89,9.13,76.32,3,2,5.2,60.77,92.87,54.81,66.0,48.53,66.54,86.63,3,A,Pass,0
STU0549,Riya,Female,Private,Grade 2,English,High School,0.27,7.4,83.82,48.17,88.98,44.08,11.62,76.62,5,1,6.65,87.17,67.5,54.72,56.21,38.79,60.7,76.74,3,B,Pass,1
STU0550,Aarav,Female,Government,Grade 4,Math's,Graduate,10.55,6.99,71.96,77.38,36.63,53.51,0.0,72.42,1,1,0.6,56.13,34.33,89.92,55.03,37.25,55.02,78.84,3,B,Pass,1
STU0551,Riya,Female,Government,Grade 3,Science,Post Graduate,50.78,8.57,79.61,100.0,100.0,57.76,13.14,86.34,2,1,6.21,83.14,66.27,29.49,65.41,51.86,69.24,100.0,3,A,Pass,0
STU0552,Mason,Male,Government,Grade 2,Science,Post Graduate,93.55,5.28,61.73,79.88,75.84,49.82,0.0,48.36,6,1,2.35,48.07,55.49,69.39,74.83,39.43,61.59,70.61,3,B,Fail,1
STU0553,Damon,Male,Private,Grade 5,Arts,Post Graduate,28.47,5.45,50.64,68.67,82.77,40.28,4.67,59.61,2,1,2.82,50.45,75.82,49.92,67.45,48.21,60.45,79.02,3,B,Fail,1
STU0554,Shawn,Male,Private,Grade 3,Arts,High School,0.0,8.77,51.0,80.43,78.8,73.36,10.47,63.78,2,1,5.14,62.9,77.58,74.27,32.95,73.85,69.27,97.08,3,A,Pass,1
STU0555,Ethan,Female,Semi-Government,Grade 1,English,High School,63.53,7.07,68.84,9.52,55.08,31.96,14.22,67.42,4,1,7.34,50.5,41.01,43.39,62.13,67.8,45.17,51.36,2,D,Fail,1
STU0556,Isha,Male,Government,Grade 4,Science,Graduate,72.46,5.54,74.78,100.0,50.61,51.0,5.79,49.5,3,3,4.12,75.6,68.95,45.58,66.47,56.57,64.35,79.53,3,B,Pass,0
STU0557,Riya,Male,Semi-Government,Grade 5,Phys.Ed,Post Graduate,27.27,2.34,100.0,50.42,100.0,66.3,5.19,70.41,5,1,4.08,91.65,73.37,73.42,61.85,100.0,77.13,62.55,4,C,Pass,0
STU0558,Meera,Female,Semi-Government,Grade 4,Arts,High School,0.0,6.57,73.02,40.58,78.01,89.1,11.28,61.35,5,1,6.51,97.65,63.4,39.12,43.56,68.28,64.96,100.0,3,A,Pass,1
STU0559,Sophia,Female,Government,Grade 1,Math's,Graduate,30.99,9.3,76.06,36.49,66.63,70.96,10.01,69.3,1,1,4.6,39.48,71.52,63.19,63.07,74.48,60.73,100.0,3,A,Fail,1
STU0560,Mack,Female,Semi-Government,Grade 5,Arts,Post Graduate,72.72,5.54,83.12,68.88,54.34,38.66,8.3,49.38,3,1,4.62,23.57,54.62,49.42,60.14,83.69,54.17,62.75,2,C,Pass,1
STU0561,Liam,Male,Government,Grade 4,English,High School,47.79,8.29,78.53,61.05,63.45,77.7,1.78,67.24,4,1,2.36,48.89,64.57,66.26,44.61,55.71,60.28,80.34,3,B,Pass,1
STU0562,Shawn,Female,Government,Grade 1,Math's,Post Graduate,31.92,4.94,59.45,84.17,68.41,71.47,2.4,0.0,6,1,3.31,77.23,80.13,63.21,49.29,92.09,73.25,75.44,4,B,Pass,1
STU0563,Robert,Male,Government,Grade 5,Science,Graduate,50.94,7.72,66.95,61.85,98.5,53.89,5.37,70.66,6,1,4.5,59.49,72.56,64.83,47.44,42.93,62.69,89.84,3,A,Pass,0
STU0564,Mack,Male,Government,Grade 3,Phys.Ed,Graduate,30.48,4.51,51.87,37.07,50.09,76.33,6.91,43.36,4,3,4.91,60.73,47.35,45.43,83.82,54.65,56.93,78.6,3,B,Pass,1
STU0565,Mason,Female,Private,Grade 2,Math's,Graduate,85.43,5.88,69.87,53.62,47.54,38.46,10.11,22.12,3,0,5.09,68.49,51.5,50.61,74.04,44.12,53.55,65.14,2,C,Pass,1
STU0566,Robert,Female,Private,Grade 5,Science,High School,6.14,6.29,57.22,33.07,74.35,87.64,6.98,78.33,7,2,5.74,79.72,65.41,57.45,59.05,67.9,65.57,71.94,3,B,Not Attended,1
STU0567,Emma,Female,Private,Grade 4,English,High School,39.75,6.42,81.28,73.4,47.01,36.23,2.33,63.33,5,2,3.18,47.4,63.55,43.17,69.52,55.42,54.46,61.98,2,C,Pass,1
STU0568,Hudson,Male,Government,Grade 3,Math's,High School,11.43,8.6,66.49,74.33,71.69,53.8,0.0,34.18,5,4,2.75,50.19,59.42,55.75,55.12,22.2,55.31,86.53,3,A,Pass,1
STU0569,Cal,Female,Semi-Government,Grade 5,Math's,High School,72.48,6.21,50.13,73.96,77.49,71.63,5.01,49.16,2,4,3.7,74.2,69.85,91.83,77.25,73.04,76.16,79.81,4,B,Pass,1
STU0570,Isha,Male,Government,Grade 5,Arts,Post Graduate,65.43,4.6,69.74,60.99,60.08,45.83,1.07,51.34,4,2,2.33,60.12,58.44,67.79,68.21,100.0,65.18,65.96,3,C,Pass,1
STU0571,Hudson,Male,Private,Grade 3,Science,Graduate,55.83,6.97,61.74,68.77,69.21,77.28,8.49,68.26,6,1,5.75,48.81,56.01,59.79,53.25,49.99,60.39,84.74,3,B,Pass,0
STU0572,Aditya,Male,Government,Grade 1,Arts,High School,80.22,6.93,99.26,63.67,38.82,52.48,0.81,61.7,3,3,2.12,87.76,70.78,84.25,68.56,78.0,68.04,80.68,3,B,Pass,1
STU0573,Vivaan,Female,Private,Grade 5,Arts,Graduate,61.74,5.19,51.8,62.61,76.9,69.44,1.92,46.91,4,1,2.42,72.33,70.76,87.37,57.84,70.8,71.01,75.26,4,B,Fail,1
STU0574,Aditya,Female,Private,Grade 5,Phys.Ed,High School,29.53,10.0,65.08,71.82,53.23,66.94,5.5,60.03,6,1,4.55,66.2,46.12,45.41,65.95,51.32,58.37,87.22,3,A,Pass,0
STU0575,Meera,Female,Private,Grade 5,Math's,Graduate,37.65,5.43,99.1,70.75,69.22,49.53,3.57,10.16,4,3,3.58,78.15,61.1,49.3,27.83,45.77,56.46,62.16,3,C,Pass,0
STU0576,Hudson,Male,Private,Grade 5,English,Graduate,48.24,5.2,76.37,44.73,32.81,58.49,1.04,26.49,7,2,3.37,88.45,62.4,9.33,58.56,65.16,52.49,38.12,2,F,Pass,1
STU0577,Mack,Male,Semi-Government,Grade 2,Math's,Post Graduate,74.9,4.57,54.87,41.3,83.54,54.75,3.91,43.57,6,2,4.16,77.86,56.26,81.53,71.58,71.91,67.34,67.78,3,C,Fail,1
STU0578,Jack,Male,Semi-Government,Grade 2,Phys.Ed,Graduate,36.53,7.22,75.48,44.21,38.11,30.06,10.78,51.28,2,3,5.76,68.51,44.89,87.11,65.08,75.25,56.65,78.0,3,B,Pass,1
STU0579,Michal,Female,Private,Grade 5,Arts,Post Graduate,50.97,7.25,64.28,36.89,54.69,31.03,3.68,100.0,3,1,2.77,48.05,60.32,26.62,76.29,59.77,49.21,61.61,2,C,Pass,1
STU0580,Sophia,Female,Government,Grade 3,Science,High School,32.12,7.06,51.51,42.92,84.49,64.81,3.74,45.4,3,0,2.55,57.72,58.31,47.22,64.39,46.84,58.34,76.12,3,B,Pass,1
STU0581,Cal,Female,Government,Grade 3,English,Graduate,37.81,6.4,90.08,93.54,54.35,61.5,6.08,36.14,3,2,3.98,62.74,47.82,47.24,69.26,64.17,62.58,75.06,3,B,Pass,0
STU0582,Emma,Female,Private,Grade 1,Science,Post Graduate,0.0,6.22,59.1,66.03,86.57,34.22,6.63,69.34,3,4,4.7,58.04,63.7,77.89,62.06,90.4,67.36,77.53,3,B,Pass,1
STU0583,Ethan,Male,Government,Grade 3,Phys.Ed,High School,4.2,5.78,62.14,80.5,76.69,40.57,2.6,85.9,1,3,2.14,32.32,49.13,50.95,45.79,98.49,59.3,81.89,3,B,Pass,1
STU0584,Liam,Male,Semi-Government,Grade 1,Science,High School,45.35,5.13,57.35,65.22,70.71,36.06,7.43,36.68,1,2,3.82,47.84,58.93,57.05,65.83,78.19,59.98,60.59,3,C,Fail,1
STU0585,Michal,Female,Private,Grade 2,Phys.Ed,Post Graduate,29.41,6.98,90.99,84.47,88.03,58.91,8.22,98.25,1,2,4.14,46.95,64.46,30.57,77.27,79.84,66.31,88.78,3,A,Pass,0
STU0586,Robert,Female,Private,Grade 4,Math's,Post Graduate,79.05,9.43,85.38,40.57,37.68,40.87,6.69,60.0,1,0,3.03,54.81,58.35,74.03,72.95,77.31,57.07,77.65,3,B,Pass,1
STU0587,Lucas,Male,Private,Grade 5,Science,High School,56.02,8.48,46.18,89.85,59.43,32.73,5.01,48.66,3,1,3.3,54.68,68.56,56.18,64.01,73.88,62.41,68.28,3,C,Fail,1
STU0588,Damon,Female,Government,Grade 4,Math's,Graduate,46.55,8.26,64.38,41.1,66.97,28.62,3.36,95.34,5,4,4.09,65.67,88.9,35.9,59.07,79.47,58.21,70.0,3,B,Pass,1
STU0589,Isha,Male,Government,Grade 4,English,Graduate,83.16,7.08,59.33,87.91,50.29,95.86,0.9,72.55,3,4,2.41,50.88,87.54,47.4,46.7,59.66,65.78,79.27,3,B,Fail,1
STU0590,Mason,Male,Government,Grade 2,English,Post Graduate,6.4,6.07,54.86,66.93,70.74,71.89,4.84,72.68,4,1,3.59,74.31,53.3,55.5,52.75,64.88,63.79,85.84,3,A,Pass,1
STU0591,Anaya,Male,Government,Grade 5,Math's,Post Graduate,22.5,6.07,57.92,76.56,78.44,60.22,14.71,55.49,2,3,7.33,45.01,49.67,48.09,65.12,71.3,61.8,88.92,3,A,Pass,1
STU0592,Mason,Female,Private,Grade 2,Phys.Ed,Graduate,33.89,7.01,98.8,47.57,59.23,72.62,3.32,48.83,5,0,3.08,83.96,41.5,88.08,66.24,43.68,62.86,86.49,3,A,Pass,0
STU0593,Meera,Male,Private,Grade 5,English,High School,58.21,8.88,94.17,47.61,13.27,53.32,4.85,60.01,7,3,5.14,61.43,83.94,60.86,41.24,69.88,53.94,70.49,2,B,Pass,0
STU0594,Riya,Male,Semi-Government,Grade 5,Math's,Graduate,18.88,7.22,82.11,69.46,65.82,73.33,0.0,68.67,8,5,4.05,73.7,86.51,65.73,54.33,61.35,68.78,76.69,3,B,Pass,1
STU0595,Vivaan,Male,Private,Grade 4,Arts,Graduate,56.12,4.18,77.17,52.92,93.16,77.05,7.76,17.01,3,1,4.4,59.6,58.73,52.14,56.56,41.44,61.45,61.77,3,C,Pass,0
STU0596,Hudson,Female,Private,Grade 4,English,Graduate,64.69,6.31,69.05,84.12,64.22,65.04,9.99,66.0,6,2,6.6,45.96,59.87,27.73,66.61,68.78,60.29,79.55,3,B,Pass,0
STU0597,Ethan,Male,Government,Grade 4,Science,Graduate,19.45,5.89,47.53,75.37,57.95,70.03,11.0,96.39,7,4,7.85,65.98,59.89,65.66,70.67,62.51,66.01,85.26,3,A,Fail,1
STU0598,Kabir,Female,Private,Grade 1,English,Post Graduate,30.75,7.51,77.28,85.67,64.84,18.04,0.0,83.66,2,3,1.45,61.79,55.05,56.2,56.6,57.86,57.01,72.19,3,B,Pass,1
STU0599,Noah,Male,Government,Grade 5,Science,High School,68.92,3.23,61.16,55.93,62.01,14.72,6.81,90.69,4,1,4.37,54.38,50.31,76.33,62.63,77.26,56.7,63.15,3,C,Pass,1
STU0600,Michal,Male,Private,Grade 5,Phys.Ed,High School,28.71,5.46,43.26,71.43,34.81,41.49,8.35,83.33,2,2,4.54,54.48,62.58,33.64,74.6,71.16,55.52,71.66,3,B,Fail,1
STU0601,Ava,Female,Semi-Government,Grade 2,Arts,High School,69.79,10.0,78.44,89.44,43.92,91.41,4.41,78.73,4,3,3.91,90.47,54.13,68.84,52.52,69.87,70.08,100.0,4,A,Pass,0
STU0602,Diya,Male,Private,Grade 2,English,High School,89.14,6.8,64.54,85.94,49.74,47.32,5.98,33.89,7,2,5.34,71.43,64.22,65.17,60.55,64.58,63.62,72.0,3,B,Pass,0
STU0603,Aarav,Female,Semi-Government,Grade 5,Phys.Ed,High School,54.13,7.16,67.79,85.88,58.76,81.21,4.66,42.96,3,0,2.91,64.77,45.52,65.29,17.57,75.96,61.87,74.04,3,B,Pass,0
STU0604,Anaya,Female,Semi-Government,Grade 5,English,Graduate,61.62,6.78,43.18,33.24,43.81,46.27,0.07,38.28,3,0,1.08,73.54,71.73,69.9,74.57,57.6,58.83,65.09,3,C,Fail,1
STU0605,Shawn,Male,Government,Grade 2,Phys.Ed,Post Graduate,8.7,5.29,78.47,68.39,53.44,40.45,11.79,55.61,1,4,6.07,69.5,48.52,61.7,69.88,59.57,58.93,76.56,3,B,Pass,1
STU0606,Aarav,Female,Private,Grade 5,Science,Graduate,26.62,7.04,90.0,78.7,45.28,93.81,7.86,46.34,1,2,3.99,62.96,68.69,28.15,62.44,43.49,60.44,98.51,3,A,Pass,0
STU0607,Hudson,Male,Government,Grade 3,English,Post Graduate,50.19,6.53,90.89,45.43,76.28,40.24,7.11,69.69,3,1,4.14,74.73,48.7,44.21,63.9,72.57,58.26,76.86,3,B,Pass,1
STU0608,Noah,Male,Government,Grade 2,English,Graduate,23.85,4.29,65.49,49.3,90.66,62.03,11.11,93.06,2,0,5.14,70.45,73.04,76.44,66.76,71.74,70.05,77.59,4,B,Pass,0
STU0609,Mack,Male,Private,Grade 5,Science,High School,0.0,7.45,69.98,100.0,100.0,24.61,8.63,89.25,3,5,5.75,79.63,51.2,96.49,64.78,56.75,71.68,95.46,4,A,Pass,1
STU0610,Sara,Male,Government,Grade 1,Math's,Graduate,51.66,4.95,74.35,71.85,75.34,56.71,5.04,76.84,3,1,3.32,67.38,90.93,50.33,70.3,67.9,68.84,84.06,3,B,Pass,0
STU0611,Hudson,Male,Private,Grade 4,Science,Post Graduate,55.32,7.78,100.0,40.55,57.9,56.95,8.3,100.0,4,1,4.97,88.16,71.69,66.63,52.43,84.43,64.84,82.18,3,B,Pass,1
STU0612,Zen,Male,Government,Grade 3,Science,Post Graduate,32.61,5.24,63.82,0.0,100.0,70.11,2.93,39.01,5,3,3.67,95.05,74.85,62.27,67.08,56.59,65.74,76.51,3,B,Pass,1
STU0613,Damon,Male,Government,Grade 5,Arts,High School,0.0,6.08,67.85,83.95,76.52,63.79,5.99,40.59,3,4,4.45,71.53,83.79,68.82,56.87,77.6,72.86,88.75,4,A,Not Attended,0
STU0614,Shawn,Male,Semi-Government,Grade 2,Arts,Post Graduate,57.9,3.82,85.48,69.57,75.14,77.35,2.4,20.96,5,1,2.96,61.88,68.27,58.22,66.26,50.35,65.88,69.39,3,C,Pass,1
STU0615,Hudson,Male,Semi-Government,Grade 5,Arts,Graduate,58.73,6.52,79.8,80.68,97.83,84.64,5.78,93.47,4,2,4.21,79.95,60.71,68.66,69.38,58.12,74.99,99.2,4,A,Pass,0
STU0616,Aarav,Female,Semi-Government,Grade 5,English,Graduate,39.24,4.12,62.53,48.85,75.28,55.99,5.64,27.12,4,3,4.41,63.39,68.89,39.07,47.07,64.03,57.82,63.42,3,C,Pass,0
STU0617,Liam,Female,Government,Grade 4,Phys.Ed,High School,33.71,8.62,59.08,100.0,63.99,78.87,8.91,49.25,4,2,5.46,37.07,57.65,69.34,63.66,79.8,68.8,96.22,3,A,Pass,1
STU0618,Ava,Female,Private,Grade 3,English,High School,47.51,3.05,41.35,39.32,69.06,41.39,0.65,63.87,5,1,2.26,64.01,67.45,19.79,59.7,72.25,54.12,57.99,2,C,Pass,1
STU0619,Damon,Male,Private,Grade 5,Science,Graduate,63.43,5.96,68.49,83.06,51.56,75.05,12.05,55.06,4,1,6.47,42.75,50.18,53.19,71.37,68.35,61.94,74.04,3,B,Not Attended,0
STU0620,Tyler,Female,Government,Grade 2,Phys.Ed,Post Graduate,16.71,8.15,81.03,95.04,29.07,61.08,9.33,51.39,5,3,6.23,82.11,52.93,46.8,56.71,53.01,59.59,73.14,3,B,Pass,0
STU0621,Shawn,Male,Government,Grade 4,Arts,Graduate,66.9,7.5,53.93,66.26,76.02,18.52,1.51,87.32,5,2,2.85,18.03,93.62,44.94,72.57,48.27,54.78,73.51,2,B,Pass,1
STU0622,Hudson,Female,Government,Grade 3,Phys.Ed,Graduate,30.7,9.04,63.12,67.94,52.97,66.78,9.74,64.22,8,1,6.95,57.06,71.64,42.45,73.19,81.0,64.13,100.0,3,A,Pass,0
STU0623,Damon,Female,Government,Grade 5,Science,High School,14.02,6.24,67.64,53.49,77.6,71.46,2.5,38.61,5,2,3.25,59.66,45.81,61.43,86.35,75.89,66.46,66.99,3,C,Not Attended,1
STU0624,Michal,Female,Government,Grade 2,Science,High School,59.63,6.43,69.35,45.69,73.67,23.94,9.1,80.11,4,1,5.29,79.98,81.7,42.11,82.56,21.69,56.42,72.22,3,B,Pass,1
STU0625,Diya,Female,Semi-Government,Grade 2,Science,Post Graduate,88.77,8.13,41.22,56.03,79.55,51.37,11.31,51.61,5,3,7.02,81.11,57.91,78.39,60.66,39.6,63.08,85.12,3,A,Fail,1
STU0626,Meera,Female,Government,Grade 4,Science,High School,9.31,4.55,78.85,95.12,52.42,49.81,6.12,82.66,4,2,4.35,85.96,56.7,70.27,47.16,45.31,62.84,81.58,3,B,Pass,0
STU0627,Ava,Female,Private,Grade 4,Science,High School,51.43,4.71,65.54,83.34,70.46,93.89,11.91,7.68,7,2,7.71,56.05,77.82,55.96,41.83,73.45,69.1,87.44,3,A,Pass,0
STU0628,Cal,Female,Private,Grade 3,Arts,High School,42.07,8.16,88.12,34.66,31.72,72.13,0.0,89.46,7,3,3.2,94.55,70.4,80.56,49.2,46.99,60.03,68.47,3,C,Pass,1
STU0629,Riya,Male,Government,Grade 3,English,Graduate,25.63,6.77,100.0,68.09,20.57,81.23,0.0,71.53,1,3,1.1,65.67,78.09,60.52,48.7,51.52,59.3,76.36,3,B,Pass,1
STU0630,Tyler,Male,Private,Grade 5,Science,High School,106.58,10.0,66.26,76.03,50.58,55.53,6.12,61.35,5,4,5.2,71.43,63.92,3.84,72.95,44.13,54.8,94.91,2,A,Pass,0
STU0631,Meera,Female,Private,Grade 2,Phys.Ed,Graduate,62.38,5.36,46.75,84.38,73.22,49.67,0.0,49.94,5,1,2.0,55.74,53.77,93.15,78.05,47.64,66.95,69.34,3,C,Fail,1
STU0632,Aditya,Male,Semi-Government,Grade 5,English,Post Graduate,91.31,6.12,90.8,83.55,61.04,32.72,7.74,62.96,3,2,4.65,53.99,78.96,68.7,57.68,65.14,62.72,71.32,3,B,Pass,1
STU0633,Ethan,Male,Semi-Government,Grade 2,Science,Post Graduate,18.59,3.84,72.44,66.37,100.0,67.68,3.39,26.62,2,1,2.31,56.61,63.08,51.68,57.92,17.22,60.07,73.48,3,B,Pass,0
STU0634,Michal,Female,Private,Grade 1,English,High School,63.96,6.71,61.49,78.15,49.16,75.46,2.51,50.53,4,4,3.4,50.32,58.87,8.81,44.25,73.0,54.75,76.99,2,B,Pass,1
STU0635,Zen,Female,Government,Grade 5,Science,Post Graduate,68.44,6.6,29.52,32.11,65.81,71.55,7.16,44.58,8,1,5.91,76.47,63.99,81.3,59.68,44.13,61.88,59.36,3,C,Not Attended,1
STU0636,Michal,Female,Private,Grade 5,Arts,High School,40.4,5.71,80.38,60.4,71.4,73.14,7.99,59.93,6,1,5.55,70.89,57.6,54.47,67.72,65.19,65.1,82.86,3,B,Fail,0
STU0637,Liam,Female,Government,Grade 3,Arts,High School,77.06,6.8,67.54,66.66,53.64,43.03,5.27,73.84,2,2,3.31,57.45,63.96,52.31,70.85,64.19,59.01,60.5,3,C,Fail,1
STU0638,Isha,Male,Private,Grade 3,Phys.Ed,Graduate,36.38,7.62,76.74,46.94,74.66,48.86,6.82,48.53,4,3,4.88,77.63,50.5,72.04,47.67,74.69,61.62,66.59,3,C,Not Attended,0
STU0639,Mack,Male,Government,Grade 2,Science,Graduate,14.76,6.51,59.86,97.57,63.93,77.02,9.71,100.0,6,1,6.23,47.84,70.53,49.8,85.87,93.47,73.25,91.97,4,A,Fail,1
STU0640,Sara,Female,Government,Grade 1,Math's,Graduate,48.8,2.58,71.53,55.16,79.82,84.94,16.29,79.91,6,8,10.62,43.52,74.21,36.81,69.42,68.12,64.0,77.24,3,B,Fail,0
STU0641,Olivia,Male,Semi-Government,Grade 5,English,High School,40.52,7.83,50.46,71.52,20.84,11.12,10.5,31.27,4,2,6.1,65.49,63.79,19.75,79.78,78.0,51.28,63.05,2,C,Fail,1
STU0642,Diya,Male,Government,Grade 5,Science,High School,58.36,6.83,99.36,59.64,55.76,48.18,0.34,75.7,8,2,3.44,50.1,68.8,47.77,39.8,85.47,56.94,72.75,3,B,Pass,1
STU0643,Ethan,Male,Private,Grade 1,Science,Graduate,30.12,6.17,85.78,38.49,73.42,48.53,7.74,33.03,8,1,6.15,48.02,89.97,51.28,51.39,46.27,55.92,73.96,3,B,Pass,1
STU0644,Anaya,Male,Government,Grade 5,Arts,High School,46.03,9.59,54.91,65.84,100.0,59.46,6.25,84.92,1,2,3.35,47.95,42.34,66.32,75.54,47.95,63.17,87.51,3,A,Pass,1
STU0645,Vivaan,Male,Government,Grade 5,Arts,High School,85.21,7.41,83.31,77.57,79.12,61.2,6.62,88.55,5,1,4.65,66.54,66.18,53.54,89.13,62.6,69.48,90.31,3,A,Fail,0
STU0646,Mason,Female,Government,Grade 3,Math's,Graduate,20.63,7.56,87.91,60.36,100.0,76.13,5.03,46.42,4,4,4.41,69.12,66.72,47.35,59.87,66.03,68.2,100.0,3,A,Pass,0
STU0647,Jack,Female,Semi-Government,Grade 2,Phys.Ed,Graduate,11.18,6.76,60.28,44.59,48.3,23.54,12.44,60.95,6,0,7.08,81.56,49.65,49.53,36.93,92.17,53.28,74.33,2,B,Pass,1
STU0648,Ethan,Male,Government,Grade 3,Phys.Ed,Post Graduate,41.12,7.24,54.98,50.74,79.43,93.4,8.17,50.11,3,2,4.82,50.81,75.4,64.75,44.61,58.22,64.67,78.76,3,B,Fail,1
STU0649,Aarav,Female,Private,Grade 5,Math's,High School,47.18,7.42,62.21,42.25,33.66,66.58,11.06,84.62,2,0,5.12,49.52,32.07,66.16,73.99,38.24,50.31,82.35,2,B,Pass,1
STU0650,Shawn,Male,Government,Grade 2,English,High School,50.93,4.84,82.68,47.51,68.86,58.65,1.28,67.83,5,2,2.76,53.61,63.48,68.87,57.35,45.05,57.92,67.13,3,C,Pass,1
STU0651,Robert,Male,Government,Grade 3,Arts,High School,67.7,9.16,94.91,48.41,44.0,56.84,10.61,54.24,5,0,5.99,85.46,75.39,58.21,66.79,64.15,62.41,82.44,3,B,Pass,0
STU0652,Damon,Male,Private,Grade 3,English,High School,88.15,4.85,80.13,46.79,49.97,69.21,1.84,31.03,6,2,3.34,61.9,76.3,68.77,42.9,41.27,57.14,59.41,3,C,Pass,1
STU0653,Robert,Male,Government,Grade 1,Science,High School,30.57,5.67,74.85,88.02,72.21,40.32,17.01,67.89,4,0,8.2,83.45,68.81,83.24,83.82,44.88,70.59,93.19,4,A,Pass,1
STU0654,Mason,Female,Private,Grade 1,Phys.Ed,High School,85.94,9.47,75.57,58.95,53.29,21.85,0.0,45.78,4,2,1.9,52.92,72.89,57.35,78.01,71.84,58.39,74.78,3,B,Pass,1
STU0655,Noah,Female,Semi-Government,Grade 4,English,High School,45.04,5.15,97.41,64.97,59.19,29.2,11.61,88.02,3,3,6.44,65.74,78.92,43.96,79.73,77.0,62.34,77.29,3,B,Pass,1
STU0656,Kabir,Male,Government,Grade 3,Science,Post Graduate,88.75,6.23,58.36,56.81,65.82,55.83,4.94,69.97,5,1,3.98,58.39,63.23,55.15,57.29,70.07,60.32,71.46,3,B,Fail,1
STU0657,Riya,Female,Private,Grade 5,Arts,High School,24.98,7.15,54.51,46.75,66.64,42.8,0.09,46.65,8,4,3.84,73.94,67.76,45.97,55.23,81.48,60.07,65.44,3,C,Pass,1
STU0658,Riya,Female,Government,Grade 5,Math's,High School,17.24,6.39,64.36,25.87,75.79,71.4,6.22,39.02,2,3,3.94,83.61,30.75,36.67,63.11,67.97,56.9,84.81,3,B,Pass,1
STU0659,Kabir,Female,Government,Grade 3,Phys.Ed,Graduate,14.01,7.13,66.79,88.38,73.58,60.74,7.58,56.83,6,4,6.13,61.05,53.88,47.05,76.58,70.55,66.47,97.13,3,A,Pass,0
STU0660,Aarav,Male,Government,Grade 1,Science,Graduate,61.93,9.18,65.74,76.09,83.52,58.14,1.55,49.72,4,4,3.02,70.92,99.9,65.62,39.65,57.79,68.95,100.0,3,A,Pass,1
STU0661,Robert,Male,Private,Grade 3,English,High School,4.83,6.18,100.0,53.88,30.06,100.0,6.91,81.71,7,3,5.96,56.42,75.67,63.17,42.92,51.24,59.17,78.44,3,B,Pass,0
STU0662,Mia,Male,Semi-Government,Grade 3,Arts,Post Graduate,52.62,7.62,70.07,83.55,50.63,61.13,7.76,49.65,5,1,5.1,50.6,84.87,79.08,47.55,39.61,62.13,79.47,3,B,Pass,0
STU0663,Meera,Male,Semi-Government,Grade 5,Arts,High School,28.0,6.09,85.56,61.71,60.37,72.32,6.29,88.81,5,1,4.52,31.6,71.87,70.03,60.08,49.55,59.69,79.95,3,B,Pass,0
STU0664,Sara,Female,Government,Grade 3,Arts,High School,57.41,7.77,49.24,96.33,84.57,51.81,2.84,92.65,6,1,3.49,69.98,83.02,68.78,61.25,67.96,72.96,88.71,4,A,Pass,1
STU0665,Olivia,Male,Semi-Government,Grade 5,Arts,High School,39.66,6.18,81.01,57.11,96.82,59.78,15.36,74.45,2,2,7.34,67.92,58.63,63.36,76.38,61.6,67.7,100.0,3,A,Pass,0
STU0666,Jack,Female,Private,Grade 3,English,High School,11.21,5.69,86.98,15.2,38.02,55.64,12.21,71.42,2,1,5.83,79.74,60.86,76.66,43.47,50.93,52.57,70.04,2,B,Fail,1
STU0667,Robert,Female,Private,Grade 2,Phys.Ed,Graduate,13.84,8.05,64.96,52.29,52.92,71.66,8.66,96.68,5,2,5.71,66.42,53.13,77.2,64.71,35.55,59.23,100.0,3,A,Not Attended,0
STU0668,Sophia,Male,Government,Grade 5,Phys.Ed,High School,52.48,8.56,45.25,96.99,83.56,28.33,1.66,42.37,1,0,1.01,73.22,48.8,58.22,52.77,70.57,64.06,76.98,3,B,Pass,1
STU0669,Tyler,Male,Semi-Government,Grade 3,Science,Post Graduate,24.41,6.7,60.52,65.6,56.97,70.81,11.71,82.25,7,2,7.63,48.82,75.74,37.46,64.84,75.87,62.01,73.27,3,B,Pass,0
STU0670,Mack,Male,Private,Grade 2,Math's,Graduate,15.05,3.82,70.25,29.49,51.58,49.15,1.38,36.07,4,2,2.45,56.25,60.07,6.33,67.08,61.29,47.65,53.04,2,D,Pass,1
STU0671,Anaya,Male,Private,Grade 1,Phys.Ed,High School,71.38,6.79,47.71,95.59,74.01,44.61,7.63,29.73,6,2,5.65,63.28,63.35,29.64,51.78,66.92,61.15,75.75,3,B,Pass,1
STU0672,Lucas,Female,Government,Grade 4,Math's,High School,47.36,5.37,86.48,74.52,67.26,54.59,5.42,50.23,3,1,3.47,60.54,58.75,69.04,65.18,63.91,64.22,66.35,3,C,Pass,0
STU0673,Sara,Female,Semi-Government,Grade 3,Math's,High School,52.09,6.42,80.95,30.46,100.0,74.56,3.6,40.31,3,0,2.49,68.5,70.23,57.47,76.85,37.34,64.43,78.68,3,B,Pass,1
STU0674,Shawn,Male,Private,Grade 3,Math's,Graduate,39.61,7.48,71.97,51.67,56.98,60.39,1.73,57.65,4,3,2.84,53.96,69.62,57.67,99.59,70.81,65.09,66.54,3,C,Pass,1
STU0675,Isha,Female,Government,Grade 4,Math's,Graduate,37.27,7.74,61.7,85.85,72.92,73.33,8.76,86.44,0,1,3.75,54.84,52.35,70.9,91.76,81.05,72.87,84.47,4,B,Pass,0
STU0676,Tyler,Male,Government,Grade 1,Arts,High School,82.55,6.35,73.19,54.29,68.05,62.7,11.21,100.0,4,0,5.88,46.09,46.55,68.95,61.39,63.44,58.93,87.96,3,A,Fail,0
STU0677,Aarav,Female,Government,Grade 5,Science,High School,63.27,8.43,89.57,32.56,66.61,76.06,14.34,25.59,8,1,8.79,52.95,87.4,25.42,68.87,42.32,56.52,80.47,3,B,Pass,1
STU0678,Cal,Female,Private,Grade 5,Phys.Ed,Graduate,31.65,5.86,61.38,81.2,59.62,67.99,5.05,100.0,3,4,4.07,58.37,66.52,44.46,60.38,47.86,60.8,79.13,3,B,Fail,0
STU0679,Mack,Male,Semi-Government,Grade 4,Arts,High School,61.68,7.21,83.76,94.67,68.22,59.41,2.37,76.46,6,1,3.3,83.65,68.98,58.71,43.82,45.24,65.34,89.04,3,A,Pass,1
STU0680,Mia,Male,Government,Grade 3,Phys.Ed,Graduate,69.46,6.43,88.71,32.11,43.76,65.16,0.0,51.43,2,3,1.45,57.27,79.25,66.39,68.08,68.52,60.07,57.88,3,C,Pass,1
STU0681,Ethan,Male,Private,Grade 5,Arts,Graduate,25.59,5.83,81.92,66.36,58.68,73.14,2.79,95.76,6,1,3.47,90.89,75.69,67.89,42.58,80.38,69.45,86.47,3,A,Pass,1
STU0682,Meera,Male,Government,Grade 5,English,High School,80.79,5.34,65.74,49.53,77.17,65.63,8.79,38.15,2,2,4.72,56.18,61.45,56.54,59.22,50.5,59.53,71.55,3,B,Pass,0
STU0683,Mia,Female,Government,Grade 3,Phys.Ed,Graduate,59.35,5.67,72.85,86.61,61.32,56.06,13.11,87.03,5,1,7.24,56.54,55.22,53.72,73.39,51.58,61.8,86.9,3,A,Pass,0
STU0684,Vivaan,Male,Government,Grade 2,Arts,High School,18.27,8.18,70.73,50.85,66.8,59.22,6.97,5.32,4,1,4.44,62.16,65.45,78.34,82.69,69.34,66.86,69.13,3,C,Pass,0
STU0685,Damon,Female,Private,Grade 5,Arts,Graduate,47.84,8.09,33.06,80.97,83.68,30.32,0.0,84.59,5,2,2.25,43.98,67.06,73.54,75.12,52.31,63.37,75.01,3,B,Not Attended,1
STU0686,Anaya,Male,Government,Grade 5,Math's,Graduate,17.75,9.23,45.92,90.38,87.37,32.14,7.86,81.26,4,1,4.79,43.17,95.35,100.0,55.61,33.83,67.23,100.0,3,A,Not Attended,1
STU0687,Meera,Female,Government,Grade 5,Phys.Ed,High School,62.65,5.4,92.75,25.25,71.37,60.78,10.88,42.98,4,2,6.25,73.92,45.68,26.84,58.87,42.55,50.66,71.29,2,B,Pass,1
STU0688,Sophia,Male,Private,Grade 5,Phys.Ed,High School,62.83,5.27,48.58,79.25,64.76,77.96,4.46,60.32,8,0,4.58,52.18,74.81,58.95,38.9,81.06,65.98,53.11,3,D,Fail,1
STU0689,Hudson,Male,Government,Grade 3,Science,Graduate,87.03,7.91,60.91,52.66,36.79,79.71,0.0,78.95,3,4,2.05,82.07,76.59,56.19,38.61,63.33,60.74,76.4,3,B,Pass,1
STU0690,Robert,Female,Government,Grade 5,Science,High School,46.55,6.23,62.85,57.62,73.02,10.11,7.58,73.42,7,0,5.48,67.34,66.21,35.88,62.17,62.71,54.38,67.57,2,C,Fail,1
STU0691,Michal,Female,Semi-Government,Grade 4,Arts,Graduate,0.0,8.13,73.34,78.01,52.96,64.27,4.35,51.16,1,3,2.84,71.78,58.8,46.73,75.17,80.2,65.99,88.05,3,A,Fail,0
STU0692,Tyler,Male,Semi-Government,Grade 5,Math's,High School,55.88,8.95,90.9,66.86,18.15,53.93,13.06,88.49,5,3,7.72,71.14,41.4,48.26,63.15,68.66,53.94,100.0,2,A,Pass,0
STU0693,Noah,Female,Government,Grade 5,Math's,Graduate,67.14,7.28,78.46,95.97,48.65,59.03,3.2,28.99,5,4,4.03,62.08,69.86,58.59,48.78,68.98,63.99,69.9,3,C,Pass,0
STU0694,Robert,Female,Government,Grade 1,Phys.Ed,Graduate,58.95,6.37,80.63,100.0,58.43,56.57,5.36,63.83,2,2,3.34,54.02,71.37,3.23,66.99,57.99,58.57,68.33,3,C,Fail,0
STU0695,Vivaan,Female,Government,Grade 4,Arts,High School,84.77,4.22,80.52,49.06,96.22,64.52,6.64,57.14,3,2,4.21,61.42,78.98,77.62,49.11,80.09,69.63,77.12,3,B,Pass,0
STU0696,Cal,Male,Government,Grade 5,Science,Graduate,40.96,5.43,57.71,38.02,90.32,72.62,5.2,51.91,6,1,4.43,66.3,67.38,86.6,55.77,85.19,70.28,84.76,4,B,Pass,1
STU0697,Vivaan,Male,Private,Grade 1,English,High School,82.15,7.74,76.85,47.29,50.51,50.65,0.81,100.0,7,2,3.27,90.71,59.98,74.97,69.66,84.16,65.99,70.53,3,B,Pass,1
STU0698,Zen,Male,Private,Grade 3,Math's,Graduate,52.58,6.71,85.87,72.24,94.87,55.63,4.41,99.03,5,2,4.01,100.0,92.24,62.26,53.7,64.87,74.48,89.69,4,A,Pass,0
STU0699,Mia,Male,Government,Grade 4,Math's,High School,62.46,5.66,99.11,46.19,71.94,51.25,4.77,51.18,4,3,4.06,42.51,58.01,80.41,72.61,77.08,62.5,66.34,3,C,Pass,0
STU0700,Kabir,Female,Government,Grade 5,English,High School,103.15,5.21,44.03,83.38,60.76,74.46,4.76,79.03,5,3,4.4,71.88,60.12,88.44,81.06,87.09,75.9,79.57,4,B,Pass,1
STU0701,Mason,Female,Semi-Government,Grade 5,Arts,High School,66.61,6.44,100.0,75.65,91.53,76.07,5.6,65.77,5,0,3.99,43.93,68.94,55.19,45.25,35.91,61.56,85.87,3,A,Pass,0
STU0702,Ava,Male,Government,Grade 2,Math's,High School,36.79,5.68,64.22,73.29,68.0,16.18,6.33,73.64,6,2,5.13,70.05,89.16,94.52,59.45,47.49,64.77,66.74,3,C,Pass,1
STU0703,Olivia,Female,Government,Grade 2,Science,Post Graduate,43.6,6.71,85.32,87.84,65.74,99.5,5.86,35.84,8,1,5.39,57.42,85.51,32.53,42.72,51.57,65.35,85.8,3,A,Pass,0
STU0704,Olivia,Male,Private,Grade 4,Phys.Ed,Post Graduate,39.97,5.72,75.02,29.84,50.65,74.63,16.35,18.57,4,3,8.69,40.36,83.77,69.19,65.54,69.76,60.47,54.83,3,D,Pass,1
STU0705,Mia,Female,Government,Grade 5,Science,High School,62.39,7.74,76.6,68.75,55.97,66.28,5.2,88.78,4,1,3.73,85.08,78.76,50.58,76.52,67.22,68.64,81.08,3,B,Pass,0
STU0706,Mia,Female,Government,Grade 5,Arts,High School,49.24,8.13,80.37,39.48,60.76,59.58,8.79,81.3,7,7,7.72,45.73,65.93,75.05,72.94,70.37,61.23,82.68,3,B,Pass,1
STU0707,Lucas,Female,Private,Grade 3,Math's,Graduate,0.0,7.57,62.15,42.25,23.2,85.45,8.79,30.1,3,2,5.07,82.83,56.18,45.54,39.24,63.05,54.72,82.51,2,B,Pass,1
STU0708,Vivaan,Female,Private,Grade 1,Science,Graduate,51.45,5.2,35.5,34.94,78.73,20.2,4.11,56.79,6,5,4.99,56.16,93.95,45.38,63.53,64.84,57.22,65.35,3,C,Pass,1
STU0709,Noah,Male,Private,Grade 5,Science,Post Graduate,39.63,3.09,46.58,47.9,53.89,31.62,9.0,66.05,3,1,4.9,62.95,69.39,31.85,63.7,46.34,50.95,45.68,2,D,Fail,1
STU0710,Isha,Female,Government,Grade 5,Science,Graduate,37.03,7.9,72.21,30.24,100.0,79.38,7.93,52.19,5,5,6.17,41.03,49.48,81.49,48.08,41.82,58.94,92.35,3,A,Not Attended,1
STU0711,Liam,Female,Private,Grade 4,Arts,Graduate,12.96,7.15,76.1,46.95,54.43,39.48,9.91,21.55,10,1,7.71,80.46,47.26,87.59,65.38,67.53,61.13,82.37,3,B,Pass,1
STU0712,Anaya,Female,Government,Grade 5,Arts,High School,13.82,6.43,60.53,67.97,51.67,84.39,8.06,45.33,6,2,5.82,52.48,73.03,74.5,52.56,49.12,63.21,87.95,3,A,Fail,0
STU0713,Aarav,Female,Semi-Government,Grade 3,English,Graduate,83.08,6.39,92.17,53.31,79.0,43.36,8.75,60.15,2,1,4.45,81.03,79.12,81.96,69.64,68.32,69.47,65.79,3,C,Fail,1
STU0714,Diya,Female,Private,Grade 2,Arts,Graduate,31.02,6.49,72.36,53.58,100.0,63.35,6.49,88.48,4,6,5.5,35.67,71.12,71.84,60.34,62.24,64.77,96.14,3,A,Pass,0
STU0715,Michal,Male,Private,Grade 5,Science,Graduate,57.17,5.08,53.26,85.06,45.33,98.78,0.0,100.0,4,1,1.65,61.96,71.76,59.94,63.1,63.65,68.7,64.08,3,C,Pass,1
STU0716,Damon,Female,Semi-Government,Grade 4,Phys.Ed,Graduate,36.9,3.53,64.63,41.55,36.59,49.97,5.98,61.49,7,3,5.59,63.92,57.38,49.99,53.21,70.88,52.94,47.44,2,D,Pass,1
STU0717,Mason,Female,Government,Grade 5,Science,Post Graduate,108.22,4.84,88.42,90.01,100.0,88.16,2.5,71.04,6,2,3.6,52.89,56.74,72.89,45.44,65.09,71.4,79.64,4,B,Pass,1
STU0718,Riya,Female,Government,Grade 5,Math's,Post Graduate,62.2,7.25,44.69,54.64,18.03,28.6,2.49,92.32,4,2,2.9,60.53,48.75,66.61,64.36,70.12,51.45,63.26,2,C,Pass,1
STU0719,Noah,Male,Government,Grade 1,Arts,Post Graduate,7.76,5.62,93.41,19.12,79.78,44.35,3.0,72.28,3,1,2.5,58.68,54.74,88.82,82.56,30.65,57.34,72.5,3,B,Pass,1
STU0720,Ava,Female,Government,Grade 2,Math's,High School,22.41,9.14,75.69,96.94,81.32,28.44,6.28,22.92,2,4,4.21,95.44,67.66,71.22,60.38,68.4,71.22,71.9,4,B,Pass,1
STU0721,Sophia,Female,Private,Grade 5,Math's,Graduate,71.45,3.8,72.9,68.11,65.98,57.98,4.26,48.87,6,2,4.3,34.23,56.23,45.71,68.81,73.22,58.78,57.19,3,C,Fail,0
STU0722,Robert,Male,Government,Grade 4,Phys.Ed,Graduate,13.98,6.11,95.9,64.57,83.71,71.76,6.68,69.82,2,2,3.87,59.94,79.37,52.52,62.04,100.0,71.74,76.33,4,B,Pass,0
STU0723,Sara,Female,Government,Grade 4,Arts,Graduate,16.32,8.07,77.84,76.5,48.29,47.19,11.39,100.0,2,1,5.51,66.86,79.24,72.02,55.48,57.11,62.84,77.17,3,B,Pass,0
STU0724,Zen,Female,Government,Grade 4,Science,High School,43.91,10.0,84.17,54.84,55.16,40.81,3.64,63.36,9,2,5.11,59.79,38.33,71.87,62.82,53.42,54.63,83.06,2,B,Fail,1
STU0725,Ava,Female,Private,Grade 3,English,High School,17.58,7.95,83.74,66.93,48.77,80.24,2.83,84.66,1,1,1.73,70.68,69.03,50.51,74.36,65.22,65.72,87.58,3,A,Pass,1
STU0726,Shawn,Male,Government,Grade 3,Science,Graduate,7.87,4.56,58.21,45.21,49.15,63.97,1.9,84.7,1,2,1.61,55.46,72.38,74.62,36.54,59.3,57.08,71.0,3,B,Fail,1
STU0727,Kabir,Female,Government,Grade 2,Phys.Ed,Graduate,13.22,7.62,66.21,31.23,53.53,69.88,4.31,40.24,3,4,3.77,50.78,79.85,73.62,54.13,74.53,60.94,65.75,3,C,Pass,1
STU0728,Liam,Female,Government,Grade 2,Phys.Ed,Post Graduate,40.62,5.57,85.55,79.69,78.11,75.45,8.28,69.16,1,2,4.16,57.46,54.91,67.07,67.72,65.34,68.22,71.4,3,B,Pass,0
STU0729,Olivia,Female,Semi-Government,Grade 5,Phys.Ed,High School,27.61,6.31,84.02,23.4,68.14,46.9,7.72,85.18,4,1,4.74,82.17,57.41,77.18,76.06,51.26,60.32,65.39,3,C,Pass,1
STU0730,Riya,Male,Government,Grade 5,Science,Graduate,52.31,8.22,62.04,77.88,37.51,53.98,11.07,72.39,2,1,5.38,83.46,65.03,98.44,52.99,54.9,65.52,70.94,3,B,Fail,0
STU0731,Sophia,Female,Private,Grade 1,Math's,Post Graduate,89.58,7.13,58.24,30.09,34.78,57.93,12.38,66.98,8,2,8.25,88.28,67.42,59.5,56.46,60.05,56.81,73.28,3,B,Pass,1
STU0732,Isha,Female,Private,Grade 3,Math's,Graduate,79.54,4.1,76.07,94.62,59.88,43.87,5.76,90.83,5,1,4.3,87.42,64.54,46.15,44.65,65.24,63.3,67.11,3,C,Pass,1
STU0733,Olivia,Male,Government,Grade 5,Science,High School,71.15,7.77,68.44,46.9,37.58,79.63,6.05,71.06,6,3,5.27,30.28,62.45,78.16,53.6,77.62,58.28,84.76,3,B,Fail,0
STU0734,Mia,Male,Semi-Government,Grade 4,English,High School,33.34,4.48,64.38,72.02,68.06,96.14,3.88,18.31,7,1,4.25,64.99,67.75,63.16,42.24,50.28,65.58,71.67,3,B,Pass,0
STU0735,Liam,Male,Government,Grade 1,Math's,High School,6.57,5.19,83.62,59.59,80.68,39.11,7.73,79.12,5,2,5.34,59.96,63.23,50.11,60.03,42.85,56.94,78.62,3,B,Pass,1
STU0736,Liam,Female,Semi-Government,Grade 3,Math's,High School,45.41,3.74,98.61,77.07,58.21,68.53,0.76,20.24,4,1,1.95,24.12,41.24,53.69,68.92,88.78,60.07,68.87,3,C,Pass,1
STU0737,Tyler,Female,Private,Grade 2,Phys.Ed,Post Graduate,66.89,7.39,59.96,80.53,100.0,40.59,1.27,70.21,5,5,3.51,49.16,52.63,55.2,55.1,50.15,60.42,97.41,3,A,Not Attended,1
STU0738,Jack,Female,Private,Grade 1,Phys.Ed,Graduate,69.95,5.1,82.88,66.69,93.92,60.79,2.43,65.38,3,3,2.77,82.11,69.51,69.24,67.58,47.48,69.67,74.78,3,B,Pass,1
STU0739,Diya,Male,Private,Grade 4,Phys.Ed,High School,72.29,7.51,82.54,51.5,45.63,41.55,1.66,21.46,3,1,1.96,39.28,71.38,55.3,61.73,50.41,52.1,69.93,2,C,Pass,1
STU0740,Liam,Female,Private,Grade 1,Phys.Ed,Graduate,57.67,8.23,50.53,72.0,62.05,87.81,4.35,40.74,6,1,4.09,72.59,85.89,58.51,70.71,64.75,71.79,85.89,4,A,Not Attended,1
STU0741,Vivaan,Female,Government,Grade 2,Science,Graduate,60.32,9.05,68.55,58.96,52.7,67.01,4.49,54.59,7,4,5.25,38.15,45.69,71.28,76.51,58.52,58.6,81.7,3,B,Pass,0
STU0742,Lucas,Male,Private,Grade 3,Math's,High School,81.14,7.87,81.09,75.86,50.58,44.37,9.01,47.57,6,2,6.2,83.72,62.09,61.41,55.88,74.29,63.52,81.79,3,B,Pass,1
STU0743,Aditya,Male,Private,Grade 5,Phys.Ed,High School,30.98,5.85,98.54,64.08,51.4,54.92,3.86,87.55,2,4,3.24,60.98,90.82,54.15,69.59,65.67,63.95,78.06,3,B,Pass,0
STU0744,Noah,Female,Semi-Government,Grade 3,English,Graduate,53.57,10.0,61.05,23.69,50.04,41.03,2.95,87.78,10,1,4.93,71.17,50.14,31.69,61.76,35.86,45.67,68.63,2,C,Not Attended,1
STU0745,Sara,Male,Government,Grade 3,English,Post Graduate,31.33,5.18,44.4,75.71,32.55,54.99,7.11,100.0,4,3,4.99,41.6,55.77,95.23,73.03,63.01,61.49,69.14,3,C,Fail,1
STU0746,Olivia,Female,Government,Grade 2,Phys.Ed,High School,44.84,6.43,70.99,71.22,26.64,35.19,2.18,81.11,3,2,2.42,74.72,64.92,56.61,43.85,84.72,57.23,64.36,3,C,Pass,1
STU0747,Sophia,Female,Government,Grade 3,Math's,High School,46.42,9.82,91.78,36.77,96.01,61.02,4.05,59.24,7,1,4.32,68.58,67.89,68.98,52.71,78.68,66.33,89.05,3,A,Pass,1
STU0748,Lucas,Female,Private,Grade 1,Arts,High School,74.0,8.37,63.63,11.5,76.52,59.74,7.25,67.32,1,5,4.5,36.66,57.92,79.4,60.2,45.0,53.37,71.23,2,B,Pass,1
STU0749,Emma,Male,Private,Grade 5,Phys.Ed,High School,36.41,6.81,49.67,90.72,63.18,69.13,7.23,76.02,5,1,4.89,57.65,45.53,59.91,63.7,92.58,67.8,88.29,3,A,Not Attended,1
STU0750,Aarav,Female,Government,Grade 1,Science,High School,29.15,5.65,60.03,53.43,77.25,14.22,11.18,61.1,8,3,8.02,46.79,55.87,54.58,56.93,65.26,53.04,75.02,2,B,Pass,1
STU0751,Kabir,Male,Semi-Government,Grade 1,Science,Graduate,28.9,10.0,74.12,25.24,13.35,76.06,6.57,100.0,3,2,4.18,63.77,62.17,22.39,78.29,88.59,53.73,87.35,2,A,Pass,1
STU0752,Kabir,Female,Semi-Government,Grade 5,Math's,High School,28.49,5.64,100.0,62.36,42.09,52.43,1.19,100.0,4,2,2.38,74.05,42.95,81.95,50.15,45.35,56.42,74.56,3,B,Pass,1
STU0753,Mia,Female,Government,Grade 4,Phys.Ed,Graduate,55.66,4.56,55.72,79.83,74.82,88.51,3.27,73.12,3,3,3.11,52.85,65.26,72.57,41.15,80.75,69.47,67.49,3,C,Not Attended,1
STU0754,Cal,Male,Semi-Government,Grade 5,Math's,High School,35.09,5.29,81.96,94.56,93.05,49.53,5.27,36.44,3,2,3.66,69.78,73.34,78.32,37.38,81.04,72.12,82.1,4,B,Pass,0
STU0755,Meera,Male,Private,Grade 3,Phys.Ed,High School,69.7,7.26,98.6,85.18,48.03,79.78,12.1,100.0,4,0,6.24,37.03,84.8,54.9,76.5,43.3,63.69,100.0,3,A,Pass,0
STU0756,Kabir,Male,Private,Grade 4,Science,Graduate,56.96,7.16,75.11,44.15,56.58,100.0,16.69,100.0,4,1,8.33,39.44,70.11,78.11,71.98,62.04,65.3,90.22,3,A,Fail,1
STU0757,Ethan,Female,Government,Grade 2,English,High School,41.81,5.74,82.0,56.54,52.72,95.82,8.6,25.64,2,0,4.14,69.74,70.11,85.81,75.66,43.58,68.75,76.09,3,B,Pass,0
STU0758,Mia,Male,Private,Grade 3,Arts,Post Graduate,42.88,3.36,46.91,88.0,77.55,71.58,10.7,80.7,6,6,7.88,32.41,56.04,61.09,60.49,61.6,63.6,84.77,3,B,Pass,1
STU0759,Noah,Female,Private,Grade 4,Math's,High School,13.21,4.54,55.0,51.69,39.95,15.35,1.46,81.42,2,4,2.28,53.88,62.81,83.71,58.82,63.77,53.75,50.02,2,D,Not Attended,1
STU0760,Aditya,Female,Government,Grade 2,Phys.Ed,Graduate,37.43,5.95,50.42,83.49,46.97,34.91,10.8,32.34,3,2,5.87,51.51,58.97,47.15,53.19,58.11,54.29,71.21,2,B,Not Attended,1
STU0761,Ethan,Male,Government,Grade 4,Phys.Ed,Graduate,46.77,4.0,64.88,50.23,48.19,42.52,6.06,48.72,4,1,4.07,51.99,71.83,68.28,59.0,71.3,57.92,56.61,3,C,Pass,1
STU0762,Mason,Male,Government,Grade 1,English,Graduate,72.34,7.8,58.51,65.38,59.31,63.86,5.77,46.37,3,4,4.36,48.8,54.8,87.54,78.23,64.96,65.36,74.74,3,B,Fail,1
STU0763,Robert,Female,Semi-Government,Grade 1,Math's,Graduate,63.82,6.04,81.87,29.72,75.22,40.64,0.89,61.29,2,3,1.81,61.53,54.97,57.05,64.75,51.06,54.37,64.98,2,C,Pass,1
STU0764,Aarav,Male,Government,Grade 5,Science,Post Graduate,71.33,6.42,84.35,79.08,60.81,64.59,0.0,73.55,3,3,1.8,52.85,75.96,62.24,58.79,72.66,65.87,70.98,3,B,Pass,1
STU0765,Anaya,Male,Semi-Government,Grade 2,Math's,Post Graduate,57.2,3.27,76.26,44.12,100.0,53.44,3.16,86.32,4,4,3.66,59.0,89.93,44.45,63.94,50.75,63.2,67.6,3,C,Pass,1
STU0766,Tyler,Female,Semi-Government,Grade 2,Arts,Graduate,31.28,5.89,68.98,58.12,78.64,65.69,0.88,79.21,5,2,2.6,55.56,58.59,70.46,70.44,53.1,63.83,69.64,3,C,Fail,1
STU0767,Mia,Female,Private,Grade 3,Math's,Graduate,55.79,9.89,100.0,46.31,86.84,71.12,12.62,63.43,6,2,7.65,73.81,68.97,65.21,60.7,44.71,64.71,100.0,3,A,Pass,0
STU0768,Sara,Female,Government,Grade 1,Math's,Graduate,16.01,6.67,82.47,58.76,89.21,61.19,10.99,62.08,2,2,5.6,31.96,80.19,66.94,64.31,65.69,64.78,81.91,3,B,Pass,0
STU0769,Noah,Male,Private,Grade 1,Science,High School,51.24,4.11,81.45,51.77,76.49,86.73,0.0,71.12,9,0,3.15,73.75,42.32,61.98,63.96,66.45,65.43,71.73,3,B,Pass,1
STU0770,Hudson,Female,Government,Grade 1,Science,Graduate,20.41,7.94,59.9,98.1,51.95,72.09,5.75,78.88,2,1,3.25,47.46,77.82,76.18,89.76,70.71,73.01,94.71,4,A,Not Attended,1
STU0771,Damon,Male,Private,Grade 1,Math's,High School,74.52,7.42,56.6,68.17,59.88,68.82,0.0,57.54,5,2,2.25,50.71,72.38,71.07,65.3,56.45,64.1,76.7,3,B,Pass,1
STU0772,Hudson,Male,Private,Grade 5,Phys.Ed,Graduate,46.29,4.96,42.32,88.48,72.08,64.55,4.57,71.43,4,1,3.48,59.86,61.01,50.55,65.47,41.71,62.96,72.09,3,B,Pass,1
STU0773,Liam,Female,Private,Grade 5,Math's,High School,51.66,7.49,76.67,63.45,60.56,53.39,0.0,83.61,4,0,1.4,80.91,63.31,49.68,79.55,68.82,64.96,90.51,3,A,Fail,1
STU0774,Kabir,Female,Private,Grade 1,English,Post Graduate,22.96,7.02,74.47,76.65,44.82,71.22,9.68,49.61,6,0,5.97,70.71,95.43,86.02,63.56,67.96,72.05,88.6,4,A,Pass,0
STU0775,Olivia,Female,Private,Grade 1,English,High School,76.89,5.54,75.38,83.02,73.07,44.95,5.19,40.41,6,7,5.93,79.73,55.12,74.24,44.27,64.03,64.8,72.6,3,B,Fail,1
STU0776,Sara,Male,Private,Grade 5,Phys.Ed,High School,40.45,7.07,52.28,53.42,82.11,79.84,10.79,73.54,3,4,6.37,66.9,66.19,58.56,66.27,44.95,64.78,93.89,3,A,Pass,1
STU0777,Mia,Male,Private,Grade 5,Science,High School,39.91,6.72,82.78,36.99,62.82,64.55,7.84,87.57,2,5,5.09,69.01,64.32,54.49,59.22,38.26,56.21,68.45,3,C,Pass,1
STU0778,Zen,Female,Semi-Government,Grade 1,Math's,Graduate,87.1,7.73,75.84,47.99,74.23,58.31,12.98,65.1,4,3,7.34,71.64,66.39,36.4,71.56,98.94,65.68,88.93,3,A,Pass,0
STU0779,Kabir,Female,Government,Grade 2,Math's,High School,58.34,7.51,49.43,76.85,64.12,82.15,4.99,100.0,6,0,4.1,81.33,70.7,61.3,54.95,76.31,70.96,85.25,4,A,Pass,1
STU0780,Ethan,Female,Government,Grade 5,Math's,Graduate,51.21,5.2,76.46,45.36,53.98,66.92,1.45,35.66,3,5,2.88,90.92,66.0,77.1,56.85,62.07,64.9,60.99,3,C,Pass,1
STU0781,Emma,Male,Government,Grade 3,Arts,High School,41.05,7.62,85.7,50.74,76.1,44.71,2.04,93.95,5,1,2.82,79.8,84.83,53.89,64.5,70.13,65.59,85.64,3,A,Pass,1
STU0782,Mia,Male,Semi-Government,Grade 5,Arts,Graduate,33.58,4.96,69.78,26.98,71.47,54.28,5.84,94.9,1,2,3.19,72.25,63.89,61.45,58.59,65.04,59.24,56.06,3,C,Pass,1
STU0783,Ethan,Female,Government,Grade 1,Phys.Ed,Graduate,71.83,7.22,72.34,34.09,81.03,46.68,4.57,85.16,3,3,3.63,70.32,54.7,43.36,68.7,60.64,57.44,77.07,3,B,Pass,1
STU0784,Mack,Male,Private,Grade 5,Phys.Ed,Graduate,34.07,4.9,93.64,60.15,59.74,81.5,9.65,100.0,5,3,6.36,54.53,56.53,72.59,50.66,92.45,66.02,80.75,3,B,Pass,0
STU0785,Lucas,Male,Semi-Government,Grade 5,English,Graduate,16.36,6.89,64.79,70.43,91.93,13.58,5.4,98.28,2,3,3.61,73.49,96.22,51.55,84.83,62.04,68.01,73.72,3,B,Pass,1
STU0786,Zen,Male,Government,Grade 5,Science,Graduate,0.0,7.56,54.98,55.8,52.31,38.67,2.97,70.97,4,4,3.59,46.95,88.31,53.99,64.37,60.6,57.62,69.65,3,C,Pass,1
STU0787,Sophia,Male,Private,Grade 4,Math's,Graduate,38.36,6.03,69.72,62.36,63.43,61.25,2.26,58.2,3,0,1.95,63.25,71.91,76.17,76.66,67.57,67.82,63.24,3,C,Pass,1
STU0788,Hudson,Male,Private,Grade 1,English,Graduate,47.75,2.43,54.56,96.59,66.56,35.29,11.91,80.05,4,2,6.66,45.6,52.37,53.16,61.32,73.24,60.52,54.89,3,D,Pass,1
STU0789,Anaya,Female,Government,Grade 5,Arts,Graduate,59.22,7.24,81.22,47.68,98.66,72.79,4.3,93.39,3,2,3.27,73.92,64.42,44.92,81.5,74.95,69.85,92.83,3,A,Pass,0
STU0790,Anaya,Female,Semi-Government,Grade 4,English,Post Graduate,116.89,4.86,83.54,45.66,38.92,34.57,2.61,68.67,5,5,4.04,79.9,53.3,63.79,68.79,65.36,56.29,51.67,3,D,Not Attended,1
STU0791,Kabir,Male,Government,Grade 2,English,High School,102.33,6.04,69.23,33.96,45.86,70.39,13.7,41.05,4,2,7.38,51.34,79.24,80.12,53.19,36.75,56.36,67.1,3,C,Pass,1
STU0792,Meera,Female,Government,Grade 2,Phys.Ed,Graduate,39.4,6.3,62.54,83.78,38.58,100.0,9.51,23.33,4,0,5.2,60.18,55.67,44.22,72.03,35.85,61.29,84.93,3,B,Pass,0
STU0793,Lucas,Female,Semi-Government,Grade 2,Science,Graduate,29.9,6.81,75.47,60.38,58.77,42.52,1.68,39.11,1,2,1.52,53.32,67.62,49.39,70.87,62.62,58.19,82.99,3,B,Pass,1
STU0794,Aarav,Male,Government,Grade 4,Phys.Ed,High School,101.46,5.9,73.4,69.44,66.51,61.32,2.92,55.61,2,1,2.12,62.6,38.69,33.15,49.57,64.03,55.66,79.62,3,B,Fail,1
STU0795,Diya,Female,Semi-Government,Grade 5,Phys.Ed,High School,77.78,6.64,64.93,34.71,77.0,52.31,9.43,88.3,5,2,6.02,90.46,56.2,72.8,50.33,61.47,61.91,69.45,3,C,Pass,1
STU0796,Jack,Female,Government,Grade 5,Science,Post Graduate,57.15,7.33,84.57,94.36,40.32,54.92,11.51,83.92,6,4,7.7,70.78,51.76,53.48,60.22,80.59,63.3,83.89,3,B,Pass,0
STU0797,Cal,Male,Private,Grade 2,Arts,Graduate,0.0,5.83,55.97,72.92,48.57,45.01,6.41,59.97,5,3,5.06,47.35,43.08,70.55,49.54,43.64,52.58,61.73,2,C,Pass,1
STU0798,Zen,Male,Private,Grade 4,English,Post Graduate,40.24,7.42,82.44,46.43,69.17,54.2,6.37,47.35,5,4,5.3,46.03,60.78,42.51,56.11,72.42,55.96,71.61,3,B,Fail,0
STU0799,Sara,Male,Semi-Government,Grade 2,English,High School,59.91,7.31,71.44,85.79,49.74,59.35,0.0,19.48,2,2,1.2,52.03,43.76,69.17,77.11,52.4,61.17,66.86,3,C,Pass,1
STU0800,Mason,Female,Government,Grade 4,Arts,Graduate,65.33,5.98,63.8,42.23,53.65,25.78,9.54,40.59,7,1,6.52,68.61,55.63,98.48,67.74,73.71,60.73,61.77,3,C,Pass,1
STU0801,Aditya,Male,Government,Grade 4,Math's,Graduate,49.55,5.09,80.41,81.25,47.91,47.87,2.03,77.49,2,1,1.76,80.67,76.1,74.93,49.19,35.07,61.62,64.64,3,C,Pass,1
STU0802,Liam,Female,Government,Grade 5,English,Graduate,52.08,7.93,78.21,87.55,70.81,95.7,0.0,74.36,2,2,1.2,32.01,87.82,55.83,87.0,75.85,74.07,96.02,4,A,Pass,1
STU0803,Ethan,Female,Private,Grade 3,Math's,Post Graduate,79.38,5.06,100.0,100.0,67.69,61.28,4.65,43.57,4,2,3.76,42.32,72.53,73.11,59.29,77.29,69.19,79.48,3,B,Fail,0
STU0804,Tyler,Female,Semi-Government,Grade 5,Arts,High School,68.71,8.33,47.64,53.02,62.71,0.0,1.66,46.47,2,2,1.86,40.28,46.26,70.32,71.51,75.62,52.47,70.95,2,B,Fail,1
STU0805,Emma,Male,Government,Grade 5,Math's,High School,31.5,6.47,86.29,100.0,59.63,63.43,2.43,100.0,4,3,3.12,82.65,92.97,55.12,44.63,43.99,67.8,95.95,3,A,Pass,1
STU0806,Anaya,Male,Government,Grade 5,Arts,Graduate,19.74,3.84,39.88,31.08,84.83,53.54,5.86,70.49,2,1,3.29,50.03,58.81,48.04,77.83,57.05,57.65,61.19,3,C,Not Attended,1
STU0807,Vivaan,Female,Government,Grade 4,Arts,High School,12.48,6.65,80.23,85.03,55.79,22.54,6.63,55.02,2,1,3.6,43.39,73.86,31.34,78.31,65.95,57.02,66.54,3,C,Pass,1
STU0808,Tyler,Male,Private,Grade 4,Science,Graduate,17.87,4.47,59.53,24.56,60.34,52.53,9.92,43.26,4,2,5.87,69.88,73.7,61.81,87.88,41.41,59.01,71.75,3,B,Not Attended,1
STU0809,Isha,Male,Government,Grade 5,Science,Post Graduate,24.58,7.02,59.58,74.93,68.78,50.51,3.15,61.56,6,2,3.86,66.2,52.57,33.62,68.85,77.37,61.6,84.56,3,B,Not Attended,1
STU0810,Emma,Male,Private,Grade 2,Math's,Graduate,62.83,6.38,79.7,28.85,76.49,42.03,8.47,49.93,3,0,4.44,90.44,73.84,49.01,78.98,65.89,63.19,62.26,3,C,Pass,1
STU0811,Damon,Female,Private,Grade 2,Phys.Ed,Graduate,74.42,6.18,66.1,100.0,49.19,78.41,6.01,64.54,5,2,4.65,54.56,52.86,44.31,67.49,21.97,58.6,67.25,3,C,Pass,0
STU0812,Mason,Male,Government,Grade 3,Phys.Ed,Graduate,66.85,4.04,66.17,50.27,49.85,40.4,0.0,35.38,2,3,1.45,71.09,52.63,100.0,70.75,76.14,63.89,58.47,3,C,Pass,1
STU0813,Emma,Male,Private,Grade 4,Math's,High School,61.49,6.46,72.74,76.13,62.08,50.72,11.5,83.37,3,1,5.9,63.23,52.14,72.54,46.61,24.48,55.99,66.38,3,C,Pass,0
STU0814,Tyler,Female,Government,Grade 1,Math's,Post Graduate,68.48,8.05,77.51,55.47,52.64,82.5,14.29,69.24,3,3,7.52,67.93,82.97,45.27,36.6,55.03,59.8,97.93,3,A,Pass,0
STU0815,Noah,Female,Government,Grade 2,Science,High School,23.68,9.06,80.39,70.9,76.17,100.0,5.6,100.0,4,2,4.14,70.51,62.96,75.2,55.4,100.0,76.39,100.0,4,A,Pass,0
STU0816,Zen,Female,Government,Grade 4,Math's,High School,64.88,6.64,100.0,65.73,44.41,65.52,8.82,57.8,4,2,5.43,90.94,65.25,33.12,63.66,49.9,59.82,88.34,3,A,Pass,0
STU0817,Vivaan,Male,Private,Grade 1,Arts,Post Graduate,74.23,7.7,68.58,57.96,66.47,81.08,0.0,68.55,9,3,3.9,17.24,40.54,70.43,58.06,60.44,56.53,78.15,3,B,Pass,1
STU0818,Jack,Male,Government,Grade 5,Phys.Ed,Post Graduate,61.41,6.37,46.84,43.61,74.85,43.0,10.82,100.0,4,2,6.23,58.74,51.95,90.13,63.6,78.55,63.05,71.69,3,B,Pass,1
STU0819,Mia,Male,Government,Grade 5,Math's,High School,55.04,5.14,77.56,70.4,74.86,25.25,6.0,41.37,8,2,5.7,50.59,69.53,39.51,38.32,66.51,54.37,68.29,2,C,Pass,1
STU0820,Noah,Female,Government,Grade 5,Phys.Ed,Graduate,48.55,7.81,63.65,77.5,71.16,85.23,4.48,58.93,4,2,3.69,73.21,69.41,88.33,44.9,53.98,70.46,89.71,4,A,Pass,0
STU0821,Sophia,Female,Government,Grade 5,Science,High School,45.74,7.28,69.74,85.3,58.22,36.37,1.75,83.65,7,1,3.4,55.69,79.99,81.57,57.49,58.98,64.2,72.53,3,B,Fail,1
STU0822,Damon,Male,Private,Grade 5,English,High School,16.58,3.05,69.56,87.68,56.11,83.06,4.77,70.2,5,2,4.16,55.88,57.36,21.35,51.78,67.02,60.03,79.02,3,B,Fail,0
STU0823,Sara,Female,Government,Grade 5,Phys.Ed,Graduate,68.8,4.44,83.29,54.45,56.01,66.99,6.03,30.88,5,4,5.16,62.51,65.8,61.07,52.84,47.1,58.35,63.48,3,C,Pass,0
STU0824,Mason,Female,Government,Grade 3,Arts,Graduate,59.0,7.08,71.21,88.21,51.24,54.29,8.5,73.63,1,2,4.25,77.01,56.07,70.74,61.4,95.34,69.29,79.33,3,B,Pass,0
STU0825,Cal,Male,Government,Grade 2,English,High School,74.47,4.74,90.1,99.46,85.57,81.62,9.18,71.13,2,2,4.87,78.62,73.12,55.15,66.86,57.09,74.69,82.82,4,B,Pass,0
STU0826,Olivia,Male,Private,Grade 5,Phys.Ed,Post Graduate,87.11,4.83,46.69,49.03,75.25,58.07,1.83,93.56,2,3,2.18,58.39,60.47,54.46,52.76,70.19,59.83,64.75,3,C,Fail,1
STU0827,Liam,Male,Private,Grade 3,Phys.Ed,High School,38.1,5.42,83.49,44.62,61.16,87.66,7.5,64.89,7,6,6.95,72.59,71.5,75.21,73.36,78.91,70.62,87.74,4,A,Pass,1
STU0828,Michal,Female,Government,Grade 3,Math's,High School,97.86,6.29,75.8,61.63,34.99,50.6,12.4,48.01,6,0,7.06,52.78,80.86,35.21,46.62,93.42,57.01,70.47,3,B,Pass,0
STU0829,Kabir,Female,Private,Grade 2,Math's,Graduate,7.33,6.97,83.11,49.83,67.07,63.88,11.15,84.11,2,3,5.91,54.48,64.51,38.78,68.97,64.86,59.05,85.04,3,A,Pass,0
STU0830,Shawn,Female,Private,Grade 5,Math's,Graduate,75.27,7.24,100.0,85.69,65.72,47.98,7.5,86.19,4,1,4.65,57.99,83.53,88.82,48.24,75.31,69.16,93.62,3,A,Pass,0
STU0831,Diya,Male,Government,Grade 1,Arts,High School,13.93,7.31,100.0,88.01,98.06,63.3,3.63,5.27,2,0,2.15,50.12,70.75,63.51,61.49,75.56,71.35,84.62,4,B,Not Attended,0
STU0832,Sara,Female,Government,Grade 5,Arts,Graduate,92.2,4.97,86.0,71.5,72.79,44.61,8.55,74.99,5,1,5.42,59.64,86.18,68.22,75.81,63.23,67.75,83.65,3,B,Pass,1
STU0833,Isha,Female,Private,Grade 5,Arts,Graduate,0.0,3.47,90.97,70.13,66.68,55.93,4.71,46.8,6,2,4.48,53.42,38.99,51.44,55.42,87.43,59.93,65.2,3,C,Pass,0
STU0834,Diya,Male,Government,Grade 5,Science,High School,26.59,6.66,69.42,75.41,48.34,28.47,7.14,69.89,1,2,3.71,97.02,79.99,95.25,71.76,60.57,69.6,76.33,3,B,Pass,1
STU0835,Zen,Female,Government,Grade 2,Science,High School,79.34,7.52,96.9,80.34,97.42,55.95,4.35,57.68,3,3,3.54,23.44,60.74,55.08,55.31,82.3,63.82,92.57,3,A,Pass,0
STU0836,Kabir,Female,Private,Grade 1,Phys.Ed,Post Graduate,74.91,4.6,99.94,71.16,44.46,61.45,0.0,24.85,2,3,1.45,50.84,70.52,16.29,66.1,71.09,56.49,62.61,3,C,Pass,1
STU0837,Michal,Female,Government,Grade 2,Phys.Ed,High School,44.34,7.69,67.8,43.78,77.4,72.06,6.87,100.0,3,3,4.55,89.63,60.53,17.92,66.77,65.67,61.72,80.5,3,B,Fail,1
STU0838,Olivia,Male,Private,Grade 5,English,High School,71.93,5.1,79.33,35.38,91.77,84.92,1.2,100.0,8,1,3.53,40.49,81.7,71.58,42.14,83.41,66.42,70.05,3,B,Pass,1
STU0839,Mia,Male,Government,Grade 1,English,High School,69.68,10.0,100.0,55.79,71.64,84.47,0.83,82.56,7,1,3.03,59.73,47.25,75.63,64.8,67.75,65.88,99.48,3,A,Pass,1
STU0840,Cal,Male,Government,Grade 5,Math's,High School,26.23,7.35,81.94,60.61,16.16,63.67,7.49,93.02,3,0,4.05,55.82,76.34,76.53,67.69,61.27,59.76,78.23,3,B,Pass,0
STU0841,Mack,Male,Government,Grade 3,Math's,High School,73.2,4.56,70.17,30.53,48.54,42.97,10.49,99.47,3,0,5.25,52.58,53.83,68.17,71.78,67.02,54.43,60.75,2,C,Pass,1
STU0842,Damon,Male,Semi-Government,Grade 1,Science,Graduate,74.05,4.56,65.38,67.53,76.44,41.43,4.24,100.0,3,2,3.25,69.03,67.47,73.36,54.74,54.13,63.02,74.63,3,B,Pass,1
STU0843,Emma,Male,Private,Grade 5,Math's,High School,90.31,7.29,58.38,70.3,69.78,65.01,1.61,43.57,4,0,2.04,62.68,64.36,45.72,58.2,36.07,59.02,79.59,3,B,Fail,1
STU0844,Robert,Male,Private,Grade 3,Arts,Post Graduate,26.41,7.01,93.1,27.92,57.28,65.86,2.64,24.52,6,2,3.66,21.53,61.74,71.31,63.86,75.53,55.63,67.57,3,C,Pass,1
STU0845,Mason,Male,Private,Grade 5,English,Graduate,94.34,7.05,62.46,73.09,60.38,97.42,3.96,89.49,5,3,4.08,84.79,66.5,98.73,71.62,75.64,78.52,82.17,4,B,Pass,0
STU0846,Emma,Female,Private,Grade 5,Arts,High School,8.78,5.02,79.02,84.38,100.0,50.21,9.51,100.0,2,1,4.75,78.66,48.22,51.36,50.68,78.75,67.78,96.01,3,A,Pass,0
STU0847,Aditya,Female,Government,Grade 3,Science,High School,57.98,6.29,50.32,71.81,72.15,91.18,0.09,100.0,3,2,1.59,56.69,71.65,86.13,36.07,66.76,69.06,73.45,3,B,Pass,1
STU0848,Zen,Female,Government,Grade 5,Science,High School,17.93,6.03,89.1,71.73,100.0,64.31,8.8,98.58,6,4,6.62,70.12,47.72,53.4,64.71,89.19,70.15,99.73,4,A,Pass,0
STU0849,Diya,Female,Semi-Government,Grade 4,Phys.Ed,High School,44.45,5.43,55.91,54.71,42.48,54.77,10.41,19.82,7,3,7.36,45.56,76.83,81.81,86.69,80.11,65.37,60.09,3,C,Pass,1
STU0850,Tyler,Male,Private,Grade 4,Math's,Post Graduate,57.22,8.66,76.62,40.46,66.31,71.03,8.82,54.66,3,1,4.83,75.54,51.59,50.92,61.86,66.95,60.58,81.07,3,B,Pass,1
STU0851,Hudson,Female,Private,Grade 2,English,Post Graduate,52.58,6.96,65.97,48.62,55.93,42.96,6.8,32.1,5,2,4.97,36.48,52.89,56.16,64.24,82.85,55.02,63.67,3,C,Pass,1
STU0852,Isha,Male,Private,Grade 5,Phys.Ed,Graduate,45.37,6.68,47.94,75.68,92.42,71.1,5.38,77.92,4,0,3.55,74.31,68.27,34.62,67.48,79.48,70.42,72.49,4,B,Fail,1
STU0853,Tyler,Female,Government,Grade 1,Math's,Post Graduate,37.48,3.53,79.34,83.95,50.46,54.92,4.92,70.55,5,7,5.47,73.5,65.58,78.0,67.36,60.31,66.76,66.98,3,C,Pass,0
STU0854,Meera,Male,Semi-Government,Grade 4,Arts,High School,34.01,5.09,60.93,100.0,71.65,78.49,9.3,63.58,4,0,5.12,56.97,48.24,17.68,49.73,91.87,64.33,80.98,3,B,Pass,0
STU0855,Aditya,Female,Government,Grade 4,Math's,High School,12.05,7.19,99.13,54.91,88.57,100.0,5.56,53.06,1,4,3.57,51.63,66.16,73.86,52.28,57.26,68.08,89.28,3,A,Fail,0
STU0856,Ava,Male,Private,Grade 5,Science,Post Graduate,53.24,6.68,79.8,70.09,69.19,49.22,8.0,67.11,3,3,5.0,68.16,63.61,67.35,53.08,75.84,64.57,87.11,3,A,Not Attended,0
STU0857,Noah,Male,Private,Grade 3,English,High School,55.58,6.7,70.53,40.16,81.85,48.91,3.16,92.95,2,2,2.46,50.39,52.51,56.29,92.05,70.8,61.62,81.02,3,B,Pass,1
STU0858,Riya,Female,Government,Grade 1,Phys.Ed,Graduate,47.87,5.55,74.99,64.55,45.16,86.09,4.22,90.42,4,4,4.09,85.9,33.66,64.49,22.44,75.72,59.75,86.66,3,A,Fail,0
STU0859,Sophia,Female,Government,Grade 5,Science,Graduate,45.95,4.97,100.0,66.34,56.34,39.85,4.41,57.24,5,2,4.01,52.67,74.35,52.21,58.89,46.06,55.84,76.28,3,B,Pass,1
STU0860,Aditya,Male,Semi-Government,Grade 2,Science,Graduate,41.35,5.89,50.41,98.5,91.93,64.34,5.95,38.97,7,2,5.33,60.57,76.49,73.63,65.14,75.11,75.71,87.28,4,A,Fail,1
STU0861,Anaya,Male,Private,Grade 3,Math's,High School,32.34,6.16,54.77,49.55,68.25,44.5,4.1,68.32,2,3,3.09,82.74,72.49,72.08,48.39,56.93,61.87,67.13,3,C,Pass,1
STU0862,Ava,Male,Semi-Government,Grade 5,English,High School,21.71,6.49,77.49,53.08,29.81,57.96,3.0,45.98,7,1,3.9,54.68,94.3,73.68,54.68,77.28,61.93,58.56,3,C,Pass,0
STU0863,Liam,Male,Government,Grade 2,English,Graduate,53.89,6.41,95.33,85.41,45.45,58.01,0.0,56.73,5,1,2.0,61.71,57.74,65.09,77.68,62.09,64.15,64.64,3,C,Fail,1
STU0864,Olivia,Female,Private,Grade 2,English,High School,74.02,3.83,76.3,96.32,70.6,41.85,8.05,85.21,0,0,3.22,43.48,87.74,63.84,82.04,65.49,68.92,74.52,3,B,Pass,1
STU0865,Riya,Female,Private,Grade 3,Math's,High School,55.97,6.93,79.67,43.77,57.82,39.95,5.38,87.05,2,1,3.1,49.34,69.27,44.54,53.92,78.74,54.67,72.69,2,B,Pass,1
STU0866,Olivia,Male,Semi-Government,Grade 5,Science,Graduate,0.0,10.0,88.65,59.89,40.27,60.51,9.26,85.72,2,1,4.65,63.68,87.16,66.44,59.81,65.38,62.89,83.51,3,B,Pass,0
STU0867,Hudson,Male,Private,Grade 5,Science,High School,33.52,6.15,74.49,79.69,40.07,66.9,2.69,61.88,11,0,4.93,59.49,64.18,77.05,54.69,46.61,61.08,80.65,3,B,Pass,1
STU0868,Riya,Male,Private,Grade 5,Phys.Ed,High School,80.95,8.12,56.15,38.64,73.71,65.02,2.92,39.81,4,2,3.07,72.99,74.33,80.37,43.12,66.58,64.35,86.63,3,A,Fail,1
STU0869,Aarav,Male,Private,Grade 4,Science,Graduate,31.43,5.75,100.0,66.73,48.56,12.21,10.01,41.71,2,4,5.7,47.68,61.42,98.78,47.1,75.76,57.28,71.51,3,B,Pass,1
STU0870,Jack,Female,Private,Grade 2,Math's,Graduate,58.5,3.97,46.31,55.4,69.65,37.96,7.44,68.66,4,3,5.13,59.23,73.54,47.52,34.07,78.71,57.01,68.21,3,C,Fail,1
STU0871,Anaya,Male,Government,Grade 3,Phys.Ed,High School,42.76,3.86,84.5,62.27,72.35,58.3,5.52,58.6,6,1,4.56,54.65,76.45,71.29,59.31,66.43,65.13,55.97,3,C,Pass,0
STU0872,Noah,Female,Semi-Government,Grade 4,Math's,Post Graduate,63.88,5.93,72.41,64.7,69.63,83.22,1.61,79.69,7,0,3.09,41.12,59.31,69.64,64.12,64.85,64.57,72.41,3,B,Pass,1
STU0873,Shawn,Female,Private,Grade 5,English,Graduate,0.0,6.71,75.07,48.62,81.0,95.34,3.49,63.39,5,3,3.9,64.53,54.32,48.55,38.58,65.01,61.99,86.51,3,A,Pass,0
STU0874,Olivia,Female,Government,Grade 2,Phys.Ed,High School,45.63,6.0,63.53,49.06,61.52,95.45,5.4,47.13,2,0,2.86,44.28,58.99,62.32,69.26,79.11,65.0,67.13,3,C,Pass,0
STU0875,Lucas,Male,Government,Grade 1,Science,Graduate,9.4,4.3,63.32,94.5,75.85,82.54,1.45,95.41,4,1,2.23,51.74,76.77,71.72,64.55,59.56,72.15,79.75,4,B,Pass,1
STU0876,Mia,Male,Government,Grade 2,Phys.Ed,Graduate,55.31,5.39,66.01,63.74,74.56,67.8,5.8,55.81,5,2,4.57,77.25,40.98,61.34,48.76,41.28,59.46,88.44,3,A,Pass,0
STU0877,Meera,Female,Government,Grade 1,Math's,High School,81.91,7.49,38.51,35.09,44.5,37.42,3.0,69.95,2,4,2.9,61.43,91.08,53.61,45.02,50.69,52.35,56.35,2,C,Pass,1
STU0878,Aditya,Female,Government,Grade 3,Math's,High School,103.61,4.74,61.53,74.89,82.55,27.12,1.63,72.67,4,2,2.55,47.87,92.21,87.3,68.89,64.44,68.16,58.1,3,C,Pass,1
STU0879,Cal,Female,Private,Grade 2,Phys.Ed,Post Graduate,53.37,6.62,66.73,86.54,70.94,74.24,6.58,55.57,1,3,3.73,51.26,78.15,66.4,56.24,71.67,69.43,80.72,3,B,Pass,0
STU0880,Lucas,Male,Private,Grade 5,English,Graduate,52.75,5.77,60.36,80.76,61.33,61.93,7.34,71.02,4,1,4.59,62.12,73.54,40.76,56.51,35.88,59.1,71.01,3,B,Pass,0
STU0881,Cal,Male,Government,Grade 1,English,Graduate,88.71,7.87,93.88,100.0,59.28,62.2,7.01,81.98,2,3,4.25,49.69,40.98,74.02,60.69,63.76,63.83,83.29,3,B,Pass,0
STU0882,Cal,Male,Semi-Government,Grade 5,English,High School,36.84,5.31,98.73,69.05,68.88,47.29,3.95,37.61,4,6,4.48,63.38,63.65,63.15,49.36,54.01,59.85,84.79,3,B,Pass,0
STU0883,Vivaan,Female,Private,Grade 1,Math's,High School,7.9,7.48,83.62,77.01,77.54,59.79,9.96,79.06,5,1,5.98,63.01,81.99,68.02,62.26,72.51,70.27,94.28,4,A,Pass,0
STU0884,Cal,Male,Government,Grade 1,Phys.Ed,High School,14.73,7.46,61.17,73.58,33.43,46.28,0.0,79.21,1,0,0.35,41.91,64.29,28.92,80.19,69.42,54.75,71.87,2,B,Pass,1
STU0885,Michal,Female,Private,Grade 2,Math's,Post Graduate,53.61,7.8,65.54,63.18,72.57,47.25,11.62,69.12,3,2,6.2,73.71,71.99,74.89,68.77,65.99,67.29,90.06,3,A,Pass,0
STU0886,Lucas,Male,Semi-Government,Grade 5,English,High School,31.09,8.46,88.22,53.12,25.74,70.81,5.5,42.52,6,3,5.05,57.93,76.73,76.51,60.47,53.02,59.29,86.63,3,A,Pass,0
STU0887,Kabir,Female,Semi-Government,Grade 5,Arts,Post Graduate,0.0,5.22,86.27,37.41,55.49,62.47,6.05,100.0,4,2,4.32,52.08,57.73,57.32,80.74,55.14,57.3,67.85,3,C,Pass,1
STU0888,Isha,Female,Private,Grade 4,Phys.Ed,Graduate,46.11,10.0,81.58,41.55,79.86,93.52,5.98,47.57,3,2,3.94,71.58,56.92,68.58,71.89,65.45,68.67,86.89,3,A,Pass,1
STU0889,Liam,Male,Private,Grade 1,Science,High School,24.58,2.0,54.99,99.06,82.77,81.09,2.24,100.0,3,4,2.95,54.06,54.31,21.53,57.2,41.19,61.4,72.69,3,B,Fail,1
STU0890,Sara,Male,Government,Grade 5,Science,High School,35.54,6.71,71.9,35.28,57.58,27.91,8.36,64.69,3,2,4.89,35.63,60.29,58.01,82.17,48.28,50.64,73.72,2,B,Pass,1
STU0891,Ava,Male,Semi-Government,Grade 2,Science,High School,59.41,5.0,59.7,38.33,49.91,46.86,5.19,60.87,6,4,5.18,69.7,63.86,100.0,55.66,46.87,58.9,61.33,3,C,Pass,1
STU0892,Emma,Male,Private,Grade 4,English,Graduate,17.59,5.96,60.52,60.28,53.95,60.21,0.05,60.86,2,1,0.97,84.06,90.31,41.17,65.81,48.3,63.01,62.43,3,C,Pass,1
STU0893,Noah,Male,Government,Grade 1,Math's,Graduate,49.39,3.99,88.27,57.37,55.72,51.34,6.05,88.28,3,3,4.22,66.07,51.13,70.29,41.27,61.4,56.82,58.78,3,C,Pass,0
STU0894,Aditya,Female,Private,Grade 4,Science,Post Graduate,70.19,6.77,58.52,71.64,73.67,48.81,0.87,30.15,3,0,1.4,61.41,83.68,23.8,72.87,60.55,62.05,61.07,3,C,Pass,1
STU0895,Lucas,Male,Semi-Government,Grade 4,Phys.Ed,Post Graduate,17.14,7.1,99.54,44.03,48.89,35.47,4.65,96.37,6,2,4.46,85.73,89.81,84.84,52.96,92.1,66.73,70.14,3,B,Pass,1
STU0896,Olivia,Female,Private,Grade 5,Phys.Ed,Graduate,71.15,7.3,74.36,54.09,50.67,60.47,5.51,66.09,2,2,3.4,57.52,65.15,36.38,83.57,66.56,59.3,80.44,3,B,Pass,0
STU0897,Cal,Female,Semi-Government,Grade 2,Phys.Ed,High School,57.67,5.63,82.88,26.76,34.57,41.85,9.09,66.27,2,2,4.84,82.88,71.94,40.65,37.27,40.48,47.05,52.66,2,D,Pass,1
STU0898,Tyler,Male,Private,Grade 1,Math's,Post Graduate,68.04,5.82,77.5,53.23,33.15,62.46,7.57,94.88,1,1,3.63,62.53,68.99,86.9,60.21,54.67,60.27,79.8,3,B,Pass,0
STU0899,Lucas,Female,Government,Grade 5,Phys.Ed,High School,65.5,8.33,86.4,27.93,65.45,52.85,7.75,45.1,4,3,5.25,30.01,64.81,49.9,67.7,62.78,52.68,73.74,2,B,Pass,1
STU0900,Zen,Female,Private,Grade 3,Math's,Graduate,48.69,2.98,53.51,84.76,71.16,68.21,9.72,77.23,6,1,6.24,77.97,64.31,30.82,73.26,34.58,63.13,58.88,3,C,Pass,1
STU0901,Hudson,Male,Semi-Government,Grade 3,English,High School,32.39,9.14,73.04,80.69,78.17,29.56,5.32,100.0,2,2,3.33,54.75,86.05,57.54,45.06,38.81,58.83,100.0,3,A,Fail,1
STU0902,Michal,Female,Private,Grade 3,Phys.Ed,High School,37.9,6.13,95.14,81.93,76.61,54.79,5.69,40.26,5,4,5.03,55.47,47.58,50.3,60.12,48.6,59.43,86.23,3,A,Pass,0
STU0903,Shawn,Male,Private,Grade 3,Phys.Ed,Graduate,25.01,6.52,60.81,95.96,74.38,0.0,4.05,32.78,3,6,4.17,65.55,50.26,75.95,36.55,100.0,62.33,69.09,3,C,Pass,1
STU0904,Ava,Female,Private,Grade 4,Science,High School,0.0,6.18,79.97,56.4,36.69,46.24,8.39,51.75,2,2,4.56,42.92,75.07,90.87,76.28,59.36,60.48,62.64,3,C,Fail,0
STU0905,Riya,Male,Private,Grade 1,Science,Post Graduate,44.42,7.61,51.58,47.45,74.82,86.4,8.74,65.22,3,4,5.55,58.38,65.03,66.18,54.16,39.68,61.51,76.57,3,B,Not Attended,1
STU0906,Vivaan,Female,Semi-Government,Grade 1,Phys.Ed,Post Graduate,16.68,6.9,59.52,71.87,69.42,69.31,0.56,18.26,1,4,1.57,76.25,70.51,52.81,73.77,55.57,67.44,87.92,3,A,Not Attended,1
STU0907,Mia,Male,Private,Grade 4,Science,High School,43.45,6.56,70.67,98.09,100.0,34.5,0.0,37.18,5,0,1.75,82.26,51.49,81.78,46.32,79.93,71.8,83.1,4,B,Pass,1
STU0908,Aditya,Female,Government,Grade 2,Phys.Ed,High School,28.28,5.09,79.05,89.48,63.96,30.96,5.17,41.28,3,4,4.12,42.47,68.52,68.66,67.96,74.31,63.29,74.37,3,B,Pass,1
STU0909,Cal,Male,Government,Grade 1,Arts,Graduate,73.99,7.92,97.28,74.8,83.31,43.93,9.3,61.41,1,4,5.07,57.99,66.68,24.2,70.21,72.81,61.74,100.0,3,A,Pass,1
STU0910,Michal,Female,Private,Grade 3,Phys.Ed,Post Graduate,61.79,4.81,66.35,63.07,46.03,28.37,4.24,34.0,5,2,3.95,48.05,48.85,49.31,61.89,53.84,49.93,54.23,2,D,Pass,1
STU0911,Hudson,Male,Private,Grade 5,Phys.Ed,High School,33.71,4.43,47.77,57.89,73.54,71.16,0.97,28.76,4,2,2.29,57.19,57.9,28.83,77.46,45.32,58.66,66.58,3,C,Pass,1
STU0912,Liam,Male,Government,Grade 4,Arts,High School,28.64,6.38,58.88,83.62,57.2,25.5,2.22,17.83,5,1,2.89,66.77,45.87,51.42,65.09,54.49,56.25,78.6,3,B,Pass,1
STU0913,Diya,Male,Semi-Government,Grade 5,Phys.Ed,High School,61.05,5.95,74.83,94.53,91.78,47.28,5.08,67.22,4,1,3.68,60.38,56.93,30.21,63.39,58.54,62.88,90.91,3,A,Pass,0
STU0914,Lucas,Male,Private,Grade 2,English,Graduate,54.34,6.76,100.0,49.39,96.99,4.39,8.29,81.53,2,3,4.77,85.82,60.62,40.44,82.76,71.43,61.48,91.2,3,A,Pass,1
STU0915,Noah,Male,Government,Grade 1,Phys.Ed,Graduate,0.0,7.08,85.14,51.74,56.32,81.7,8.57,54.73,4,1,5.08,72.73,58.99,62.63,44.32,33.91,57.79,98.51,3,A,Pass,0
STU0916,Sophia,Female,Private,Grade 2,Math's,Graduate,29.86,7.19,99.46,6.54,54.38,30.59,6.29,58.19,6,4,5.62,52.86,67.62,54.05,68.96,78.52,51.69,76.39,2,B,Pass,1
STU0917,Mack,Female,Government,Grade 4,Phys.Ed,Graduate,45.91,7.3,78.05,74.03,38.26,34.97,6.96,47.51,3,2,4.33,78.17,63.72,33.07,45.88,48.28,52.05,71.6,2,B,Pass,1
STU0918,Isha,Female,Private,Grade 4,Phys.Ed,Graduate,10.94,4.72,84.72,54.78,67.96,52.8,3.53,68.82,4,2,3.31,93.3,55.0,65.9,45.4,39.81,59.37,71.2,3,B,Pass,0
STU0919,Sophia,Female,Government,Grade 5,Phys.Ed,High School,51.48,3.4,71.08,40.03,24.49,70.8,12.11,63.74,7,1,7.54,93.15,54.93,79.67,38.2,50.6,56.48,56.31,3,C,Pass,1
STU0920,Vivaan,Male,Private,Grade 4,Phys.Ed,Graduate,50.39,4.45,67.56,54.39,19.65,69.67,5.27,94.37,3,2,3.66,86.88,60.54,58.02,65.85,81.68,62.08,64.06,3,C,Pass,0
STU0921,Aditya,Male,Government,Grade 2,Arts,Post Graduate,50.81,5.67,81.71,22.15,54.14,39.93,1.6,23.26,8,1,3.69,56.73,71.17,39.59,77.59,63.66,53.12,68.55,2,C,Pass,1
STU0922,Michal,Female,Government,Grade 5,Science,Graduate,58.61,7.41,69.47,42.2,51.17,67.59,9.76,54.32,8,4,7.7,74.63,30.74,59.95,56.26,69.35,56.49,78.08,3,B,Pass,1
STU0923,Anaya,Male,Semi-Government,Grade 5,Arts,Post Graduate,47.62,7.45,73.39,75.52,83.48,21.81,3.4,90.1,4,2,3.26,58.68,68.53,41.21,59.71,53.43,57.8,78.93,3,B,Pass,1
STU0924,Meera,Male,Private,Grade 5,Science,Graduate,57.74,5.61,89.05,46.32,46.79,80.5,10.61,53.13,3,1,5.54,60.46,56.59,58.34,58.42,49.76,57.15,78.05,3,B,Pass,0
STU0925,Jack,Female,Private,Grade 1,Math's,High School,58.7,7.3,38.28,50.36,69.58,100.0,0.54,68.13,3,1,1.52,68.83,56.85,46.54,63.0,67.16,65.29,86.08,3,A,Pass,1
STU0926,Anaya,Female,Private,Grade 5,English,High School,0.0,5.1,83.6,74.64,71.2,52.78,4.55,64.46,3,1,3.12,50.33,77.9,80.54,77.32,39.9,65.58,80.95,3,B,Pass,0
STU0927,Jack,Male,Government,Grade 4,Science,High School,23.37,8.49,63.83,69.86,55.24,67.47,8.98,49.73,2,3,5.04,32.56,73.09,53.93,66.09,68.41,60.83,92.82,3,A,Fail,0
STU0928,Lucas,Female,Government,Grade 5,Phys.Ed,Graduate,76.57,7.34,36.39,60.13,56.63,84.88,8.91,26.95,5,1,5.56,47.86,85.28,51.16,47.05,70.12,62.89,82.58,3,B,Pass,1
STU0929,Shawn,Female,Government,Grade 1,Science,High School,13.89,6.88,61.6,93.5,84.6,81.83,9.18,78.47,3,3,5.47,60.66,58.19,64.54,56.01,58.58,69.74,98.56,3,A,Pass,0
STU0930,Emma,Male,Government,Grade 2,Arts,High School,70.91,7.0,98.35,38.95,100.0,79.92,10.71,97.44,3,5,6.58,73.12,62.46,59.91,61.36,54.65,66.3,86.98,3,A,Pass,1
STU0931,Lucas,Female,Private,Grade 5,Science,Graduate,22.31,8.17,66.49,38.65,71.68,81.49,3.44,78.69,3,1,2.68,77.44,75.7,67.54,55.65,63.22,66.42,82.88,3,B,Pass,1
STU0932,Riya,Female,Government,Grade 3,English,High School,46.69,3.98,41.54,89.25,68.93,48.07,5.89,63.5,4,2,4.26,85.43,53.71,41.48,55.81,91.55,66.78,67.54,3,C,Pass,1
STU0933,Aditya,Female,Private,Grade 1,Phys.Ed,High School,65.86,8.14,50.46,100.0,39.9,84.66,7.35,35.81,1,2,3.79,44.0,65.38,37.17,61.07,43.62,59.47,78.02,3,B,Fail,1
STU0934,Mack,Female,Private,Grade 2,English,High School,39.26,7.89,87.5,88.2,47.69,32.0,5.53,40.98,1,1,2.81,67.33,92.11,55.5,64.33,64.04,63.9,77.01,3,B,Pass,1
STU0935,Zen,Male,Private,Grade 1,Arts,Graduate,28.24,6.16,63.84,61.72,100.0,50.82,14.65,77.32,8,3,9.41,64.98,100.0,47.27,71.32,62.31,69.8,86.1,3,A,Pass,0
STU0936,Mack,Female,Government,Grade 2,Phys.Ed,High School,37.07,6.95,61.33,77.01,51.46,51.58,2.55,44.82,4,4,3.42,65.61,65.95,85.54,40.58,56.91,61.83,79.46,3,B,Pass,1
STU0937,Mason,Female,Semi-Government,Grade 5,Arts,High School,19.63,6.27,52.52,24.32,77.31,36.74,19.31,45.79,8,2,11.02,48.05,82.27,89.52,49.46,43.44,56.39,70.31,3,B,Not Attended,1
STU0938,Isha,Male,Private,Grade 5,Science,Graduate,14.94,6.13,83.54,54.16,66.37,69.99,7.91,100.0,5,1,5.16,55.65,47.17,51.89,64.27,60.85,58.79,95.26,3,A,Pass,0
STU0939,Sara,Male,Government,Grade 1,English,Post Graduate,55.78,6.98,79.75,90.12,40.54,65.43,3.41,76.32,5,4,4.11,45.44,57.96,82.06,61.3,46.09,61.12,82.54,3,B,Pass,0
STU0940,Riya,Female,Private,Grade 1,Math's,Graduate,67.18,6.53,86.29,69.05,68.31,88.41,10.52,42.96,7,4,7.66,52.39,71.88,65.83,74.66,70.17,70.09,100.0,4,A,Pass,0
STU0941,Tyler,Male,Private,Grade 5,English,High School,84.34,5.57,83.65,43.94,74.56,93.5,11.36,56.76,6,2,7.14,52.96,64.92,40.79,51.2,35.35,57.15,75.67,3,B,Pass,1
STU0942,Vivaan,Male,Private,Grade 5,Science,Graduate,92.8,5.38,58.14,99.18,55.13,74.56,7.51,83.25,3,0,4.05,61.44,33.13,68.32,62.4,81.5,66.96,72.29,3,B,Fail,1
STU0943,Vivaan,Female,Private,Grade 1,Science,Post Graduate,24.27,5.66,71.19,51.98,83.68,56.32,2.89,78.02,6,5,4.51,67.38,74.26,52.52,58.55,48.95,61.7,72.53,3,B,Pass,1
STU0944,Mack,Male,Government,Grade 2,Science,High School,0.0,6.88,62.0,70.32,82.29,21.19,3.5,28.91,5,1,3.4,45.78,68.47,55.82,50.25,69.68,57.98,74.12,3,B,Pass,1
STU0945,Sara,Female,Private,Grade 5,English,Graduate,35.73,6.2,70.26,49.55,60.18,39.22,12.1,46.81,4,2,6.74,51.2,71.62,96.99,50.5,69.3,61.07,71.86,3,B,Pass,1
STU0946,Kabir,Female,Government,Grade 5,Arts,High School,1.77,7.88,80.14,35.1,64.06,57.22,10.04,95.59,3,2,5.57,55.99,49.19,45.61,63.4,68.4,54.87,76.02,2,B,Pass,1
STU0947,Vivaan,Female,Semi-Government,Grade 5,Math's,Graduate,28.88,8.28,60.97,64.01,45.23,62.78,0.0,91.5,5,5,3.0,73.91,63.31,57.97,62.67,81.28,63.89,78.48,3,B,Pass,1
STU0948,Emma,Female,Semi-Government,Grade 1,English,Post Graduate,0.0,8.51,58.48,64.61,74.76,39.13,3.62,76.4,4,4,3.85,57.96,83.68,52.1,77.4,66.3,64.49,80.27,3,B,Fail,1
STU0949,Sara,Male,Government,Grade 5,Arts,Graduate,50.86,5.69,50.71,68.69,75.68,65.45,1.66,48.1,4,0,2.06,39.67,57.5,48.65,86.68,89.65,66.5,76.74,3,B,Not Attended,1
STU0950,Tyler,Male,Private,Grade 3,Arts,High School,26.94,8.21,64.84,34.7,81.6,56.12,8.41,100.0,5,1,5.36,63.18,69.91,44.87,60.15,30.11,55.08,87.04,3,A,Pass,1
STU0951,Tyler,Female,Government,Grade 4,Science,Graduate,36.52,8.18,48.66,0.0,73.99,58.06,7.12,68.2,3,0,3.9,55.36,58.73,48.71,72.86,80.41,56.02,65.83,3,C,Fail,1
STU0952,Aarav,Male,Private,Grade 4,Arts,High School,83.6,3.53,66.18,27.47,71.48,21.17,2.05,57.3,5,3,3.32,67.4,77.88,42.78,54.04,50.15,51.55,54.67,2,D,Pass,1
STU0953,Noah,Female,Private,Grade 1,Science,High School,0.0,8.32,82.58,31.67,64.25,27.41,2.8,88.1,5,3,3.62,51.43,73.35,39.98,55.09,29.32,46.56,65.82,2,C,Pass,1
STU0954,Shawn,Male,Semi-Government,Grade 5,Phys.Ed,Graduate,44.83,4.97,57.99,51.95,72.01,70.14,8.32,27.89,2,2,4.53,69.67,67.14,50.11,72.11,27.46,60.07,68.26,3,C,Fail,1
STU0955,Ethan,Female,Government,Grade 4,Phys.Ed,Graduate,32.24,4.46,98.41,56.56,54.55,70.47,11.35,38.49,11,1,8.64,76.17,72.0,69.03,48.88,54.19,62.73,82.68,3,B,Pass,0
STU0956,Meera,Female,Private,Grade 1,Phys.Ed,High School,44.1,9.03,49.77,100.0,77.69,63.35,0.0,26.61,2,2,1.2,100.0,34.22,66.76,62.01,63.33,70.92,89.67,4,A,Not Attended,1
STU0957,Kabir,Female,Private,Grade 1,English,Graduate,17.32,6.95,88.12,27.74,100.0,71.33,5.8,62.05,4,3,4.47,49.23,62.51,56.54,71.15,54.91,61.68,90.19,3,A,Pass,1
STU0958,Isha,Female,Private,Grade 3,Arts,High School,25.87,6.8,53.39,53.92,58.75,41.49,9.5,100.0,4,1,5.45,73.2,59.49,45.54,55.15,80.4,58.49,97.95,3,A,Fail,1
STU0959,Damon,Female,Government,Grade 1,Arts,High School,38.63,5.21,54.72,75.68,62.91,64.92,6.61,76.58,4,1,4.29,92.33,54.75,50.61,58.19,57.29,64.59,88.92,3,A,Fail,1
STU0960,Kabir,Male,Semi-Government,Grade 5,Math's,Graduate,55.8,4.98,48.11,92.38,4.19,71.74,1.7,46.74,5,2,2.93,31.51,72.62,62.57,72.36,75.48,60.36,70.25,3,B,Fail,1
STU0961,Meera,Female,Private,Grade 3,English,High School,58.86,5.13,83.13,53.19,89.16,36.84,3.16,54.05,13,0,5.81,51.93,56.01,85.66,83.37,48.14,63.04,65.78,3,C,Pass,1
STU0962,Jack,Female,Government,Grade 4,Science,High School,75.94,7.51,86.35,55.19,69.94,63.55,2.57,73.56,4,2,2.93,72.15,56.48,83.99,68.51,48.01,64.73,94.56,3,A,Pass,1
STU0963,Ethan,Male,Private,Grade 2,English,Graduate,41.01,7.4,69.03,88.11,66.49,69.84,6.36,53.02,4,3,4.69,47.43,67.38,79.4,71.81,48.99,67.43,100.0,3,A,Pass,0
STU0964,Noah,Male,Private,Grade 3,English,High School,20.72,5.95,97.0,90.37,68.56,84.9,2.87,16.39,3,2,2.7,58.67,59.13,85.57,79.16,56.37,72.84,69.76,4,C,Pass,1
STU0965,Jack,Male,Private,Grade 4,Science,High School,30.59,6.46,36.17,42.82,69.69,66.19,4.97,92.41,1,3,3.09,61.34,78.42,100.0,49.79,77.09,68.17,78.1,3,B,Fail,1
STU0966,Shawn,Male,Government,Grade 5,Phys.Ed,Graduate,56.01,6.4,82.89,60.35,67.87,95.96,5.9,53.22,2,2,3.56,69.89,64.92,61.49,55.91,76.59,69.12,89.83,3,A,Pass,0
STU0967,Hudson,Female,Government,Grade 5,Arts,Graduate,72.94,5.83,63.84,34.17,38.41,71.18,11.91,100.0,7,4,8.21,76.78,69.89,50.38,27.93,82.42,56.4,72.9,3,B,Fail,1
STU0968,Jack,Female,Semi-Government,Grade 5,Science,Graduate,63.87,4.68,69.6,62.98,32.69,89.13,2.53,67.63,8,1,4.06,74.01,75.11,90.63,74.05,57.59,69.52,68.15,3,C,Pass,1
STU0969,Riya,Female,Semi-Government,Grade 2,English,Graduate,34.14,5.28,68.59,20.36,80.72,67.2,0.77,40.56,4,2,2.21,43.6,64.01,56.1,60.49,67.23,57.46,69.43,3,C,Pass,1
STU0970,Ethan,Female,Government,Grade 5,Phys.Ed,High School,5.28,3.64,54.81,58.16,73.25,62.01,8.24,40.1,3,2,4.85,76.67,71.66,93.36,84.55,68.02,73.46,65.32,4,C,Pass,1
STU0971,Sara,Female,Government,Grade 5,English,Graduate,65.76,6.68,79.38,63.39,90.67,54.35,6.13,100.0,4,1,4.1,66.46,66.39,51.81,69.34,74.04,67.06,82.52,3,B,Fail,0
STU0972,Ethan,Female,Semi-Government,Grade 4,English,High School,22.84,7.67,54.4,49.63,59.3,99.96,0.99,66.95,3,1,1.7,71.18,68.7,71.44,48.92,92.89,70.25,82.91,4,B,Not Attended,1
STU0973,Mack,Male,Government,Grade 5,Math's,Graduate,27.98,9.76,40.35,68.72,50.47,50.3,8.42,79.32,1,2,4.22,62.13,84.77,63.36,56.96,56.37,61.63,99.1,3,A,Not Attended,1
STU0974,Zen,Male,Government,Grade 3,Phys.Ed,High School,60.48,4.83,79.01,79.2,58.4,38.28,6.12,18.63,3,3,4.25,43.1,55.91,42.94,70.99,53.65,55.31,72.4,3,B,Pass,1
STU0975,Shawn,Male,Government,Grade 1,Phys.Ed,Graduate,0.0,7.33,45.74,53.09,53.66,50.47,0.0,100.0,3,1,1.3,72.37,50.94,40.06,45.46,66.44,54.06,64.17,2,C,Pass,1
STU0976,Sara,Male,Private,Grade 2,Science,Graduate,37.98,7.1,68.06,59.17,92.55,59.13,8.05,50.11,8,3,6.77,56.38,81.75,75.26,63.11,63.56,68.86,86.01,3,A,Pass,0
STU0977,Michal,Female,Government,Grade 1,Phys.Ed,Post Graduate,33.27,8.36,79.96,41.6,74.23,78.94,0.0,40.01,3,2,1.55,61.64,83.73,100.0,65.79,62.02,70.99,63.57,4,C,Pass,1
STU0978,Jack,Male,Semi-Government,Grade 1,Science,High School,36.68,5.85,56.02,76.15,15.24,67.75,0.0,96.7,8,0,2.8,77.43,60.6,61.23,51.85,76.87,60.89,72.69,3,B,Fail,1
STU0979,Noah,Female,Semi-Government,Grade 5,Math's,High School,0.96,5.47,84.04,81.98,80.51,52.52,4.29,44.08,9,2,5.37,68.26,87.0,35.29,68.92,81.03,69.44,68.46,3,C,Pass,0
STU0980,Zen,Male,Government,Grade 1,Science,Post Graduate,10.23,9.16,76.04,53.19,52.19,70.18,0.0,93.83,2,0,0.7,88.18,62.24,41.09,73.81,55.95,62.1,72.18,3,B,Pass,1
STU0981,Kabir,Male,Government,Grade 5,Science,Post Graduate,32.92,6.57,60.33,33.26,68.14,68.21,5.37,47.42,5,5,5.15,56.15,81.49,29.12,76.62,45.03,57.25,70.99,3,B,Pass,1
STU0982,Olivia,Male,Government,Grade 5,Math's,Graduate,19.83,3.97,90.46,70.92,54.73,63.83,6.13,100.0,5,2,4.7,44.39,51.77,56.62,62.24,80.3,60.6,63.82,3,C,Pass,0
STU0983,Damon,Female,Government,Grade 3,English,Graduate,41.93,8.32,75.78,69.57,57.37,92.56,8.56,67.87,7,3,6.62,69.79,62.3,69.3,59.98,79.18,70.01,100.0,4,A,Pass,0
STU0984,Ava,Male,Government,Grade 5,Phys.Ed,High School,46.29,8.4,74.26,53.54,69.73,34.85,6.56,67.14,5,6,5.87,76.39,43.17,73.01,64.97,59.33,59.37,83.66,3,B,Fail,1
STU0985,Ethan,Female,Private,Grade 5,Math's,High School,80.3,7.65,86.57,68.28,40.56,56.7,4.89,53.11,5,6,5.21,67.37,78.08,61.78,68.16,55.27,62.02,84.16,3,B,Pass,0
STU0986,Aditya,Male,Private,Grade 2,Arts,Graduate,73.42,7.6,79.65,27.47,37.33,92.6,7.28,32.58,3,1,4.21,45.91,61.08,52.36,43.15,78.86,54.85,66.54,2,C,Pass,1
STU0987,Ava,Male,Private,Grade 1,Arts,High School,31.83,6.3,93.19,100.0,71.07,54.07,12.41,61.09,5,1,6.96,62.62,45.23,34.39,55.08,53.45,59.49,75.96,3,B,Pass,0
STU0988,Aarav,Female,Private,Grade 4,Math's,High School,35.17,8.32,60.05,72.01,40.51,80.68,9.5,77.24,6,0,5.9,38.7,50.25,82.56,66.85,43.26,59.35,74.5,3,B,Pass,0
STU0989,Cal,Female,Private,Grade 5,Phys.Ed,Graduate,71.25,6.92,61.75,43.83,70.25,40.83,8.59,56.47,3,4,5.49,78.64,62.92,59.81,55.22,75.3,60.85,60.82,3,C,Fail,1
STU0990,Jack,Male,Semi-Government,Grade 5,Phys.Ed,Graduate,41.19,8.04,80.74,41.6,74.39,74.28,8.6,60.25,5,1,5.44,84.37,47.19,83.41,61.29,41.79,63.54,93.39,3,A,Pass,1
STU0991,Aditya,Male,Private,Grade 1,Phys.Ed,High School,44.02,7.51,55.92,69.1,72.68,48.92,7.27,70.46,6,4,6.01,57.33,65.94,59.95,68.34,65.84,63.51,92.32,3,A,Pass,1
STU0992,Mason,Male,Semi-Government,Grade 5,Science,High School,20.53,7.8,37.5,53.03,79.39,16.94,14.12,89.24,3,0,6.7,44.3,78.15,51.13,34.56,78.57,54.51,73.15,2,B,Not Attended,1
STU0993,Lucas,Female,Private,Grade 5,Phys.Ed,Graduate,41.42,7.99,91.06,39.67,58.64,79.88,5.99,32.53,4,2,4.3,50.69,87.75,60.96,72.16,66.71,64.56,92.83,3,A,Fail,1
STU0994,Mia,Female,Semi-Government,Grade 4,Science,Graduate,14.76,7.61,56.41,44.23,70.45,44.14,11.48,65.84,3,6,7.14,83.06,57.21,62.94,62.32,57.42,60.22,97.2,3,A,Fail,1
STU0995,Liam,Male,Semi-Government,Grade 1,Phys.Ed,Post Graduate,19.99,7.88,40.92,12.84,78.99,48.72,14.81,63.77,4,4,8.32,55.15,52.06,35.01,63.19,64.03,51.25,73.91,2,B,Not Attended,1
STU0996,Liam,Female,Private,Grade 2,Math's,High School,5.79,6.42,53.54,76.64,63.34,100.0,8.26,88.84,1,0,3.65,61.6,70.29,62.03,63.57,46.61,68.01,85.15,3,A,Not Attended,1
STU0997,Noah,Female,Government,Grade 1,Math's,Graduate,66.41,7.4,72.13,71.93,62.6,97.12,0.0,81.01,4,6,2.9,67.05,44.33,41.67,74.02,58.55,64.66,82.99,3,B,Pass,1
STU0998,Isha,Female,Semi-Government,Grade 3,Math's,High School,9.47,8.75,54.04,30.49,58.13,57.35,4.09,60.52,7,1,4.34,68.53,55.41,62.68,59.67,44.83,54.64,68.42,2,C,Not Attended,1
STU0999,Riya,Female,Government,Grade 5,Science,High School,44.09,7.67,77.59,61.23,45.14,76.21,11.48,57.85,1,1,5.19,43.14,61.95,67.79,64.9,67.01,60.92,64.24,3,C,Fail,0
STU1000,Sophia,Female,Semi-Government,Grade 5,Science,High School,60.18,4.57,44.48,63.02,28.8,65.2,5.66,100.0,3,0,3.31,34.67,62.68,52.82,70.56,75.51,56.66,72.21,3,B,Fail,1
STU1001,Mack,Female,Private,Grade 4,Arts,Graduate,17.04,6.3,70.39,66.05,64.23,57.05,3.93,28.21,2,2,2.77,36.21,56.16,75.98,54.32,69.41,59.92,67.71,3,C,Pass,0
STU1002,Isha,Female,Private,Grade 5,Science,High School,20.64,7.09,80.24,39.0,92.11,57.1,2.03,66.01,5,3,3.31,61.5,64.83,72.73,49.7,83.26,65.03,58.71,3,C,Pass,1
STU1003,Ava,Male,Private,Grade 3,Arts,Graduate,17.38,6.83,78.19,66.88,44.59,76.63,8.73,76.38,3,1,4.79,87.76,63.63,76.51,45.72,65.81,65.94,72.76,3,B,Fail,0
STU1004,Mason,Male,Government,Grade 2,Phys.Ed,Post Graduate,70.63,3.73,76.68,51.43,56.28,37.05,5.67,65.17,5,3,4.77,55.89,69.63,69.48,54.47,70.31,58.07,49.33,3,D,Not Attended,1
STU1005,Meera,Male,Government,Grade 5,Arts,High School,81.4,5.5,87.61,58.56,63.25,59.96,5.87,63.65,2,1,3.3,100.0,76.96,51.45,58.33,61.18,66.21,72.6,3,B,Pass,0
STU1006,Damon,Female,Government,Grade 1,Arts,Post Graduate,31.02,7.55,59.23,75.44,61.15,37.38,6.25,19.49,4,4,4.9,55.93,69.76,60.46,55.35,67.71,60.4,81.06,3,B,Pass,1
STU1007,Cal,Male,Government,Grade 2,Math's,Graduate,40.38,7.44,70.55,62.1,76.61,37.62,7.48,72.42,5,3,5.49,55.96,64.83,36.58,58.39,58.03,56.27,72.6,3,B,Pass,1
STU1008,Ava,Male,Government,Grade 2,Arts,High School,49.68,9.06,89.07,50.77,73.07,0.0,10.9,54.09,8,1,7.41,48.25,58.49,83.24,67.63,86.16,58.45,80.88,3,B,Pass,1
STU1009,Jack,Female,Government,Grade 3,Math's,Graduate,49.21,5.65,42.14,82.65,63.65,41.95,7.14,69.67,9,0,6.01,92.57,75.07,58.27,46.61,66.3,65.88,65.85,3,C,Not Attended,1
STU1010,Liam,Male,Government,Grade 5,Science,Post Graduate,29.95,8.45,81.77,81.73,72.14,48.35,1.5,42.42,5,2,2.85,81.59,52.31,44.81,63.11,66.85,63.86,81.15,3,B,Pass,1
STU1011,Robert,Female,Private,Grade 5,Phys.Ed,High School,75.03,6.86,53.19,81.52,71.81,53.19,9.28,69.55,3,3,5.51,46.09,46.81,64.25,60.55,66.09,61.29,65.11,3,C,Fail,1
STU1012,Sophia,Male,Private,Grade 5,English,Graduate,88.16,6.2,86.24,70.27,68.75,58.89,10.95,46.2,3,0,5.43,77.63,69.55,96.3,55.19,84.39,72.62,79.14,4,B,Pass,0
STU1013,Olivia,Male,Private,Grade 2,Arts,High School,19.4,3.22,84.54,70.47,73.94,26.45,4.68,100.0,6,5,5.22,48.17,55.38,51.44,76.22,60.76,57.85,60.55,3,C,Pass,1
STU1014,Liam,Female,Private,Grade 5,Arts,High School,5.81,4.56,56.49,62.99,55.1,35.02,7.96,64.03,3,2,4.73,56.55,72.52,64.44,51.02,40.14,54.72,60.57,2,C,Fail,1
STU1015,Olivia,Male,Government,Grade 1,Arts,Graduate,59.6,8.43,55.27,47.9,79.3,73.19,8.07,50.69,7,3,6.43,71.38,66.48,29.75,60.99,51.06,60.01,96.34,3,A,Not Attended,1
STU1016,Mack,Male,Government,Grade 1,Math's,High School,12.11,6.97,96.07,25.75,81.17,66.27,2.92,53.52,4,3,3.32,47.54,76.89,33.57,43.31,80.51,56.88,77.91,3,B,Pass,1
STU1017,Emma,Female,Government,Grade 5,Math's,High School,61.6,6.62,73.44,18.94,67.54,50.99,2.86,36.36,2,3,2.59,35.04,44.84,57.02,70.14,37.36,47.73,61.09,2,C,Pass,1
STU1018,Meera,Female,Private,Grade 2,Science,Graduate,55.65,5.47,55.16,61.73,57.52,90.54,8.96,50.62,3,0,4.63,54.04,72.08,66.8,56.51,86.74,68.24,87.99,3,A,Fail,1
STU1019,Emma,Male,Private,Grade 2,Arts,Post Graduate,44.85,2.52,64.82,46.66,59.6,70.25,1.27,47.35,2,4,2.21,50.99,100.0,77.39,51.14,72.37,66.05,57.1,3,C,Pass,1
STU1020,Riya,Female,Private,Grade 4,Phys.Ed,Graduate,35.4,6.87,80.81,73.54,95.94,91.02,2.76,89.25,2,1,2.05,57.44,23.01,75.62,49.63,74.03,67.53,89.08,3,A,Pass,1
STU1021,Damon,Male,Private,Grade 1,Arts,Graduate,28.68,7.01,48.1,57.36,63.0,70.21,4.88,78.68,3,0,3.0,54.94,58.78,23.94,64.57,76.5,58.66,79.32,3,B,Pass,1
STU1022,Mia,Male,Private,Grade 5,Science,Post Graduate,4.71,5.94,55.77,43.74,62.4,39.37,2.93,65.09,6,2,3.77,87.15,100.0,73.25,48.9,93.38,68.52,62.71,3,C,Fail,1
STU1023,Olivia,Female,Government,Grade 1,Science,Post Graduate,72.92,6.99,74.14,67.07,58.87,71.35,13.81,77.11,6,0,7.62,51.21,81.94,81.73,47.73,68.83,66.09,84.71,3,B,Pass,0
STU1024,Cal,Male,Government,Grade 3,Phys.Ed,High School,89.76,7.62,68.37,66.45,54.88,42.04,7.59,81.91,3,2,4.59,60.43,68.65,80.5,46.09,66.29,60.67,71.59,3,B,Fail,1
STU1025,Olivia,Male,Government,Grade 5,Phys.Ed,High School,39.93,8.15,45.26,46.65,61.36,54.69,7.66,36.23,2,2,4.26,63.11,59.78,81.92,54.64,50.21,59.05,79.34,3,B,Fail,1
STU1026,Isha,Male,Private,Grade 3,Arts,Graduate,91.4,5.13,84.9,57.72,86.54,39.2,0.0,69.57,0,1,0.25,64.96,87.59,45.73,61.13,75.14,64.75,59.57,3,C,Fail,1
STU1027,Michal,Male,Government,Grade 5,English,High School,14.81,8.36,69.37,47.57,56.83,69.03,17.68,98.91,2,0,7.77,60.71,78.29,55.29,63.01,62.87,61.7,86.46,3,A,Pass,0
STU1028,Cal,Male,Government,Grade 2,Phys.Ed,High School,40.96,7.56,84.1,71.44,56.79,44.65,16.14,65.06,5,1,8.46,52.28,70.13,49.77,54.69,39.65,54.92,87.39,2,A,Pass,1
STU1029,Diya,Female,Government,Grade 2,Science,Graduate,58.85,7.65,75.74,14.87,51.0,35.48,10.65,37.12,1,2,5.11,41.94,79.7,60.61,47.03,100.0,53.83,45.61,2,D,Pass,1
STU1030,Liam,Male,Semi-Government,Grade 4,Arts,Graduate,58.38,7.22,35.4,38.2,62.91,56.2,0.61,65.52,6,1,2.59,49.65,71.42,100.0,81.83,53.27,64.18,75.09,3,B,Pass,1
STU1031,Mason,Male,Semi-Government,Grade 3,English,High School,0.0,5.64,85.65,50.36,53.93,100.0,1.06,84.76,1,3,1.52,60.56,79.19,64.48,85.31,45.29,67.39,88.78,3,A,Pass,1
STU1032,Isha,Male,Government,Grade 3,Math's,Graduate,26.72,5.92,73.3,33.8,58.3,63.2,3.69,40.06,6,0,3.58,95.4,83.8,50.94,45.17,58.3,61.11,69.71,3,C,Pass,1
STU1033,Emma,Female,Private,Grade 5,Phys.Ed,Graduate,77.84,8.16,100.0,72.18,70.2,32.62,6.79,25.55,4,1,4.37,75.01,86.05,10.75,60.05,53.33,57.52,78.19,3,B,Pass,1
STU1034,Anaya,Female,Private,Grade 4,Science,Post Graduate,40.95,7.53,69.22,52.86,54.18,68.53,0.0,47.7,4,0,1.4,47.65,93.16,90.62,42.18,60.37,63.69,74.4,3,B,Pass,1
STU1035,Ethan,Female,Private,Grade 5,Arts,Graduate,45.5,4.88,74.68,53.56,61.84,58.74,0.08,18.19,2,0,0.73,36.84,66.36,13.95,52.14,55.23,49.83,45.58,2,D,Pass,1
STU1036,Zen,Male,Private,Grade 5,Arts,High School,64.18,6.77,75.99,81.12,87.53,65.4,8.07,68.29,7,2,6.18,65.37,74.17,61.89,67.88,86.06,73.68,87.58,4,A,Pass,0
STU1037,Zen,Female,Private,Grade 3,English,High School,71.88,5.62,54.81,48.99,73.23,46.22,5.25,100.0,4,2,4.0,61.34,50.2,70.73,54.12,93.76,62.32,79.55,3,B,Fail,1
STU1038,Aditya,Female,Private,Grade 3,Science,Graduate,38.61,6.17,75.37,18.88,75.04,42.56,7.21,69.16,6,1,5.23,68.64,63.7,65.9,43.12,61.52,54.92,77.46,2,B,Pass,1
STU1039,Tyler,Female,Semi-Government,Grade 5,Arts,High School,61.6,9.23,78.92,70.61,44.62,49.53,3.07,40.43,5,1,3.23,63.73,68.86,58.69,47.68,81.13,60.61,67.31,3,C,Pass,0
STU1040,Robert,Male,Private,Grade 2,Math's,High School,80.31,6.66,100.0,52.99,97.08,56.41,5.65,44.73,4,1,3.91,60.2,68.07,69.34,61.93,48.9,64.37,97.19,3,A,Pass,0
STU1041,Ethan,Male,Private,Grade 4,English,Post Graduate,69.64,6.5,82.16,91.53,91.22,71.04,8.07,82.71,2,3,4.68,71.28,76.44,56.78,61.53,77.59,74.68,97.49,4,A,Pass,0
STU1042,Kabir,Male,Private,Grade 5,Arts,Post Graduate,73.72,8.97,77.17,78.71,74.52,35.32,3.25,53.4,2,4,3.0,73.2,60.1,36.19,56.95,50.34,58.17,93.13,3,A,Pass,1
STU1043,Mia,Male,Private,Grade 2,Science,High School,52.2,6.61,88.02,58.48,59.22,73.19,0.8,13.12,6,2,2.92,75.98,62.94,82.42,66.43,59.53,67.27,75.51,3,B,Pass,1
STU1044,Noah,Female,Private,Grade 4,Phys.Ed,Graduate,27.87,7.64,51.65,55.44,92.39,72.31,4.95,75.97,6,0,4.08,77.94,78.91,63.33,75.29,47.9,70.44,95.3,4,A,Not Attended,1
STU1045,Liam,Male,Semi-Government,Grade 2,Science,High School,77.54,7.6,84.95,50.87,57.32,54.49,0.0,9.25,6,2,2.6,26.4,59.34,56.37,45.47,46.35,49.58,68.76,2,C,Pass,1
STU1046,Vivaan,Female,Private,Grade 1,Phys.Ed,Post Graduate,19.12,6.17,100.0,76.24,83.44,53.15,7.54,64.05,2,2,4.22,60.89,79.87,58.01,61.84,64.9,67.29,88.76,3,A,Fail,0
STU1047,Ethan,Female,Private,Grade 2,Phys.Ed,High School,49.74,6.63,86.36,56.35,41.46,45.29,4.6,46.78,5,5,4.84,40.89,58.18,57.46,68.83,83.39,56.48,77.35,3,B,Pass,0
STU1048,Olivia,Female,Private,Grade 3,Phys.Ed,Graduate,47.61,6.23,77.94,33.73,59.32,50.47,4.3,85.55,5,3,4.22,54.67,61.25,69.55,91.51,73.18,61.71,63.86,3,C,Pass,1
STU1049,Vivaan,Female,Government,Grade 2,Math's,High School,63.95,4.9,74.17,26.26,43.65,73.53,11.13,87.87,5,2,6.7,70.06,65.34,71.02,46.9,62.52,57.41,69.78,3,C,Fail,1
STU1050,Anaya,Male,Government,Grade 2,Science,High School,46.59,5.88,70.01,88.28,43.6,71.29,3.77,100.0,4,3,3.66,42.49,47.72,64.64,48.83,84.26,61.39,82.41,3,B,Pass,0
STU1051,Emma,Female,Government,Grade 3,Science,High School,81.48,5.03,66.52,50.1,52.72,20.96,1.98,69.07,4,1,2.44,57.92,81.87,69.42,63.19,49.85,55.75,62.67,3,C,Pass,1
STU1052,Mia,Female,Government,Grade 2,Science,Graduate,50.92,6.5,49.64,67.79,77.18,65.68,5.19,80.17,4,2,3.98,63.3,79.86,71.99,63.51,82.97,71.53,79.81,4,B,Pass,1
STU1053,Olivia,Female,Government,Grade 5,Science,Graduate,0.0,5.58,67.22,62.82,47.08,22.07,9.57,72.93,4,2,5.73,47.83,50.57,39.85,66.2,48.49,48.11,75.92,2,B,Pass,1
STU1054,Emma,Female,Private,Grade 2,Math's,Graduate,28.95,7.21,51.56,49.81,67.71,63.62,6.92,69.64,1,4,4.12,68.33,90.04,65.25,49.55,72.53,65.86,83.74,3,B,Pass,1
STU1055,Lucas,Male,Semi-Government,Grade 2,Math's,Post Graduate,29.78,8.97,56.05,52.07,84.56,39.15,0.0,30.2,4,2,1.9,54.55,56.25,64.14,62.38,79.25,61.54,93.24,3,A,Fail,1
STU1056,Noah,Female,Semi-Government,Grade 2,Phys.Ed,Graduate,0.0,7.01,84.99,54.13,51.97,63.12,6.01,90.08,4,4,4.8,63.18,73.53,74.88,66.03,50.98,62.23,96.79,3,A,Pass,0
STU1057,Damon,Female,Government,Grade 4,English,Graduate,16.18,8.82,88.4,48.27,62.57,42.42,6.92,66.97,3,2,4.32,52.5,96.92,77.65,69.35,96.83,68.31,97.52,3,A,Pass,1
STU1058,Liam,Female,Government,Grade 1,English,Graduate,0.0,5.71,54.22,75.08,60.55,51.01,6.44,61.91,4,1,4.23,51.67,60.48,73.73,60.8,60.83,61.77,66.0,3,C,Pass,1
STU1059,Sara,Female,Private,Grade 3,Math's,Graduate,60.39,6.63,58.46,77.99,81.73,43.02,18.77,43.32,9,1,10.91,36.74,67.9,67.21,52.5,97.93,65.63,87.6,3,A,Pass,1
STU1060,Shawn,Male,Government,Grade 5,Science,High School,48.88,7.13,35.79,100.0,86.49,22.94,7.22,60.2,4,3,5.04,74.81,69.91,76.89,84.58,60.7,72.04,100.0,4,A,Not Attended,1
STU1061,Cal,Male,Semi-Government,Grade 5,Science,Graduate,51.14,6.04,78.23,33.95,44.71,38.74,2.73,76.26,5,0,2.84,55.11,67.45,55.78,47.42,58.21,50.17,66.18,2,C,Pass,1
STU1062,Cal,Female,Private,Grade 5,Math's,High School,38.72,8.05,77.66,57.61,35.72,41.61,14.07,29.8,5,1,7.63,74.52,62.7,68.53,67.08,83.32,61.39,67.62,3,C,Pass,1
STU1063,Zen,Female,Government,Grade 2,Phys.Ed,Graduate,77.09,6.85,65.61,79.65,84.15,69.93,0.0,82.2,4,1,1.65,97.96,91.2,24.0,61.01,86.82,74.34,79.27,4,B,Pass,1
STU1064,Michal,Female,Private,Grade 3,English,Post Graduate,4.4,9.12,66.99,77.6,26.63,57.16,4.12,68.48,9,2,5.3,69.84,85.37,78.81,44.09,33.39,59.11,84.0,3,B,Fail,0
STU1065,Diya,Female,Private,Grade 5,Phys.Ed,Graduate,86.26,7.73,73.09,72.43,76.78,57.23,11.92,37.24,6,0,6.87,80.69,67.97,35.43,85.66,47.66,65.48,75.84,3,B,Pass,0
STU1066,Olivia,Female,Private,Grade 5,Phys.Ed,Graduate,48.95,9.43,65.22,58.01,69.5,47.96,0.0,98.45,2,1,0.95,55.83,54.89,44.2,61.35,84.6,59.54,74.41,3,B,Fail,1
STU1067,Ava,Male,Private,Grade 1,Arts,Graduate,71.45,4.55,87.29,62.02,100.0,42.4,2.56,100.0,3,2,2.57,46.84,61.17,45.86,60.85,56.73,59.49,73.32,3,B,Pass,1
STU1068,Isha,Male,Private,Grade 3,Science,High School,51.48,6.49,66.99,22.42,64.72,100.0,7.17,51.16,5,1,4.87,60.72,76.08,57.11,48.38,65.47,61.86,85.8,3,A,Pass,1
STU1069,Tyler,Male,Government,Grade 4,Math's,Graduate,78.89,6.36,51.43,91.83,57.94,92.83,1.63,89.08,6,1,3.0,74.23,89.09,49.11,91.34,59.44,75.73,83.44,4,B,Pass,1
STU1070,Olivia,Male,Government,Grade 2,English,High School,56.72,7.71,42.48,79.71,51.47,65.92,0.0,37.23,3,3,1.8,88.45,44.14,54.52,61.66,93.78,67.46,81.53,3,B,Pass,1
STU1071,Mia,Female,Semi-Government,Grade 4,Arts,High School,58.51,4.67,84.33,45.73,89.67,62.65,5.65,29.79,6,2,4.86,77.8,87.98,56.69,65.11,87.83,71.68,87.49,4,A,Pass,0
STU1072,Michal,Male,Government,Grade 5,Math's,Graduate,51.39,6.54,82.8,78.31,80.76,17.26,8.73,50.84,4,2,5.39,59.48,62.51,54.02,68.05,49.33,58.71,88.76,3,A,Pass,1
STU1073,Aditya,Female,Semi-Government,Grade 1,Science,Graduate,73.75,5.96,54.0,42.3,76.79,48.14,1.39,76.71,3,2,2.11,48.75,51.0,60.73,33.72,63.77,53.15,82.07,2,B,Not Attended,1
STU1074,Cal,Male,Private,Grade 3,Phys.Ed,High School,39.69,4.77,70.68,79.74,42.26,51.95,4.41,71.04,1,0,2.11,47.2,69.33,62.86,44.99,78.13,59.56,75.85,3,B,Pass,0
STU1075,Anaya,Female,Government,Grade 5,Math's,High School,55.47,7.36,40.46,30.37,49.09,47.77,7.72,53.06,4,2,4.99,73.38,74.77,41.11,56.4,56.91,53.73,79.95,2,B,Pass,1
STU1076,Sophia,Male,Private,Grade 1,Math's,Post Graduate,81.69,6.32,77.18,67.52,56.01,43.78,8.56,76.91,5,3,5.92,72.0,69.29,53.55,46.57,62.81,58.94,65.42,3,C,Pass,1
STU1077,Riya,Female,Private,Grade 5,English,Graduate,52.04,6.77,75.88,64.42,55.57,37.11,6.37,34.0,3,1,3.85,63.12,83.07,64.6,51.24,48.73,58.48,81.54,3,B,Pass,1
STU1078,Diya,Male,Government,Grade 4,Science,High School,23.88,5.92,100.0,57.68,68.59,61.86,5.48,76.77,5,2,4.44,49.26,63.26,57.97,68.22,52.23,59.88,64.68,3,C,Pass,0
STU1079,Anaya,Female,Government,Grade 2,English,High School,0.0,8.46,64.11,99.56,81.09,60.86,3.35,64.45,3,2,2.89,61.07,66.45,85.3,66.66,52.06,71.63,88.54,4,A,Pass,0
STU1080,Diya,Male,Government,Grade 1,English,Graduate,34.56,5.53,75.03,72.1,51.13,82.69,1.26,84.79,4,5,3.15,65.47,63.41,56.11,52.63,66.59,63.77,77.16,3,B,Pass,1
STU1081,Sophia,Male,Private,Grade 5,Phys.Ed,High School,62.73,7.57,61.96,50.86,47.73,82.95,0.0,50.2,2,1,0.95,82.33,67.48,73.36,57.5,55.66,64.73,73.62,3,B,Pass,1
STU1082,Meera,Female,Semi-Government,Grade 1,Phys.Ed,Post Graduate,8.29,5.56,50.45,43.58,36.5,29.29,6.01,28.1,3,2,3.95,79.95,60.9,49.27,56.03,45.27,50.1,44.78,2,D,Fail,1
STU1083,Noah,Male,Private,Grade 2,Arts,Graduate,35.68,2.09,62.61,28.19,65.07,56.94,6.22,65.02,3,1,3.79,77.28,91.39,55.72,59.44,71.01,63.13,64.07,3,C,Pass,1
STU1084,Cal,Male,Private,Grade 2,Science,High School,80.09,5.08,94.68,87.98,40.05,44.68,9.34,88.29,2,0,4.44,81.15,100.0,59.74,51.59,67.08,66.53,85.39,3,A,Pass,1
STU1085,Mack,Male,Government,Grade 1,English,Graduate,88.86,4.53,71.17,53.94,52.36,100.0,3.89,55.02,6,2,4.16,45.43,71.87,62.76,74.03,43.75,63.02,85.21,3,A,Pass,0
STU1086,Liam,Male,Private,Grade 1,Arts,Graduate,69.15,6.36,46.69,97.91,56.79,89.98,8.5,62.44,2,0,4.1,70.22,73.56,32.0,54.57,57.19,66.53,88.16,3,A,Fail,1
STU1087,Jack,Male,Government,Grade 4,English,High School,24.74,8.17,52.37,64.83,60.66,36.5,1.1,49.02,3,1,1.74,39.06,62.49,42.9,47.98,37.9,49.04,59.55,2,C,Not Attended,1
STU1088,Noah,Male,Government,Grade 4,Math's,Graduate,79.15,6.87,74.53,22.84,88.81,91.64,5.57,79.37,4,2,4.13,67.05,61.88,60.59,60.63,73.52,65.87,70.97,3,B,Pass,1
STU1089,Mack,Male,Government,Grade 3,Phys.Ed,Graduate,45.64,7.02,56.62,40.22,66.68,77.96,12.56,23.35,7,1,7.72,46.29,75.68,53.72,62.42,80.05,62.88,69.7,3,C,Pass,1
STU1090,Ethan,Female,Semi-Government,Grade 3,English,Graduate,36.1,7.8,42.32,58.71,42.12,43.89,0.0,99.43,3,7,2.8,67.34,46.21,43.29,79.61,40.17,52.67,90.26,2,A,Not Attended,1
STU1091,Vivaan,Female,Government,Grade 5,Science,Graduate,12.49,6.04,84.8,87.9,89.02,45.14,2.57,64.05,2,3,2.48,64.42,65.48,62.26,52.61,43.1,63.74,73.43,3,B,Pass,1
STU1092,Robert,Male,Government,Grade 5,Arts,Graduate,18.23,5.59,58.5,83.89,53.16,30.07,2.34,55.65,3,3,2.74,46.65,60.83,89.09,81.45,65.85,63.87,75.73,3,B,Fail,1
STU1093,Aarav,Male,Government,Grade 2,English,High School,26.59,7.91,67.58,45.51,85.42,64.99,3.26,55.97,7,3,4.5,57.6,37.57,70.82,64.76,47.15,59.23,83.95,3,B,Pass,0
STU1094,Olivia,Male,Private,Grade 1,Math's,High School,99.93,4.5,60.94,74.27,48.48,12.9,6.91,89.91,3,1,4.06,53.99,74.28,69.21,54.83,63.24,56.4,46.74,3,D,Pass,1
STU1095,Meera,Female,Semi-Government,Grade 5,Arts,Post Graduate,43.94,6.58,60.76,0.0,94.67,28.55,0.11,58.86,2,2,1.24,51.85,48.44,38.6,47.74,70.3,47.52,63.03,2,C,Pass,1
STU1096,Vivaan,Female,Private,Grade 5,Phys.Ed,Graduate,14.94,6.53,87.32,100.0,52.88,0.0,9.85,56.73,4,0,5.34,64.93,89.41,40.91,59.01,82.97,61.26,71.36,3,B,Pass,1
STU1097,Isha,Male,Government,Grade 4,Phys.Ed,Post Graduate,45.12,6.46,55.95,49.62,68.58,43.97,8.68,83.07,2,0,4.17,58.81,100.0,71.75,58.48,70.17,65.17,56.14,3,C,Fail,1
STU1098,Emma,Female,Private,Grade 5,Science,High School,10.15,3.67,84.85,22.23,59.18,77.37,2.53,54.93,3,3,2.81,52.47,89.46,62.22,58.52,50.33,58.97,69.03,3,C,Fail,1
STU1099,Isha,Female,Government,Grade 3,Science,High School,25.55,5.78,50.49,58.55,57.73,42.03,2.57,69.98,4,2,2.93,59.57,52.66,67.67,60.25,94.66,61.64,62.64,3,C,Fail,1
STU1100,Hudson,Male,Government,Grade 2,Math's,Post Graduate,60.15,3.27,58.57,46.04,90.38,57.11,11.17,56.89,3,2,6.02,74.31,69.96,63.37,66.56,79.55,68.41,65.77,3,C,Fail,1
STU1101,Olivia,Male,Government,Grade 5,Science,High School,62.86,8.21,68.0,52.36,71.39,62.29,5.17,100.0,4,0,3.47,47.88,49.96,74.43,50.69,63.66,59.08,76.36,3,B,Not Attended,0
STU1102,Noah,Male,Government,Grade 5,Arts,High School,26.99,7.43,52.17,37.34,56.83,51.3,10.04,44.38,9,3,7.92,19.76,65.34,44.59,79.02,72.83,53.38,77.12,2,B,Not Attended,1
STU1103,Liam,Male,Semi-Government,Grade 3,Math's,High School,80.4,5.2,41.47,29.95,27.31,51.4,7.86,67.58,3,2,4.69,57.95,61.77,66.15,72.15,65.92,54.07,68.76,2,C,Fail,1
STU1104,Cal,Male,Semi-Government,Grade 2,English,High School,80.86,7.12,84.59,36.82,75.82,26.77,0.0,83.44,2,3,1.45,46.74,53.98,49.17,67.34,95.18,56.48,64.97,3,C,Not Attended,1
STU1105,Ethan,Male,Semi-Government,Grade 5,Arts,Graduate,27.95,3.31,49.84,100.0,54.89,67.97,7.35,14.93,4,1,4.59,66.35,49.14,48.11,34.46,72.69,61.7,60.03,3,C,Pass,1
STU1106,Kabir,Female,Semi-Government,Grade 5,Arts,Graduate,0.0,5.82,73.71,44.49,67.82,40.41,12.12,39.15,4,2,6.75,90.27,75.67,94.05,71.09,61.98,68.22,63.75,3,C,Pass,1
STU1107,Olivia,Female,Government,Grade 5,Math's,High School,67.04,3.42,92.17,58.99,38.54,68.6,2.58,79.49,3,1,2.33,58.86,54.45,39.41,59.69,56.05,54.32,52.64,2,D,Pass,1
STU1108,Diya,Male,Private,Grade 2,Phys.Ed,Graduate,77.63,7.09,62.86,53.17,74.72,50.19,3.62,34.1,3,1,2.75,48.72,68.04,51.95,62.01,49.55,57.29,67.35,3,C,Not Attended,0
STU1109,Emma,Male,Government,Grade 4,Arts,High School,34.26,8.71,99.43,95.85,60.83,60.33,11.51,50.36,2,1,5.55,60.98,81.6,49.37,56.2,91.5,69.58,93.76,3,A,Pass,0
STU1110,Mia,Male,Private,Grade 3,Phys.Ed,High School,37.34,5.06,56.18,63.01,82.94,22.71,11.23,36.2,3,2,6.04,72.17,61.1,80.47,67.88,64.88,64.39,73.54,3,B,Fail,1
STU1111,Riya,Male,Government,Grade 5,English,Graduate,56.58,7.83,93.89,70.76,56.53,60.53,12.64,100.0,7,2,8.01,51.92,55.82,38.45,49.59,78.05,57.71,94.81,3,A,Pass,0
STU1112,Ava,Female,Semi-Government,Grade 2,Science,Graduate,32.53,6.69,85.53,82.7,38.81,41.24,0.0,22.33,1,2,0.85,64.55,85.35,53.47,64.44,41.73,59.04,60.15,3,C,Pass,1
STU1113,Robert,Male,Government,Grade 3,Arts,Post Graduate,10.36,6.58,29.15,72.81,86.79,56.92,10.93,25.97,6,1,6.72,85.33,60.67,66.92,74.21,70.48,71.77,75.31,4,B,Fail,1
STU1114,Sara,Male,Government,Grade 5,Phys.Ed,High School,87.42,8.0,74.37,84.26,89.79,47.51,4.43,83.98,2,5,3.72,66.09,44.89,74.45,62.4,66.11,66.94,80.85,3,B,Pass,0
STU1115,Tyler,Female,Semi-Government,Grade 2,Math's,Graduate,14.54,6.69,63.78,51.28,67.97,59.07,9.62,54.47,4,3,6.0,43.51,70.77,59.18,59.45,76.55,60.97,73.06,3,B,Pass,0
STU1116,Aditya,Female,Government,Grade 1,English,High School,56.19,8.55,46.46,66.12,74.99,50.09,7.11,57.27,5,1,4.84,59.96,61.12,50.58,69.57,57.03,61.18,82.51,3,B,Pass,1
STU1117,Robert,Female,Government,Grade 5,Math's,Graduate,56.94,5.3,64.37,11.6,88.66,64.97,8.29,84.95,5,1,5.32,99.51,80.63,23.79,88.97,84.87,67.88,76.06,3,B,Pass,1
STU1118,Riya,Male,Government,Grade 2,Science,High School,31.37,6.5,69.87,86.18,74.18,36.91,8.96,78.58,2,1,4.53,60.62,47.62,54.1,31.31,65.8,57.09,84.45,3,B,Pass,1
STU1119,Ava,Female,Private,Grade 4,Arts,Graduate,40.69,5.28,38.95,65.46,71.19,92.68,13.62,28.58,5,4,8.2,67.97,51.92,82.74,58.64,82.02,71.58,73.97,4,B,Pass,1
STU1120,Riya,Male,Private,Grade 5,Science,High School,89.9,7.51,57.64,95.38,88.78,39.44,4.1,96.11,3,5,3.94,53.27,88.96,49.74,79.23,53.44,68.53,91.57,3,A,Pass,1
STU1121,Tyler,Female,Private,Grade 1,Phys.Ed,High School,41.68,6.79,52.43,80.11,73.6,74.25,5.72,26.02,5,3,4.79,59.12,58.19,28.77,65.01,77.99,64.63,71.86,3,B,Fail,1
STU1122,Ethan,Male,Government,Grade 2,Arts,Graduate,36.03,4.4,40.02,93.37,72.61,69.97,11.96,26.36,3,1,6.08,43.84,82.09,46.63,54.38,73.15,67.01,68.37,3,C,Fail,1
STU1123,Sophia,Male,Semi-Government,Grade 5,English,High School,26.15,3.59,90.7,41.58,74.2,59.48,6.8,67.25,2,2,3.92,51.83,88.34,57.2,56.81,72.89,62.79,64.36,3,C,Not Attended,1
STU1124,Sophia,Male,Private,Grade 3,Math's,Post Graduate,25.29,7.4,71.17,57.97,30.11,91.75,0.53,51.16,7,1,2.91,38.73,54.3,29.63,75.5,64.78,55.35,93.01,3,A,Fail,1
STU1125,Isha,Male,Private,Grade 5,Science,Graduate,34.91,3.69,58.7,86.27,56.36,54.42,0.0,66.15,2,0,0.7,61.53,34.36,29.74,54.67,77.76,56.89,50.3,3,D,Not Attended,1
STU1126,Meera,Female,Semi-Government,Grade 1,Arts,Post Graduate,29.73,7.28,79.09,28.56,61.63,24.87,8.54,84.42,1,2,4.27,71.89,81.87,86.76,74.62,51.05,60.16,59.0,3,C,Pass,1
STU1127,Damon,Male,Government,Grade 4,English,High School,37.07,5.25,85.05,72.58,77.16,67.36,4.06,35.64,7,4,5.07,64.24,62.0,31.62,65.78,48.79,61.19,80.95,3,B,Pass,0
STU1128,Cal,Female,Private,Grade 1,Math's,High School,41.9,5.15,40.85,97.54,44.25,17.92,12.78,66.75,5,1,7.11,38.24,55.79,50.82,56.68,66.66,53.49,64.59,2,C,Not Attended,1
STU1129,Ava,Male,Government,Grade 2,Science,Graduate,57.99,4.45,74.88,51.59,79.05,36.33,1.18,50.8,1,2,1.32,87.33,75.21,50.52,73.99,60.56,64.32,70.55,3,B,Pass,1
STU1130,Vivaan,Male,Private,Grade 4,Math's,Post Graduate,18.07,5.91,82.86,30.96,64.16,80.97,1.46,100.0,7,2,3.53,51.26,79.85,54.51,58.84,59.77,60.04,80.28,3,B,Pass,1
STU1131,Aditya,Female,Private,Grade 5,Phys.Ed,High School,77.22,6.25,69.66,76.73,64.03,55.6,15.91,47.34,2,1,7.31,55.7,98.18,58.07,67.11,80.41,69.48,90.76,3,A,Pass,0
STU1132,Riya,Male,Government,Grade 5,Arts,High School,36.1,8.17,74.24,79.1,73.98,70.06,4.67,90.5,4,2,3.77,73.8,89.42,56.23,67.38,71.09,72.63,100.0,4,A,Pass,0
STU1133,Vivaan,Female,Private,Grade 4,English,High School,41.32,6.04,69.5,39.27,45.28,29.23,0.32,45.45,0,3,0.88,41.86,73.05,100.0,68.08,59.93,57.09,54.5,3,D,Not Attended,1
STU1134,Ethan,Female,Private,Grade 1,English,Post Graduate,0.0,5.08,43.38,100.0,53.94,55.22,6.88,68.68,6,3,5.6,48.0,66.39,65.98,48.32,75.15,64.13,69.12,3,C,Fail,1
STU1135,Aarav,Female,Private,Grade 5,Phys.Ed,High School,51.59,8.09,76.18,20.82,80.18,80.43,0.0,58.51,3,2,1.55,74.31,61.16,49.98,45.76,77.3,61.24,74.83,3,B,Pass,1
STU1136,Damon,Male,Government,Grade 4,Math's,Graduate,33.01,8.02,55.61,43.56,64.84,53.55,3.34,45.67,4,4,3.74,80.53,85.48,59.51,45.06,60.52,61.63,79.67,3,B,Pass,1
STU1137,Zen,Male,Private,Grade 2,Arts,Graduate,47.49,9.61,100.0,44.39,86.07,55.98,12.42,74.07,7,0,7.42,48.35,76.84,73.54,63.31,77.47,65.74,94.17,3,A,Pass,1
STU1138,Michal,Female,Semi-Government,Grade 3,English,High School,34.03,4.63,94.96,65.0,67.06,78.04,7.18,59.4,2,4,4.57,64.78,66.24,62.83,84.59,43.93,66.56,70.01,3,B,Fail,0
STU1139,Ethan,Male,Private,Grade 1,English,High School,47.85,5.55,68.81,59.02,79.01,56.2,0.0,94.79,4,3,2.15,81.78,46.01,53.67,64.73,47.78,61.03,68.29,3,C,Pass,1
STU1140,Diya,Male,Government,Grade 3,Arts,High School,68.11,4.43,61.81,59.59,26.52,75.28,3.2,41.52,1,1,1.88,62.35,66.8,58.98,62.54,26.57,54.83,51.06,2,D,Pass,1
STU1141,Sara,Female,Private,Grade 3,Science,Post Graduate,49.15,7.97,83.44,47.2,58.35,41.6,0.0,75.21,4,3,2.15,47.9,57.57,62.42,58.3,71.14,55.56,72.61,3,B,Pass,1
STU1142,Michal,Male,Government,Grade 2,Science,Graduate,28.78,10.0,78.06,58.36,56.0,53.37,10.99,85.89,4,1,6.05,40.03,64.71,66.05,69.43,66.8,59.34,84.21,3,B,Pass,0
STU1143,Damon,Male,Private,Grade 2,English,High School,46.91,6.13,56.63,56.82,56.45,34.98,7.8,72.56,8,4,6.92,47.38,75.02,31.69,50.78,37.94,48.88,63.33,2,C,Pass,1
STU1144,Zen,Female,Government,Grade 4,English,Graduate,9.88,6.23,61.36,39.73,56.25,51.0,10.03,66.57,4,5,6.66,85.98,69.4,42.25,57.17,29.17,53.87,73.95,2,B,Pass,1
STU1145,Liam,Female,Semi-Government,Grade 5,English,Graduate,67.29,7.43,83.49,46.79,55.76,71.04,6.28,28.96,5,3,5.01,64.15,70.66,79.33,54.67,74.25,64.58,84.85,3,B,Pass,0
STU1146,Michal,Female,Semi-Government,Grade 4,Phys.Ed,High School,25.06,6.17,71.4,62.87,57.13,92.09,13.37,58.73,3,1,6.65,59.66,71.7,77.72,82.08,55.83,69.89,80.3,3,B,Fail,0
STU1147,Aditya,Male,Private,Grade 1,Science,Post Graduate,12.38,5.45,60.89,66.54,49.01,76.14,10.6,38.98,2,2,5.44,68.3,71.85,44.15,57.99,62.8,62.1,77.38,3,B,Pass,0
STU1148,Anaya,Female,Semi-Government,Grade 1,Science,High School,70.17,6.59,53.44,68.16,92.4,49.67,9.07,100.0,3,1,4.93,30.95,66.39,45.12,59.57,58.01,58.79,80.48,3,B,Pass,1
STU1149,Ava,Female,Private,Grade 2,Phys.Ed,High School,53.84,7.54,67.12,96.2,35.94,56.25,4.04,89.05,4,2,3.52,56.98,59.69,30.97,65.05,32.21,54.16,81.77,2,B,Pass,0
STU1150,Sara,Male,Semi-Government,Grade 5,Science,Graduate,61.56,9.09,71.24,63.41,61.92,62.79,1.05,49.51,1,2,1.27,65.87,83.19,58.68,53.05,44.96,61.73,80.23,3,B,Pass,1
STU1151,Damon,Male,Private,Grade 1,Phys.Ed,High School,62.13,7.24,63.28,52.2,72.54,75.75,11.99,85.32,8,0,7.6,78.26,42.1,63.42,70.08,69.95,65.54,100.0,3,A,Pass,0
STU1152,Meera,Female,Semi-Government,Grade 5,Math's,Graduate,28.13,2.0,78.15,40.28,62.21,40.2,2.48,47.63,6,4,4.09,58.96,72.82,22.58,86.11,84.23,58.42,55.79,3,C,Pass,1
STU1153,Liam,Female,Government,Grade 5,English,Graduate,48.14,4.26,77.32,24.9,47.01,46.9,8.05,49.18,2,3,4.67,40.62,50.07,70.75,59.17,42.64,47.76,52.69,2,D,Pass,1
STU1154,Diya,Male,Government,Grade 2,Phys.Ed,Graduate,42.17,6.66,97.05,65.13,68.22,73.73,6.29,81.88,5,4,5.27,68.28,65.77,22.94,65.88,74.81,63.1,74.73,3,B,Pass,0
STU1155,Michal,Female,Government,Grade 4,Math's,Post Graduate,22.95,6.54,73.68,79.7,91.5,36.62,3.61,100.0,2,2,2.64,73.02,82.25,71.83,51.02,6.31,61.53,76.66,3,B,Pass,1
STU1156,Cal,Female,Semi-Government,Grade 5,Arts,Post Graduate,36.68,8.06,50.93,64.41,59.56,66.55,6.14,34.25,4,2,4.36,66.09,58.86,79.88,45.55,67.93,63.6,80.12,3,B,Not Attended,1
STU1157,Michal,Female,Government,Grade 5,Math's,High School,26.25,5.09,70.11,41.02,55.57,73.48,9.96,71.31,10,0,7.48,54.77,66.02,76.99,60.22,65.79,61.73,62.23,3,C,Pass,1
STU1158,Aditya,Female,Private,Grade 2,Phys.Ed,High School,90.36,5.75,54.03,74.9,74.93,72.25,9.92,100.0,5,3,6.47,66.43,42.41,29.34,51.09,51.15,57.81,82.99,3,B,Not Attended,1
STU1159,Kabir,Male,Government,Grade 3,Arts,High School,22.97,6.05,64.98,88.57,59.18,64.11,0.0,64.17,2,3,1.45,62.66,40.59,34.85,76.44,45.96,59.05,85.92,3,A,Pass,1
STU1160,Michal,Male,Government,Grade 3,Arts,High School,59.86,4.46,79.26,34.9,69.36,66.61,2.35,68.82,4,0,2.34,57.35,86.34,73.55,58.97,53.13,62.53,69.47,3,C,Pass,1
STU1161,Olivia,Male,Private,Grade 2,Arts,Graduate,23.09,7.35,58.23,65.8,96.37,35.84,3.79,88.72,6,3,4.37,31.44,75.97,74.98,56.41,44.34,60.14,90.26,3,A,Not Attended,1
STU1162,Mia,Female,Government,Grade 5,Math's,High School,33.55,6.97,84.29,77.79,41.25,13.15,7.84,67.19,2,2,4.34,68.35,48.01,48.1,55.73,47.29,49.96,69.19,2,C,Pass,1
STU1163,Ethan,Male,Private,Grade 3,Math's,High School,33.2,6.65,79.07,64.07,72.26,46.87,8.1,66.42,1,5,4.84,62.97,47.09,48.84,89.62,44.93,59.58,76.31,3,B,Pass,0
STU1164,Mason,Male,Semi-Government,Grade 3,English,High School,17.34,5.45,66.58,76.94,65.15,53.27,7.4,65.96,3,1,4.26,74.33,67.75,65.13,70.77,76.16,68.69,69.49,3,C,Pass,0
STU1165,Damon,Female,Government,Grade 1,Science,Graduate,31.25,6.07,77.97,43.48,34.11,42.84,1.48,21.63,1,5,2.19,56.18,85.91,45.45,69.92,67.0,55.61,68.42,3,C,Pass,1
STU1166,Michal,Female,Government,Grade 3,Arts,High School,84.85,3.66,98.8,59.87,72.84,72.45,4.66,71.43,6,1,4.21,48.12,43.1,61.95,50.29,87.24,61.98,75.38,3,B,Not Attended,0
STU1167,Mia,Male,Government,Grade 5,Science,High School,50.16,5.84,64.64,55.43,70.24,37.42,9.69,56.53,3,2,5.43,90.25,67.44,78.3,58.76,38.65,62.06,62.61,3,C,Pass,1
STU1168,Diya,Male,Private,Grade 4,Science,Graduate,35.88,7.43,100.0,33.42,74.57,90.47,2.91,82.43,2,0,1.86,60.64,64.21,73.56,43.67,76.6,64.64,92.5,3,A,Pass,1
STU1169,Emma,Male,Private,Grade 3,Science,Graduate,68.45,4.72,60.99,48.38,31.09,68.87,0.74,71.59,6,1,2.65,60.83,48.12,53.51,71.97,74.67,57.18,68.52,3,C,Pass,1
STU1170,Mason,Male,Government,Grade 5,Science,Post Graduate,59.69,4.17,76.59,50.57,65.94,54.36,4.91,90.58,4,2,3.86,47.37,62.78,58.99,63.69,56.41,57.51,69.87,3,C,Pass,0
STU1171,Sara,Female,Semi-Government,Grade 4,Arts,High School,31.17,5.04,74.22,74.41,77.9,34.17,1.14,80.87,4,0,1.86,31.61,77.22,98.35,46.04,82.9,65.32,79.98,3,B,Pass,1
STU1172,Tyler,Male,Semi-Government,Grade 1,Phys.Ed,High School,46.78,6.73,63.88,51.86,0.0,58.73,2.19,78.38,2,2,2.08,70.99,47.92,94.98,57.7,58.53,55.09,77.8,3,B,Pass,1
STU1173,Noah,Female,Private,Grade 1,Math's,High School,55.74,9.85,80.04,62.12,83.71,93.37,14.29,51.66,9,3,9.62,82.34,77.07,56.67,57.64,84.34,74.66,100.0,4,A,Pass,0
STU1174,Damon,Female,Private,Grade 3,Phys.Ed,Post Graduate,16.52,4.09,75.9,63.03,52.16,58.72,10.41,51.24,4,2,6.06,71.66,65.02,32.29,60.33,83.15,60.8,71.28,3,B,Pass,0
STU1175,Zen,Female,Private,Grade 5,Math's,Graduate,53.06,6.31,63.25,65.14,94.62,64.13,7.93,84.66,3,2,4.72,68.43,80.69,37.71,59.12,60.17,66.25,87.73,3,A,Pass,0
STU1176,Isha,Female,Private,Grade 2,English,Graduate,88.36,5.77,91.64,69.59,53.71,29.05,1.87,93.14,8,2,4.05,80.51,63.95,52.79,37.58,52.76,54.99,63.51,2,C,Pass,1
STU1177,Mason,Male,Government,Grade 1,Arts,Graduate,41.75,7.66,71.54,99.7,55.6,76.31,8.02,60.78,2,4,4.91,59.31,51.23,61.36,56.83,45.46,63.22,89.12,3,A,Pass,0
STU1178,Meera,Male,Semi-Government,Grade 1,Science,Graduate,26.45,7.75,43.65,91.41,27.39,51.1,1.75,99.49,6,1,3.05,70.22,56.46,72.67,68.85,74.57,64.08,74.04,3,B,Not Attended,1
STU1179,Aarav,Male,Private,Grade 1,Arts,Graduate,26.96,8.17,57.83,100.0,95.77,38.96,4.8,82.44,1,3,3.02,81.33,72.02,23.45,71.35,82.67,70.69,89.88,4,A,Not Attended,1
STU1180,Jack,Female,Private,Grade 2,Math's,Graduate,35.71,7.01,65.68,64.2,49.88,20.44,9.9,73.33,2,0,4.66,70.89,52.29,20.28,68.37,72.35,52.34,85.9,2,A,Pass,1
STU1181,Robert,Male,Government,Grade 5,Arts,High School,73.62,6.92,48.68,76.04,54.06,0.88,6.8,28.48,1,1,3.32,69.8,67.47,49.36,74.55,61.26,56.68,50.93,3,D,Fail,1
STU1182,Mason,Female,Semi-Government,Grade 1,Math's,High School,11.9,5.81,85.62,42.9,60.25,47.98,3.14,24.12,1,2,2.11,51.94,53.49,43.15,27.56,52.84,47.51,79.23,2,B,Fail,1
STU1183,Mack,Female,Government,Grade 1,Science,High School,69.19,6.7,68.21,79.27,75.19,64.8,7.84,55.59,6,1,5.49,60.2,59.63,49.03,71.98,100.0,70.01,92.22,4,A,Pass,0
STU1184,Damon,Female,Private,Grade 4,Arts,Graduate,62.53,6.17,53.48,57.26,49.8,30.26,1.01,94.17,5,3,2.9,61.7,40.11,51.2,53.14,51.4,49.36,67.28,2,C,Not Attended,1
STU1185,Meera,Male,Private,Grade 3,Science,High School,63.88,5.82,97.13,45.45,56.9,61.96,15.31,39.18,3,1,7.42,51.24,67.14,36.64,45.73,54.78,52.48,80.88,2,B,Pass,0
STU1186,Hudson,Female,Private,Grade 4,Arts,High School,45.85,8.01,65.28,69.95,71.65,67.68,11.78,59.57,5,3,7.21,63.04,56.28,24.77,63.7,37.39,56.81,94.09,3,A,Pass,0
STU1187,Noah,Female,Private,Grade 5,Phys.Ed,Post Graduate,16.64,6.96,78.66,56.58,66.89,42.16,0.0,89.6,2,3,1.45,41.74,82.28,61.33,38.28,64.35,56.7,62.35,3,C,Pass,1
STU1188,Kabir,Female,Semi-Government,Grade 5,Phys.Ed,Graduate,22.63,6.54,81.28,39.63,65.26,91.74,15.53,36.05,2,6,8.41,27.83,61.42,54.77,44.29,84.5,58.68,84.03,3,B,Fail,1
STU1189,Liam,Male,Private,Grade 4,Arts,High School,43.0,7.57,53.54,89.7,63.9,59.3,0.0,69.48,3,0,1.05,30.8,70.63,48.44,73.31,71.19,63.41,89.2,3,A,Fail,1
STU1190,Robert,Female,Private,Grade 1,English,High School,8.26,8.35,84.5,100.0,76.5,99.12,13.38,54.2,8,2,8.65,85.14,67.75,72.23,71.09,97.11,83.62,100.0,4,A,Pass,0
STU1191,Meera,Male,Private,Grade 2,English,Graduate,88.34,7.99,71.22,45.76,72.03,92.73,0.0,80.78,8,2,3.3,78.65,67.54,48.79,73.46,42.62,65.2,77.38,3,B,Pass,1
STU1192,Olivia,Male,Government,Grade 5,English,High School,70.81,4.77,64.54,76.49,64.66,36.65,5.65,29.83,4,3,4.41,37.08,70.89,61.6,67.52,75.62,61.31,67.86,3,C,Pass,1
STU1193,Olivia,Female,Government,Grade 3,English,High School,68.87,6.3,65.21,46.43,38.66,93.04,8.2,100.0,5,1,5.28,47.54,40.53,43.96,58.67,88.44,57.16,73.18,3,B,Pass,0
STU1194,Sara,Male,Government,Grade 3,Science,High School,45.32,8.9,29.28,43.77,68.44,67.2,1.29,65.08,3,2,2.07,71.94,61.77,66.76,36.64,70.26,60.85,86.37,3,A,Pass,1
STU1195,Aarav,Male,Private,Grade 4,Phys.Ed,High School,0.0,5.65,84.14,48.76,84.41,27.86,5.74,100.0,6,0,4.4,68.41,61.86,46.74,55.92,59.06,56.63,73.35,3,B,Fail,1
STU1196,Riya,Female,Government,Grade 4,Math's,Post Graduate,89.66,5.52,74.18,98.24,79.37,57.15,1.27,69.4,8,1,3.56,54.0,66.32,80.33,60.09,57.86,69.17,76.39,3,B,Pass,1
STU1197,Emma,Female,Private,Grade 3,Math's,High School,61.15,8.46,78.72,78.8,56.92,94.65,9.19,67.64,5,1,5.68,47.1,55.9,51.2,56.24,37.53,59.79,92.17,3,A,Fail,0
STU1198,Sara,Male,Private,Grade 4,Math's,High School,51.63,8.19,42.57,100.0,48.05,89.46,5.72,46.35,8,4,6.09,76.17,85.68,26.22,32.9,90.49,68.62,79.68,3,B,Fail,1
STU1199,Anaya,Female,Government,Grade 1,Math's,Post Graduate,41.77,6.93,45.43,49.48,46.62,77.58,11.4,81.87,4,1,6.21,54.86,72.7,56.01,63.54,91.28,64.01,77.15,3,B,Fail,1
STU1200,Mack,Female,Private,Grade 5,English,High School,40.09,7.97,79.49,80.06,65.93,18.63,3.11,90.03,8,1,4.29,52.38,71.38,51.92,78.12,72.82,61.4,77.2,3,B,Not Attended,1
STU1201,Robert,Male,Private,Grade 4,Science,High School,43.21,5.71,70.47,40.51,81.61,56.46,6.49,80.88,3,0,3.65,55.12,76.72,61.82,85.3,64.57,65.26,60.96,3,C,Pass,1
STU1202,Olivia,Male,Private,Grade 5,Arts,High School,32.53,7.14,51.87,59.68,93.44,79.69,3.6,29.14,1,1,2.04,26.15,81.7,73.59,66.12,72.53,69.11,78.37,3,B,Not Attended,1
STU1203,Isha,Male,Private,Grade 5,English,Graduate,38.34,5.84,68.01,34.99,46.22,21.2,4.61,82.26,6,0,3.94,56.95,88.27,40.62,57.55,69.52,51.92,56.03,2,C,Pass,1
STU1204,Cal,Female,Government,Grade 4,English,Post Graduate,30.94,5.95,85.49,77.61,86.78,67.47,3.82,73.94,6,0,3.63,61.66,78.54,48.47,43.46,67.35,66.42,81.87,3,B,Pass,0
STU1205,Sophia,Male,Private,Grade 4,English,High School,6.73,6.97,56.11,63.3,47.29,76.74,6.74,100.0,4,1,4.35,58.87,50.12,40.35,41.91,75.28,56.73,92.08,3,A,Not Attended,1
STU1206,Damon,Male,Private,Grade 5,Math's,High School,78.37,6.48,76.64,30.55,87.77,62.41,10.56,95.3,3,3,6.02,82.26,79.31,53.35,65.2,61.02,65.23,85.57,3,A,Fail,1
STU1207,Riya,Male,Government,Grade 2,English,Graduate,35.46,4.09,93.7,47.65,45.04,88.53,9.49,41.4,5,1,5.8,68.69,81.89,48.47,47.48,57.82,60.7,53.63,3,D,Pass,1
STU1208,Olivia,Male,Private,Grade 3,English,High School,41.14,6.64,67.85,81.5,42.42,57.94,9.49,84.25,3,4,5.85,68.55,80.53,41.6,55.56,64.2,61.54,75.57,3,B,Pass,0
STU1209,Riya,Female,Government,Grade 4,English,Graduate,68.48,6.3,76.13,39.78,47.23,52.92,1.38,82.8,10,2,4.55,65.3,76.92,46.66,64.81,78.08,58.96,65.45,3,C,Pass,1
STU1210,Emma,Male,Private,Grade 3,Arts,High School,44.51,7.1,83.55,62.49,62.98,50.54,7.97,47.38,6,1,5.54,64.39,55.79,19.68,63.29,50.95,53.76,80.29,2,B,Fail,0
STU1211,Zen,Male,Government,Grade 1,Arts,High School,30.51,5.67,92.07,55.46,45.24,76.34,10.55,70.33,3,4,6.27,77.78,60.25,42.63,34.05,39.8,53.94,75.39,2,B,Pass,0
STU1212,Ava,Male,Government,Grade 4,Arts,High School,77.05,7.48,76.37,83.18,58.39,63.66,7.38,71.9,3,2,4.5,84.79,82.92,55.73,46.88,34.78,63.79,76.4,3,B,Pass,0
STU1213,Michal,Male,Government,Grade 5,Math's,Post Graduate,41.85,6.02,89.34,47.9,64.05,69.51,4.16,28.44,3,1,2.96,64.82,75.13,35.05,61.23,75.04,61.59,73.14,3,B,Pass,0
STU1214,Diya,Male,Semi-Government,Grade 2,Science,Graduate,27.43,6.07,92.95,23.82,77.17,79.75,11.21,29.33,5,4,7.23,69.26,69.12,52.72,66.49,65.94,63.03,63.79,3,C,Pass,1
STU1215,Riya,Male,Government,Grade 5,Phys.Ed,Graduate,50.01,5.06,68.67,28.8,58.19,55.85,5.31,100.0,5,5,5.12,85.44,60.82,63.33,61.06,55.71,58.65,68.69,3,C,Pass,1
STU1216,Olivia,Male,Semi-Government,Grade 5,Math's,Graduate,45.72,6.86,89.52,56.99,58.0,23.75,10.4,87.43,4,3,6.31,45.46,68.28,41.95,67.68,51.53,51.71,73.83,2,B,Pass,1
STU1217,Anaya,Male,Private,Grade 3,Math's,Post Graduate,26.16,7.23,61.72,61.88,67.04,26.9,4.03,72.41,3,3,3.41,50.1,75.49,63.34,66.24,11.69,52.84,71.43,2,B,Fail,1
STU1218,Tyler,Female,Private,Grade 1,Phys.Ed,Post Graduate,60.27,5.6,57.53,51.95,45.78,49.22,11.32,47.49,6,0,6.63,92.6,79.72,61.53,71.09,62.11,64.25,74.49,3,B,Not Attended,1
STU1219,Mack,Male,Private,Grade 1,Math's,High School,0.0,6.71,91.83,75.08,48.4,80.5,2.76,73.03,7,4,4.55,80.3,61.05,51.71,55.89,75.49,66.05,97.19,3,A,Pass,1
STU1220,Olivia,Male,Private,Grade 4,English,High School,82.15,7.33,67.49,71.85,74.41,41.65,5.54,41.53,6,1,4.57,64.18,87.21,43.05,82.05,39.97,63.05,75.7,3,B,Pass,1
STU1221,Cal,Female,Semi-Government,Grade 3,Arts,High School,0.0,9.43,59.29,92.32,50.97,54.67,0.0,78.66,3,3,1.8,61.28,74.44,70.49,50.86,82.23,67.16,91.8,3,A,Not Attended,1
STU1222,Hudson,Female,Private,Grade 4,Arts,Post Graduate,49.16,5.23,77.16,81.58,47.73,60.68,4.45,37.38,6,3,4.63,53.78,48.06,67.82,61.34,24.83,55.73,84.17,3,B,Pass,0
STU1223,Hudson,Male,Semi-Government,Grade 5,English,High School,75.87,5.88,89.73,36.41,91.71,83.12,12.66,67.41,2,5,7.01,72.19,97.06,46.97,73.06,52.11,69.08,77.4,3,B,Pass,1
STU1224,Sara,Male,Government,Grade 3,Arts,Graduate,70.26,4.99,65.56,37.54,42.29,56.7,14.91,84.19,9,2,9.61,99.84,40.99,96.01,69.65,35.85,59.86,70.13,3,B,Pass,1
STU1225,Emma,Male,Semi-Government,Grade 4,Arts,High School,66.7,9.2,32.32,58.33,52.09,70.23,10.21,38.42,0,3,4.83,53.77,84.53,59.64,76.49,60.82,64.49,91.48,3,A,Fail,1
STU1226,Meera,Female,Government,Grade 1,English,Graduate,27.03,9.17,94.47,35.86,48.84,65.02,5.39,0.31,4,1,3.81,100.0,79.2,66.31,28.68,41.92,58.23,69.67,3,C,Pass,1
STU1227,Diya,Male,Semi-Government,Grade 5,Phys.Ed,Post Graduate,29.13,5.95,83.63,29.99,36.61,39.36,10.99,76.69,3,3,6.2,66.54,79.7,80.23,79.9,42.43,56.85,67.67,3,C,Pass,1
STU1228,Sara,Female,Private,Grade 5,Phys.Ed,High School,37.34,6.27,93.05,78.37,87.69,36.14,3.36,61.72,3,2,2.89,81.46,53.61,43.88,62.23,50.07,61.68,86.47,3,A,Pass,1
STU1229,Diya,Female,Private,Grade 5,Arts,Graduate,63.95,6.37,73.38,61.1,51.72,36.15,2.04,74.84,6,3,3.67,56.23,79.92,78.08,53.58,56.81,59.2,59.36,3,C,Pass,1
STU1230,Noah,Female,Semi-Government,Grade 5,Phys.Ed,Graduate,74.87,6.59,53.22,71.41,90.16,72.92,6.55,77.23,8,4,6.42,62.49,61.67,47.82,60.8,71.75,67.38,87.62,3,A,Fail,1
STU1231,Anaya,Female,Semi-Government,Grade 5,Phys.Ed,High School,7.43,7.52,66.63,62.09,55.7,27.98,9.82,63.98,5,5,6.93,65.33,73.93,52.82,60.31,29.69,53.48,74.82,2,B,Pass,1
STU1232,Liam,Female,Government,Grade 5,Arts,Post Graduate,32.24,7.04,59.42,60.47,43.57,62.04,2.65,88.28,3,1,2.36,67.48,49.1,50.62,62.26,84.41,59.99,54.02,3,D,Pass,1
STU1233,Ava,Female,Government,Grade 2,Math's,High School,55.97,5.81,70.47,50.37,80.22,68.79,6.81,85.68,6,0,4.82,70.52,65.71,30.51,77.92,82.88,65.87,71.95,3,B,Pass,0
STU1234,Hudson,Male,Government,Grade 5,Arts,Post Graduate,26.87,6.3,83.39,31.82,48.51,77.82,3.44,46.15,2,3,2.83,67.73,53.91,46.25,49.4,51.81,53.41,70.98,2,B,Pass,1
STU1235,Mason,Female,Government,Grade 5,Phys.Ed,High School,23.07,7.16,71.95,30.43,74.13,84.12,4.71,81.33,7,2,4.83,67.03,81.9,67.18,58.67,59.98,65.43,87.15,3,A,Pass,1
STU1236,Diya,Male,Private,Grade 4,Math's,High School,78.81,6.0,47.74,18.8,44.24,59.01,3.59,41.02,3,2,2.99,52.35,53.44,72.3,46.04,91.55,54.72,58.06,2,C,Pass,1
STU1237,Sara,Male,Private,Grade 2,Math's,High School,16.68,5.56,83.57,64.68,64.35,63.53,9.41,100.0,6,3,6.61,60.69,56.1,66.88,59.34,55.75,61.41,99.01,3,A,Pass,0
STU1238,Meera,Male,Private,Grade 5,Science,High School,53.1,5.84,86.76,86.62,77.78,55.8,4.39,91.98,3,3,3.56,61.41,60.67,48.07,68.16,53.73,64.03,75.21,3,B,Pass,0
STU1239,Isha,Male,Private,Grade 2,English,Graduate,14.83,3.7,76.57,43.5,91.68,12.46,7.5,84.68,3,5,5.3,88.22,64.79,37.08,74.15,96.21,63.51,67.46,3,C,Pass,1
STU1240,Isha,Male,Private,Grade 5,Science,Graduate,22.61,8.38,82.64,48.55,59.98,51.31,7.08,100.0,8,2,6.13,50.4,47.94,74.59,63.15,71.18,58.39,90.73,3,A,Pass,0
STU1241,Lucas,Male,Government,Grade 3,Arts,Graduate,50.59,8.77,81.2,52.53,80.99,81.92,8.32,77.37,4,3,5.48,62.64,71.49,72.12,61.29,80.73,70.46,93.22,4,A,Pass,0
STU1242,Shawn,Female,Private,Grade 4,Science,Post Graduate,65.76,5.9,71.72,42.48,57.53,86.05,0.0,29.02,3,0,1.05,48.88,61.36,60.44,39.61,54.11,56.31,70.21,3,B,Pass,1
STU1243,Anaya,Female,Government,Grade 2,English,High School,59.74,7.23,75.92,62.48,60.2,86.85,5.91,89.84,4,2,4.26,65.21,58.94,45.4,42.74,49.88,58.96,89.2,3,A,Pass,0
STU1244,Kabir,Female,Private,Grade 2,Science,High School,43.75,5.53,81.42,33.54,100.0,34.68,6.83,53.14,4,0,4.13,60.97,70.53,68.72,70.73,71.99,63.89,70.79,3,B,Pass,1
STU1245,Riya,Male,Semi-Government,Grade 5,Arts,High School,51.45,8.46,98.12,43.3,100.0,67.18,9.69,57.55,1,1,4.48,86.8,65.45,51.0,47.09,72.0,66.6,94.52,3,A,Pass,1
STU1246,Emma,Male,Government,Grade 4,Arts,Post Graduate,49.6,5.38,52.31,59.32,82.31,79.67,9.69,90.24,1,1,4.48,60.18,56.79,70.67,53.66,33.4,62.0,88.03,3,A,Pass,1
STU1247,Hudson,Female,Private,Grade 5,Phys.Ed,High School,65.74,6.54,79.11,32.0,36.65,34.48,8.99,18.04,5,5,6.6,72.29,65.9,46.72,54.02,92.17,54.28,63.35,2,C,Pass,1
STU1248,Shawn,Male,Semi-Government,Grade 3,English,High School,5.73,7.87,75.05,31.01,37.51,48.06,7.39,87.08,7,2,5.91,67.75,81.71,72.67,46.35,50.62,54.46,69.29,2,C,Pass,1
STU1249,Cal,Male,Government,Grade 2,English,Post Graduate,1.94,8.64,49.45,55.96,48.07,61.59,0.58,67.03,3,2,1.78,72.18,94.22,58.94,59.44,51.46,62.73,86.17,3,A,Fail,1
STU1250,Isha,Male,Government,Grade 1,Arts,Graduate,56.75,5.79,75.68,72.51,68.34,67.92,5.56,55.55,2,3,3.67,64.46,61.02,63.49,64.06,34.87,62.08,76.36,3,B,Pass,0
STU1251,Shawn,Female,Private,Grade 4,Science,High School,53.86,7.27,89.38,37.39,47.1,25.8,6.0,72.49,1,0,2.75,50.18,59.65,56.12,73.2,44.21,49.21,61.91,2,C,Pass,1
STU1252,Isha,Male,Government,Grade 5,Math's,High School,38.67,6.65,50.19,39.0,80.35,46.27,2.88,57.87,6,0,3.25,76.18,98.53,51.77,71.71,61.62,65.68,65.23,3,C,Not Attended,1
STU1253,Mia,Male,Private,Grade 4,English,High School,7.94,8.15,68.09,65.39,57.78,29.92,11.23,42.53,7,1,7.19,74.24,69.9,72.76,75.87,71.05,64.61,86.55,3,A,Pass,1
STU1254,Damon,Male,Government,Grade 4,Arts,High School,93.89,7.85,48.64,76.71,50.56,38.85,6.04,91.59,1,1,3.02,67.19,47.25,73.39,66.32,84.68,63.12,82.97,3,B,Fail,1
STU1255,Aditya,Male,Government,Grade 1,English,High School,32.23,5.47,94.57,100.0,49.79,53.71,7.29,21.29,7,5,6.62,61.51,66.38,67.53,71.85,79.88,68.83,83.85,3,B,Pass,0
STU1256,Robert,Male,Private,Grade 5,Math's,High School,62.76,5.37,48.94,38.05,77.64,51.29,12.81,55.41,4,2,7.02,52.0,73.72,54.08,76.88,56.85,60.06,59.2,3,C,Pass,1
STU1257,Mack,Male,Government,Grade 1,Phys.Ed,Post Graduate,17.89,7.87,78.47,47.22,69.81,86.73,2.68,34.46,1,0,1.42,77.67,76.5,89.54,66.79,53.39,70.96,98.64,4,A,Pass,1
STU1258,Lucas,Female,Semi-Government,Grade 2,Arts,Graduate,53.03,8.94,71.65,63.67,100.0,42.97,8.62,46.98,1,4,4.8,58.16,99.18,65.64,51.96,57.91,67.44,76.35,3,B,Pass,1
STU1259,Cal,Female,Semi-Government,Grade 1,English,Post Graduate,35.07,8.82,70.95,81.69,62.2,35.43,8.18,45.72,6,3,6.12,86.58,63.34,60.49,50.5,65.03,63.16,76.6,3,B,Pass,1
STU1260,Kabir,Female,Semi-Government,Grade 2,Math's,High School,42.38,8.76,76.63,34.7,81.29,78.38,6.83,100.0,4,2,4.63,43.17,91.31,18.93,66.63,30.85,55.66,89.9,3,A,Pass,1
STU1261,Meera,Female,Private,Grade 2,Arts,Graduate,45.18,5.46,68.13,79.46,55.69,92.35,9.89,85.71,3,2,5.51,57.34,48.88,46.17,65.29,83.54,66.09,88.74,3,A,Pass,0
STU1262,Zen,Female,Semi-Government,Grade 2,Phys.Ed,Post Graduate,0.0,8.3,69.24,63.66,49.64,20.38,13.15,10.26,4,3,7.41,76.37,46.22,58.32,52.98,86.22,56.72,77.53,3,B,Pass,1
STU1263,Mia,Male,Government,Grade 5,Phys.Ed,High School,29.2,4.88,100.0,59.09,50.58,73.53,0.0,75.08,6,3,2.85,49.06,84.51,12.53,57.1,48.76,54.4,78.71,2,B,Pass,1
STU1264,Tyler,Male,Private,Grade 3,Math's,High School,60.74,3.82,75.94,59.32,60.06,39.54,0.0,89.37,5,3,2.5,64.21,60.61,58.33,59.42,52.04,56.69,52.59,3,D,Pass,1
STU1265,Cal,Female,Semi-Government,Grade 2,Science,Post Graduate,43.91,7.43,67.63,55.98,69.0,66.52,10.85,91.15,4,3,6.49,57.97,79.43,61.62,37.54,76.43,63.06,85.99,3,A,Pass,0
STU1266,Isha,Female,Private,Grade 2,English,High School,23.56,6.45,57.22,76.22,72.25,52.81,1.02,45.78,2,1,1.36,63.2,72.32,55.09,64.96,57.36,64.28,83.15,3,B,Pass,1
STU1267,Olivia,Female,Private,Grade 5,Science,Post Graduate,27.9,6.39,78.97,85.99,65.09,46.9,7.14,33.29,5,4,5.61,62.25,74.69,59.13,57.15,71.46,65.33,76.7,3,B,Fail,0
STU1268,Cal,Male,Semi-Government,Grade 3,English,High School,27.17,6.3,64.34,29.0,69.93,61.17,10.6,21.16,5,2,6.49,70.56,52.16,80.83,36.65,84.18,60.56,75.94,3,B,Pass,1
STU1269,Ethan,Male,Private,Grade 5,Arts,High School,55.79,5.93,59.92,74.09,45.11,63.15,7.65,75.21,0,0,3.06,47.74,63.37,55.47,62.65,34.21,55.72,60.99,3,C,Fail,1
STU1270,Diya,Male,Semi-Government,Grade 5,Arts,High School,35.34,5.97,96.37,100.0,57.9,80.93,3.17,51.9,5,5,4.27,33.71,71.69,70.64,38.76,44.01,62.2,100.0,3,A,Fail,0
STU1271,Shawn,Female,Government,Grade 5,Arts,High School,31.35,8.19,78.3,80.34,25.97,52.93,0.0,24.09,3,3,1.8,61.45,65.7,40.53,73.98,74.6,59.44,66.71,3,C,Pass,1
STU1272,Vivaan,Male,Semi-Government,Grade 5,Arts,Graduate,49.24,5.93,83.84,93.59,59.7,46.11,6.81,100.0,4,1,4.37,63.43,64.7,61.77,69.15,86.28,68.09,85.5,3,A,Pass,0
STU1273,Aarav,Male,Government,Grade 2,Math's,Graduate,51.16,9.94,73.15,73.36,36.14,42.52,7.42,16.74,1,1,3.57,77.88,76.44,72.88,67.83,62.72,63.72,76.6,3,B,Pass,1
STU1274,Lucas,Female,Semi-Government,Grade 2,Arts,Graduate,38.41,7.27,75.37,67.19,60.13,91.71,8.36,98.27,4,1,4.99,43.4,75.84,56.81,32.37,79.61,63.38,81.99,3,B,Pass,0
STU1275,Meera,Male,Private,Grade 4,Arts,Graduate,41.11,5.8,86.59,100.0,61.43,14.65,1.9,67.5,3,2,2.31,81.76,63.57,64.14,66.15,91.86,67.94,56.47,3,C,Pass,1
STU1276,Ethan,Male,Semi-Government,Grade 5,Math's,Post Graduate,24.86,8.5,32.77,59.57,100.0,18.89,1.53,70.78,7,2,3.56,56.72,55.81,72.0,57.47,46.77,58.4,89.66,3,A,Not Attended,1
STU1277,Mack,Male,Semi-Government,Grade 5,Science,Graduate,33.12,5.65,37.8,55.26,90.44,38.08,0.0,100.0,7,3,3.2,50.27,56.58,37.27,56.14,57.41,55.18,62.4,3,C,Fail,1
STU1278,Anaya,Female,Government,Grade 2,Math's,High School,24.74,4.84,66.29,96.87,85.24,50.15,8.72,40.14,4,0,4.89,56.07,74.7,70.51,60.68,50.91,68.14,72.02,3,B,Pass,0
STU1279,Shawn,Male,Government,Grade 2,Math's,Graduate,89.52,7.63,91.81,87.46,71.39,49.43,0.77,100.0,3,2,1.86,60.49,57.03,84.16,35.96,61.25,63.4,80.02,3,B,Pass,1
STU1280,Cal,Female,Private,Grade 5,Science,Post Graduate,0.0,4.85,82.35,43.59,63.15,48.6,9.26,54.99,4,4,6.1,74.12,68.47,67.36,59.38,67.41,61.51,66.01,3,C,Pass,1
STU1281,Mason,Male,Government,Grade 5,English,High School,50.45,7.67,53.8,54.78,50.45,75.6,4.12,100.0,5,1,3.65,77.78,61.42,44.67,82.64,44.25,61.45,82.15,3,B,Pass,1
STU1282,Vivaan,Male,Government,Grade 3,Science,Post Graduate,85.17,5.6,84.57,63.86,77.89,7.59,9.72,76.27,7,1,6.59,53.14,61.99,56.73,59.12,62.87,55.4,69.65,3,C,Fail,1
STU1283,Aarav,Male,Semi-Government,Grade 1,Science,High School,54.41,6.66,71.52,54.59,71.74,84.67,4.66,53.16,2,2,3.06,46.45,72.14,73.77,51.26,41.23,61.98,81.29,3,B,Pass,0
STU1284,Mia,Male,Private,Grade 2,Science,Post Graduate,78.4,3.45,75.56,81.81,37.88,60.31,3.85,45.49,2,0,2.24,48.48,50.76,50.16,53.85,43.99,53.41,58.67,2,C,Pass,0
STU1285,Ava,Female,Government,Grade 5,English,Graduate,13.4,7.46,80.87,98.83,64.03,69.31,9.54,50.5,5,0,5.57,64.93,53.22,55.06,36.47,56.7,62.32,100.0,3,A,Pass,0
STU1286,Cal,Female,Government,Grade 5,Arts,Graduate,36.54,10.0,79.25,68.64,53.24,73.14,5.17,40.67,4,1,3.72,76.43,66.08,57.71,73.22,72.61,67.63,85.77,3,A,Pass,0
STU1287,Mack,Female,Government,Grade 3,English,Graduate,40.91,2.69,49.5,2.28,57.81,81.63,0.0,34.27,4,3,2.15,85.81,89.49,48.84,50.07,71.35,60.91,41.74,3,D,Fail,1
STU1288,Sophia,Female,Private,Grade 2,Science,High School,51.5,5.46,57.3,59.04,62.28,67.65,0.8,35.8,1,3,1.42,86.92,62.23,72.08,48.51,21.63,60.04,57.62,3,C,Fail,1
STU1289,Tyler,Female,Semi-Government,Grade 4,Phys.Ed,Post Graduate,52.34,5.61,79.96,60.85,47.53,80.54,7.79,65.65,6,0,5.22,67.78,65.98,19.67,48.38,61.98,56.59,84.19,3,B,Pass,0
STU1290,Meera,Female,Government,Grade 5,Phys.Ed,Graduate,31.77,6.0,71.55,93.71,49.31,50.34,9.97,48.4,4,1,5.64,54.71,53.24,47.67,69.03,62.83,60.11,82.8,3,B,Pass,0
STU1291,Hudson,Female,Private,Grade 2,Math's,Graduate,48.34,6.79,55.73,81.91,94.46,31.8,7.17,74.57,2,2,4.07,64.69,52.16,36.95,53.58,32.44,56.0,59.74,3,C,Fail,1
STU1292,Sara,Male,Semi-Government,Grade 4,Phys.Ed,Post Graduate,44.3,5.94,91.89,25.33,62.66,92.82,6.27,70.52,1,2,3.36,65.06,61.9,92.96,65.72,75.35,67.72,85.53,3,A,Pass,1
STU1293,Emma,Female,Private,Grade 2,Math's,Post Graduate,0.0,5.13,73.18,71.19,66.71,38.29,8.8,63.95,3,0,4.57,64.09,75.43,45.42,70.49,73.46,63.14,76.16,3,B,Pass,1
STU1294,Riya,Male,Semi-Government,Grade 3,Math's,Graduate,79.17,5.72,70.37,81.39,72.48,20.35,5.44,75.2,4,5,4.83,100.0,81.1,53.84,78.52,56.1,67.97,61.71,3,C,Pass,1
STU1295,Olivia,Male,Private,Grade 1,Phys.Ed,High School,37.01,6.43,62.82,91.9,24.5,38.32,9.92,99.4,8,1,7.02,58.81,60.86,96.98,45.22,62.28,59.86,60.13,3,C,Pass,1
STU1296,Noah,Male,Private,Grade 3,Math's,Graduate,46.53,6.67,66.45,54.88,48.97,62.66,1.02,100.0,3,3,2.21,50.36,89.32,63.39,71.16,55.99,62.09,86.31,3,A,Pass,1
STU1297,Meera,Male,Private,Grade 3,Arts,Graduate,20.52,6.89,69.45,38.69,62.54,55.68,9.59,59.05,4,1,5.49,77.49,64.18,40.64,50.6,55.02,55.6,82.74,3,B,Pass,1
STU1298,Aditya,Female,Government,Grade 1,Phys.Ed,High School,29.03,5.77,60.14,80.82,64.51,58.2,3.61,64.53,3,3,3.24,50.03,64.2,46.72,70.83,59.33,61.83,89.9,3,A,Pass,0
STU1299,Cal,Male,Semi-Government,Grade 5,English,High School,67.75,7.08,60.53,24.03,68.13,68.68,1.63,56.58,2,3,2.1,58.97,75.62,30.19,53.12,58.1,54.61,75.65,2,B,Pass,1
STU1300,Riya,Male,Private,Grade 4,Science,High School,59.21,5.09,60.56,63.26,63.69,29.11,4.48,62.5,9,1,5.19,52.38,67.03,51.39,65.43,58.45,56.34,61.49,3,C,Pass,1
STU1301,Olivia,Female,Government,Grade 5,English,Post Graduate,52.23,8.08,75.56,33.29,98.34,86.36,6.2,69.72,6,0,4.58,65.41,51.57,72.34,61.68,45.48,64.31,98.92,3,A,Pass,1
STU1302,Mia,Male,Private,Grade 4,Science,Graduate,29.18,8.49,96.06,59.58,86.48,61.59,10.6,97.77,6,2,6.84,71.65,83.54,61.9,48.84,57.84,66.43,93.0,3,A,Pass,0
STU1303,Jack,Female,Private,Grade 5,Arts,Graduate,59.01,4.17,60.57,75.04,44.18,63.85,7.65,77.3,6,1,5.41,50.53,70.34,59.06,62.38,61.11,60.81,67.67,3,C,Pass,0
STU1304,Mack,Female,Government,Grade 1,Arts,High School,12.65,6.02,95.43,39.61,44.34,17.95,8.0,60.88,3,2,4.75,65.11,56.63,60.76,51.97,49.15,48.19,70.8,2,B,Pass,1
STU1305,Damon,Female,Semi-Government,Grade 2,Math's,Graduate,4.14,8.0,67.24,78.58,61.75,64.89,7.37,85.52,1,0,3.3,63.89,57.64,47.13,55.68,74.29,62.98,90.89,3,A,Pass,0
STU1306,Sophia,Female,Private,Grade 4,Math's,Graduate,99.01,4.41,75.76,84.12,81.98,66.61,7.03,63.25,7,1,5.51,73.44,72.45,40.13,56.24,65.71,67.58,72.19,3,B,Pass,0
STU1307,Zen,Male,Government,Grade 5,English,High School,66.28,10.0,57.94,59.04,53.79,49.71,17.69,54.89,4,1,8.73,62.56,79.1,45.23,62.53,46.6,57.32,87.11,3,A,Fail,1
STU1308,Mack,Male,Private,Grade 3,Arts,Post Graduate,58.35,6.91,100.0,63.07,47.29,74.47,12.37,34.76,3,3,6.75,39.62,75.44,80.09,44.61,63.35,60.99,91.33,3,A,Pass,0
STU1309,Vivaan,Male,Semi-Government,Grade 5,Arts,Graduate,80.22,7.28,56.01,40.77,48.02,63.18,0.0,65.85,2,3,1.45,64.45,80.54,36.33,45.9,84.93,58.01,77.07,3,B,Fail,1
STU1310,Shawn,Female,Private,Grade 5,Phys.Ed,Graduate,73.42,5.78,74.52,53.8,76.74,73.45,6.89,78.1,6,1,5.11,48.19,71.96,59.14,58.32,50.31,61.49,64.91,3,C,Fail,0
STU1311,Ethan,Female,Government,Grade 4,Science,High School,14.29,7.19,81.0,45.1,50.54,78.93,9.55,57.85,3,4,5.87,100.0,40.81,66.28,42.44,58.26,60.29,70.98,3,B,Pass,0
STU1312,Anaya,Female,Semi-Government,Grade 5,Arts,High School,5.18,8.02,74.76,94.08,42.22,9.74,3.69,57.03,6,1,3.83,60.33,84.45,66.61,58.5,65.63,60.2,61.52,3,C,Pass,1
STU1313,Sophia,Female,Government,Grade 5,Arts,High School,31.8,8.12,52.34,29.61,100.0,64.77,8.55,93.65,6,3,6.27,87.71,67.95,35.55,69.27,45.19,62.51,80.6,3,B,Not Attended,1
STU1314,Cal,Male,Government,Grade 5,Science,High School,34.83,8.83,81.72,60.81,43.87,60.65,2.59,26.33,5,0,2.79,75.97,57.99,68.26,65.04,62.6,61.9,74.98,3,B,Pass,1
STU1315,Kabir,Female,Government,Grade 1,English,Graduate,28.21,3.87,46.74,67.64,73.76,10.76,12.08,87.02,2,0,5.53,63.43,38.41,72.68,50.84,57.3,54.35,60.28,2,C,Not Attended,1
STU1316,Anaya,Female,Private,Grade 1,Phys.Ed,Graduate,54.42,4.43,69.24,59.43,62.21,21.18,10.41,89.92,2,3,5.61,60.92,66.61,64.04,53.63,58.78,55.85,67.97,3,C,Pass,1
STU1317,Sara,Male,Private,Grade 2,Phys.Ed,Post Graduate,52.98,6.48,81.71,64.63,43.29,52.37,0.0,88.7,0,1,0.25,76.8,71.68,76.57,54.93,69.94,63.77,42.88,3,D,Pass,1
STU1318,Hudson,Female,Private,Grade 1,Phys.Ed,Post Graduate,8.69,6.98,65.59,60.22,100.0,59.2,10.28,100.0,2,2,5.31,80.38,58.69,71.67,58.37,45.86,66.8,100.0,3,A,Pass,0
STU1319,Shawn,Female,Semi-Government,Grade 3,Math's,Post Graduate,37.68,4.8,54.23,61.18,46.87,91.17,8.76,85.04,5,1,5.5,48.69,85.98,100.0,72.0,78.57,73.06,74.82,4,B,Pass,1
STU1320,Diya,Male,Government,Grade 1,English,Graduate,51.83,5.32,71.64,57.41,100.0,47.83,5.64,71.24,5,4,5.01,70.72,86.58,57.28,52.05,55.16,65.88,83.59,3,B,Pass,0
STU1321,Jack,Female,Private,Grade 2,Science,Post Graduate,62.58,3.94,61.85,67.23,53.46,77.8,2.18,53.54,2,3,2.32,47.75,71.92,100.0,51.56,51.65,65.17,63.07,3,C,Pass,1
STU1322,Kabir,Male,Government,Grade 3,Science,Graduate,80.06,9.1,83.25,58.13,71.18,97.75,8.06,24.76,7,1,5.92,47.22,64.56,49.62,71.5,73.7,66.71,99.18,3,A,Fail,0
STU1323,Michal,Female,Private,Grade 2,Math's,Graduate,50.64,7.99,97.91,17.3,45.68,61.05,11.92,45.89,2,3,6.22,44.95,73.62,61.34,47.98,40.24,49.02,77.43,2,B,Pass,1
STU1324,Mack,Male,Government,Grade 5,Arts,Graduate,57.42,5.35,64.46,60.58,67.99,30.32,3.79,69.36,1,2,2.37,43.92,91.91,47.64,71.51,45.17,57.38,60.44,3,C,Pass,1
STU1325,Meera,Male,Government,Grade 4,Science,Graduate,46.45,7.11,58.04,62.59,48.76,90.26,2.3,54.67,5,0,2.67,69.18,70.88,59.35,62.11,49.91,64.13,76.67,3,B,Fail,1
STU1326,Aarav,Female,Government,Grade 5,Science,High School,55.7,7.43,72.01,23.58,91.83,41.99,3.54,88.6,3,3,3.22,73.42,50.47,74.61,53.92,69.01,59.85,73.92,3,B,Pass,1
STU1327,Tyler,Male,Government,Grade 1,English,High School,62.48,7.03,79.48,57.72,75.37,43.49,8.6,86.57,4,1,5.09,41.62,69.92,46.65,46.35,75.3,57.05,92.6,3,A,Pass,1
STU1328,Mack,Female,Government,Grade 1,English,Graduate,26.24,5.18,71.46,60.44,100.0,72.57,10.32,56.68,5,5,7.13,72.21,62.5,64.21,53.04,75.37,70.04,83.13,4,B,Fail,0
STU1329,Mia,Male,Government,Grade 1,Science,High School,44.04,8.75,83.47,64.68,75.89,82.99,2.99,56.65,2,1,2.15,35.56,73.14,77.79,68.29,42.94,65.16,95.02,3,A,Pass,1
STU1330,Vivaan,Male,Government,Grade 4,Math's,High School,58.02,8.68,84.26,56.19,30.65,95.71,13.78,80.65,3,1,6.81,70.37,69.05,59.79,50.77,43.88,59.55,96.59,3,A,Pass,0
STU1331,Zen,Male,Semi-Government,Grade 5,Science,Graduate,45.19,5.06,60.5,62.79,92.26,48.66,3.14,69.93,3,4,3.31,49.03,62.04,70.01,71.69,58.61,64.39,60.15,3,C,Pass,0
STU1332,Jack,Male,Private,Grade 5,Phys.Ed,Graduate,10.11,4.83,69.1,35.54,83.42,69.91,10.47,41.26,6,2,6.79,60.07,84.39,27.89,60.79,54.82,59.6,72.03,3,B,Fail,1
STU1333,Mack,Male,Government,Grade 3,Science,High School,64.73,8.56,78.18,86.51,68.14,91.27,10.83,88.12,4,3,6.48,46.51,45.25,85.03,54.11,42.84,64.96,99.47,3,A,Not Attended,0
STU1334,Jack,Male,Government,Grade 5,Arts,Graduate,19.71,3.6,67.08,87.28,55.75,48.88,3.58,61.27,7,1,4.13,75.78,63.93,60.05,44.14,59.9,61.96,77.39,3,B,Pass,0
STU1335,Cal,Female,Private,Grade 2,English,Post Graduate,62.54,4.24,65.52,27.71,45.26,44.55,4.92,74.48,5,0,3.72,45.1,76.46,64.65,68.63,44.35,52.09,40.05,2,D,Pass,1
STU1336,Mack,Female,Semi-Government,Grade 5,Science,High School,18.34,2.31,41.63,100.0,54.14,84.04,3.92,42.02,2,2,2.77,67.71,58.43,22.64,58.0,71.97,64.62,81.3,3,B,Pass,1
STU1337,Jack,Female,Private,Grade 5,English,Post Graduate,56.79,6.67,74.53,83.62,59.62,77.73,1.2,48.86,1,4,1.83,71.98,61.67,66.92,60.77,74.84,69.64,78.85,3,B,Not Attended,1
STU1338,Shawn,Male,Semi-Government,Grade 2,English,High School,54.64,4.51,69.84,45.3,58.67,85.24,4.94,96.19,2,2,3.18,77.47,55.63,60.99,58.28,53.57,61.89,70.29,3,B,Pass,0
STU1339,Sophia,Female,Private,Grade 5,Science,Post Graduate,98.89,8.55,66.05,79.19,99.31,42.14,4.64,56.04,1,1,2.46,69.38,58.31,42.15,51.16,58.99,62.58,80.63,3,B,Pass,1
STU1340,Vivaan,Male,Semi-Government,Grade 5,Science,Graduate,69.06,5.7,78.31,65.81,6.63,38.88,3.98,41.73,4,5,4.24,55.55,51.56,77.74,92.71,79.14,58.5,60.05,3,C,Pass,1
STU1341,Kabir,Female,Government,Grade 5,Math's,Graduate,24.8,9.27,79.99,44.42,75.74,59.0,8.97,61.1,7,1,6.29,66.95,61.07,91.72,57.51,50.68,63.39,91.54,3,A,Pass,1
STU1342,Riya,Female,Government,Grade 5,Phys.Ed,High School,41.73,6.5,86.71,68.81,21.62,81.88,7.29,52.65,6,3,5.77,46.1,80.52,40.94,51.82,41.36,54.13,85.0,2,A,Pass,0
STU1343,Mason,Male,Private,Grade 5,Arts,Graduate,50.5,6.39,70.49,97.58,47.34,6.65,7.27,94.82,4,1,4.56,75.47,67.47,51.41,68.23,96.88,63.88,73.88,3,B,Not Attended,1
STU1344,Isha,Female,Private,Grade 5,Arts,Post Graduate,41.74,5.44,88.03,57.29,64.64,71.8,3.48,40.67,5,1,3.39,77.41,55.61,66.92,39.3,57.72,61.34,66.78,3,C,Pass,0
STU1345,Kabir,Female,Government,Grade 1,Math's,High School,29.97,6.27,66.87,54.43,71.42,46.1,12.24,56.29,4,2,6.8,90.42,60.71,50.94,52.0,50.75,59.6,71.49,3,B,Pass,0
STU1346,Liam,Female,Government,Grade 2,Arts,High School,104.41,5.31,68.45,61.42,63.58,57.04,6.25,65.99,6,0,4.6,61.47,83.37,49.21,71.99,66.03,64.26,71.02,3,B,Pass,0
STU1347,Emma,Female,Government,Grade 5,Arts,High School,68.33,6.13,82.64,58.58,48.57,100.0,0.0,100.0,5,1,2.0,62.17,54.44,23.34,66.56,63.78,59.68,83.49,3,B,Fail,1
STU1348,Jack,Male,Government,Grade 5,Phys.Ed,Post Graduate,78.2,5.34,60.5,87.52,88.4,70.62,2.44,42.73,5,3,3.48,42.03,74.43,50.87,90.08,78.09,72.76,73.1,4,B,Pass,1
STU1349,Riya,Male,Private,Grade 3,Math's,Post Graduate,0.0,7.6,59.34,64.53,74.8,42.68,1.33,65.56,3,3,2.33,60.82,100.0,43.08,56.48,63.39,63.22,78.48,3,B,Fail,1
STU1350,Ethan,Male,Private,Grade 2,English,Graduate,72.09,5.33,72.83,68.2,60.41,47.47,6.03,56.45,7,2,5.36,69.18,51.89,48.75,55.29,70.09,58.91,86.28,3,A,Pass,0
STU1351,Robert,Male,Government,Grade 4,English,High School,30.42,5.88,62.31,69.37,52.23,47.44,4.39,61.72,6,5,5.11,70.19,91.16,67.24,83.91,39.94,65.18,74.71,3,B,Pass,0
STU1352,Zen,Female,Private,Grade 4,Phys.Ed,High School,33.3,5.99,35.75,27.93,87.71,29.36,6.43,90.63,4,1,4.22,45.16,48.47,38.54,67.19,57.14,50.19,74.92,2,B,Fail,1
STU1353,Noah,Male,Private,Grade 1,Phys.Ed,Graduate,53.39,7.25,58.2,76.67,75.49,52.6,11.19,67.45,4,4,6.88,55.94,55.59,63.53,72.17,98.17,68.77,72.9,3,B,Not Attended,1
STU1354,Cal,Female,Semi-Government,Grade 5,English,Graduate,73.93,7.58,41.9,65.19,40.66,38.7,7.47,48.01,3,3,4.79,66.85,48.5,41.85,39.3,71.97,51.63,65.67,2,C,Fail,1
STU1355,Sophia,Female,Private,Grade 3,English,High School,44.04,8.43,69.45,37.07,70.48,78.42,7.6,76.53,5,4,5.79,31.95,72.12,68.12,70.1,72.94,62.65,83.83,3,B,Pass,1
STU1356,Isha,Male,Semi-Government,Grade 2,Science,High School,59.03,4.41,81.07,40.29,63.81,11.13,3.41,62.97,4,4,3.76,71.05,52.82,63.54,57.46,68.89,53.62,50.53,2,D,Pass,1
STU1357,Isha,Female,Private,Grade 4,Phys.Ed,Graduate,21.01,4.88,84.58,67.14,46.25,24.28,7.42,43.05,3,3,4.77,49.28,73.34,45.11,50.11,55.7,51.4,46.14,2,D,Pass,1
STU1358,Robert,Male,Government,Grade 4,Arts,High School,72.84,5.03,87.49,40.11,74.67,83.79,2.97,59.66,7,0,3.64,61.73,93.68,56.54,63.23,53.51,65.91,90.21,3,A,Pass,1
STU1359,Jack,Male,Private,Grade 2,English,Post Graduate,32.7,5.21,47.67,52.28,32.89,87.2,3.77,89.65,4,1,3.16,65.97,91.52,35.95,61.07,79.62,63.31,66.92,3,C,Not Attended,1
STU1360,Diya,Male,Semi-Government,Grade 1,Science,Post Graduate,53.8,6.14,50.96,83.66,54.02,74.24,7.54,47.06,4,3,5.17,68.5,50.47,68.01,65.88,87.62,69.05,76.77,3,B,Fail,1
STU1361,Michal,Male,Semi-Government,Grade 3,Arts,High School,39.24,6.38,78.83,64.11,54.26,80.74,9.19,23.42,4,2,5.58,67.55,75.5,99.06,58.83,39.83,67.48,75.24,3,B,Pass,0
STU1362,Sophia,Male,Semi-Government,Grade 1,Arts,High School,33.85,4.28,59.97,49.33,44.51,62.78,5.68,84.95,3,3,4.07,37.73,91.04,62.56,51.46,56.96,57.04,44.17,3,D,Fail,1
STU1363,Sara,Male,Semi-Government,Grade 2,English,Graduate,91.14,3.95,69.42,81.22,57.1,65.65,9.92,27.02,3,2,5.52,67.99,59.21,83.08,63.82,60.25,67.29,57.25,3,C,Pass,0
STU1364,Diya,Female,Private,Grade 1,English,Post Graduate,31.23,7.07,56.21,33.23,69.99,53.27,1.38,62.22,10,2,4.55,45.87,66.72,37.81,65.36,28.97,50.15,87.35,2,A,Pass,1
STU1365,Robert,Male,Government,Grade 5,Arts,High School,62.39,7.97,71.11,71.61,75.35,25.83,12.93,59.86,7,1,7.87,63.71,85.94,42.36,59.47,53.51,59.72,86.82,3,A,Pass,1
STU1366,Lucas,Male,Government,Grade 2,Math's,Graduate,26.75,9.5,55.6,84.49,55.1,12.2,8.61,21.09,1,0,3.79,51.49,82.11,58.22,78.39,72.12,61.77,85.56,3,A,Pass,1
STU1367,Kabir,Male,Private,Grade 2,English,High School,51.08,2.17,91.66,68.77,73.08,33.95,1.95,93.61,5,1,2.78,44.26,84.42,75.7,65.63,43.19,61.13,73.81,3,B,Fail,1
STU1368,Jack,Male,Semi-Government,Grade 3,Science,Post Graduate,0.0,5.63,71.75,46.03,72.43,42.89,8.54,58.98,1,2,4.27,56.87,54.23,62.14,58.38,76.21,58.65,89.72,3,A,Pass,1
STU1369,Kabir,Male,Semi-Government,Grade 3,Science,Graduate,28.49,6.12,63.6,65.47,36.61,37.57,0.0,31.48,6,3,2.85,69.22,61.07,71.36,49.48,95.29,60.76,56.66,3,C,Pass,1
STU1370,Vivaan,Female,Government,Grade 2,Math's,Graduate,34.14,8.17,88.19,80.17,40.64,35.21,9.85,76.82,6,2,6.54,47.95,23.62,85.1,63.33,60.12,54.52,99.21,2,A,Pass,1
STU1371,Mack,Male,Government,Grade 4,English,Post Graduate,49.01,6.07,74.96,92.42,83.52,22.24,4.74,64.32,5,2,4.15,57.81,58.0,33.75,60.0,65.75,59.19,59.56,3,C,Pass,1
STU1372,Noah,Male,Government,Grade 5,Math's,Graduate,60.44,4.21,72.15,91.12,37.33,90.5,2.56,51.43,4,1,2.67,36.05,75.2,38.3,64.71,56.64,61.23,75.28,3,B,Pass,1
STU1373,Riya,Male,Government,Grade 5,Phys.Ed,Post Graduate,12.86,5.84,75.64,34.51,50.37,33.99,3.03,51.28,2,4,2.91,97.13,49.9,77.95,42.18,79.96,58.25,64.14,3,C,Pass,1
STU1374,Vivaan,Female,Government,Grade 2,Arts,High School,42.6,6.14,100.0,98.92,70.09,29.05,2.0,59.54,3,3,2.6,61.72,71.22,50.81,47.8,73.33,62.87,61.83,3,C,Pass,1
STU1375,Aarav,Male,Semi-Government,Grade 2,English,Graduate,51.66,7.83,71.31,32.84,80.17,100.0,0.0,73.34,3,1,1.3,67.57,56.04,83.05,61.26,76.76,69.71,90.78,3,A,Pass,1
STU1376,Mia,Female,Government,Grade 5,Phys.Ed,High School,65.41,6.05,57.9,100.0,79.99,73.95,2.67,94.6,4,2,2.97,50.01,65.42,85.97,76.95,50.93,72.9,95.5,4,A,Not Attended,1
STU1377,Mack,Female,Government,Grade 5,Science,Graduate,44.93,6.43,55.68,66.01,39.58,77.31,2.45,58.5,3,3,2.78,32.59,85.83,58.73,93.33,57.6,63.87,80.55,3,B,Fail,1
STU1378,Vivaan,Female,Government,Grade 1,Arts,High School,17.66,6.83,49.82,21.59,53.36,59.04,15.6,95.99,7,3,9.44,63.74,75.5,41.86,39.0,47.98,50.26,74.65,2,B,Pass,1
STU1379,Damon,Female,Private,Grade 1,English,High School,13.49,5.98,73.17,88.34,67.59,98.48,7.18,59.14,3,3,4.67,65.5,65.52,98.46,51.74,79.39,76.88,99.55,4,A,Pass,0
STU1380,Mason,Male,Private,Grade 5,English,Post Graduate,96.94,6.85,79.0,53.2,48.27,61.32,7.16,97.24,5,1,4.86,29.82,78.8,26.24,42.13,46.77,48.32,76.11,2,B,Pass,0
STU1381,Lucas,Male,Government,Grade 4,Science,Graduate,44.5,7.65,77.68,71.6,71.48,78.09,3.45,64.37,2,3,2.83,66.42,67.93,52.32,67.99,58.59,66.8,91.43,3,A,Pass,0
STU1382,Mason,Male,Private,Grade 1,English,Graduate,0.0,6.07,44.29,52.29,62.48,72.13,0.0,25.0,3,3,1.8,62.87,82.11,62.09,80.5,74.46,68.62,57.31,3,C,Pass,1
STU1383,Aarav,Female,Private,Grade 5,English,High School,42.52,6.35,61.29,21.28,68.2,67.0,8.68,84.8,5,5,6.47,69.38,87.46,67.4,60.6,70.33,63.96,81.68,3,B,Pass,1
STU1384,Emma,Female,Private,Grade 3,English,High School,82.0,9.22,72.06,60.29,56.79,91.11,7.69,54.77,3,1,4.38,56.44,40.37,100.0,52.67,73.69,66.42,89.12,3,A,Pass,0
STU1385,Liam,Male,Government,Grade 4,Math's,Graduate,77.93,6.93,78.77,36.95,43.19,43.6,14.0,52.83,2,1,6.55,57.38,65.09,73.75,58.06,68.22,55.78,70.19,3,B,Pass,1
STU1386,Tyler,Male,Government,Grade 5,Science,High School,30.95,4.88,40.59,53.17,38.23,40.48,3.79,76.88,2,2,2.72,66.37,84.19,56.61,59.17,70.12,58.54,60.8,3,C,Fail,1
STU1387,Mason,Male,Private,Grade 3,English,Graduate,37.61,6.87,56.46,70.83,76.91,67.67,6.8,41.6,5,2,4.97,60.67,67.69,36.91,52.08,63.59,62.04,77.06,3,B,Not Attended,1
STU1388,Isha,Female,Government,Grade 3,Math's,Post Graduate,73.58,4.68,81.62,65.89,80.21,62.58,1.71,0.0,5,2,2.93,59.16,70.28,68.61,72.81,80.02,69.95,67.92,3,C,Not Attended,1
STU1389,Robert,Male,Private,Grade 5,English,High School,12.82,4.86,44.27,64.46,70.45,67.05,10.28,87.51,4,3,6.26,61.55,73.33,37.93,51.16,70.71,62.08,81.83,3,B,Not Attended,1
STU1390,Olivia,Male,Private,Grade 4,Math's,High School,63.99,7.45,69.51,80.7,71.72,24.62,9.98,45.21,3,1,5.29,61.91,84.45,61.26,34.95,43.32,57.87,99.58,3,A,Fail,1
STU1391,Hudson,Female,Government,Grade 4,Phys.Ed,High School,29.95,5.81,100.0,47.67,45.01,75.79,9.73,66.72,4,3,6.04,69.31,45.48,52.46,57.83,37.7,53.91,92.91,2,A,Pass,0
STU1392,Tyler,Male,Private,Grade 1,Arts,Graduate,74.81,5.79,85.47,32.06,88.37,76.25,3.65,51.53,5,3,3.96,53.45,62.92,94.28,60.08,86.02,69.18,63.18,3,C,Pass,1
STU1393,Riya,Female,Private,Grade 3,English,High School,61.38,6.74,76.31,67.86,71.94,91.68,2.77,47.8,2,3,2.56,24.69,59.82,47.81,67.67,45.59,59.63,70.72,3,B,Pass,1
STU1394,Sara,Male,Private,Grade 4,Math's,High School,8.08,8.18,47.51,68.11,100.0,59.92,6.36,71.47,6,2,5.14,60.14,64.27,50.46,73.31,80.25,69.56,79.09,3,B,Pass,1
STU1395,Meera,Male,Government,Grade 5,Phys.Ed,High School,29.63,7.26,63.12,71.68,81.66,72.65,6.41,68.29,3,1,3.86,55.06,55.67,68.09,65.56,59.56,66.24,85.64,3,A,Pass,0
STU1396,Liam,Female,Government,Grade 5,English,Graduate,49.9,8.69,79.4,42.42,90.51,79.16,4.38,42.13,6,1,4.1,75.27,49.29,80.93,76.8,64.48,69.86,94.27,3,A,Pass,1
STU1397,Vivaan,Male,Government,Grade 4,Arts,High School,33.93,4.67,83.6,36.49,96.55,56.43,13.8,46.35,4,1,7.17,34.6,69.8,66.2,62.47,66.64,61.15,66.08,3,C,Fail,1
STU1398,Ava,Male,Government,Grade 4,Math's,High School,33.58,7.96,70.51,43.82,73.68,70.52,3.88,28.97,3,3,3.35,48.14,70.87,81.06,66.19,95.92,68.77,80.45,3,B,Pass,1
STU1399,Liam,Male,Private,Grade 5,Arts,Graduate,41.39,7.43,100.0,58.28,43.96,100.0,8.72,38.25,4,1,5.14,44.37,53.95,60.16,50.82,91.25,62.85,84.4,3,B,Pass,0
STU1400,Cal,Male,Private,Grade 5,Math's,Graduate,16.72,6.88,92.86,52.46,97.74,22.7,5.53,46.44,5,0,3.96,78.66,61.88,64.9,55.69,78.06,64.01,76.5,3,B,Pass,1
STU1401,Liam,Female,Private,Grade 2,Science,High School,3.82,7.15,100.0,54.87,54.04,45.36,4.85,74.69,2,2,3.14,68.83,44.72,46.6,51.8,48.96,51.9,84.97,2,B,Pass,0
STU1402,Diya,Male,Government,Grade 4,English,Graduate,34.73,7.92,68.3,34.81,29.8,84.73,10.94,65.08,5,1,6.38,73.74,50.54,35.95,66.82,61.34,54.71,88.58,2,A,Pass,1
STU1403,Vivaan,Female,Private,Grade 5,Phys.Ed,High School,77.87,7.64,77.31,45.39,56.52,70.08,5.79,100.0,2,0,3.02,76.25,58.39,53.4,46.98,53.99,57.62,85.25,3,A,Pass,0
STU1404,Aditya,Male,Government,Grade 3,Math's,Post Graduate,70.07,6.62,56.96,45.82,78.42,40.49,6.01,55.35,5,2,4.65,32.54,81.29,48.83,57.95,64.36,56.21,72.59,3,B,Not Attended,1
STU1405,Zen,Female,Private,Grade 5,Arts,Graduate,41.18,7.5,53.64,80.68,88.54,41.76,17.48,85.07,0,0,6.99,30.84,64.72,67.6,64.69,42.03,60.11,83.91,3,B,Not Attended,1
STU1406,Anaya,Female,Private,Grade 5,English,Post Graduate,66.67,4.93,58.59,49.61,60.74,45.59,6.38,95.89,6,0,4.65,68.41,55.19,46.67,65.68,69.98,57.73,84.16,3,B,Not Attended,1
STU1407,Hudson,Male,Private,Grade 3,Arts,Graduate,20.89,7.61,77.69,58.71,45.47,73.08,7.22,29.33,3,1,4.19,49.53,85.47,78.52,52.66,75.7,64.89,89.15,3,A,Pass,0
STU1408,Zen,Female,Private,Grade 2,Phys.Ed,Graduate,72.19,3.66,73.22,73.62,47.62,88.93,3.26,68.84,2,0,2.0,73.52,68.11,72.03,70.59,54.54,68.62,80.15,3,B,Pass,0
STU1409,Hudson,Female,Government,Grade 3,Math's,Graduate,53.9,6.17,79.81,55.47,65.35,69.26,5.75,59.84,7,3,5.5,49.98,56.44,51.95,57.47,53.67,57.45,78.27,3,B,Pass,0
STU1410,Noah,Female,Government,Grade 1,Science,Graduate,63.61,4.83,83.51,59.04,82.04,72.09,4.82,76.45,3,6,4.48,57.9,60.78,82.58,70.38,53.87,67.34,91.65,3,A,Fail,0
STU1411,Riya,Male,Private,Grade 3,Arts,High School,15.46,4.38,77.6,62.98,66.24,34.84,10.15,77.39,3,1,5.36,39.37,85.03,79.45,69.87,71.82,63.7,78.92,3,B,Fail,1
STU1412,Meera,Female,Semi-Government,Grade 4,English,Graduate,74.59,5.57,74.64,58.45,55.86,70.96,3.17,36.67,1,5,2.87,60.97,77.84,60.79,67.36,70.61,65.36,66.06,3,C,Pass,0
STU1413,Anaya,Female,Private,Grade 2,Phys.Ed,Post Graduate,17.44,7.48,52.07,47.16,85.16,66.12,7.26,53.27,4,0,4.3,51.08,93.63,56.14,51.73,98.75,68.72,78.18,3,B,Pass,1
STU1414,Emma,Male,Private,Grade 5,Science,Graduate,44.45,8.49,81.86,58.09,77.1,54.98,0.0,24.94,1,1,0.6,41.26,54.16,73.58,51.19,79.67,61.25,70.39,3,B,Pass,1
STU1415,Aarav,Male,Government,Grade 3,Science,Graduate,91.25,6.01,63.95,67.45,61.68,41.54,6.48,74.15,5,5,5.59,29.23,72.43,67.19,40.31,79.0,57.35,85.59,3,A,Fail,1
STU1416,Robert,Male,Government,Grade 4,Science,Graduate,36.67,5.62,68.62,78.44,52.42,9.11,9.24,47.45,5,2,5.95,57.52,55.28,57.95,55.86,79.34,55.74,69.74,3,C,Pass,1
STU1417,Kabir,Female,Semi-Government,Grade 2,Science,Graduate,22.0,6.01,77.08,7.7,76.42,44.98,1.98,33.9,9,4,4.94,57.13,36.12,39.96,47.64,70.19,47.52,60.69,2,C,Fail,1
STU1418,Lucas,Male,Government,Grade 5,Science,Graduate,56.09,6.5,100.0,61.87,83.04,44.22,0.0,71.45,6,4,3.1,69.84,88.66,51.75,54.93,46.84,62.64,80.5,3,B,Pass,1
STU1419,Zen,Female,Semi-Government,Grade 2,English,Post Graduate,15.67,6.94,76.61,38.62,59.24,63.22,2.48,42.15,3,2,2.54,87.97,71.78,66.41,63.99,42.8,61.75,65.11,3,C,Pass,1
STU1420,Sophia,Male,Government,Grade 2,Arts,High School,31.72,6.61,73.42,62.56,64.3,27.12,0.0,43.4,2,7,2.45,55.06,57.53,68.82,71.21,55.45,57.76,66.99,3,C,Pass,1
STU1421,Damon,Female,Private,Grade 2,Arts,High School,76.36,8.21,62.82,83.72,37.65,40.29,7.65,72.72,5,5,6.06,84.35,64.65,78.73,56.89,55.57,62.73,79.86,3,B,Not Attended,1
STU1422,Sara,Male,Private,Grade 2,Phys.Ed,High School,47.26,6.69,88.97,86.54,59.27,70.57,4.37,88.32,6,2,4.35,76.55,55.72,62.96,58.73,74.03,68.05,100.0,3,A,Pass,0
STU1423,Kabir,Female,Semi-Government,Grade 3,Phys.Ed,Graduate,62.23,4.73,74.88,39.87,45.12,85.58,8.15,68.32,3,2,4.81,54.02,59.2,52.82,68.37,68.35,59.17,67.49,3,C,Pass,1
STU1424,Aditya,Female,Private,Grade 5,Arts,Graduate,22.87,5.66,68.93,53.65,71.14,68.75,8.21,9.95,5,0,5.03,54.37,35.94,56.78,71.13,92.69,63.06,67.07,3,C,Pass,0
STU1425,Zen,Female,Private,Grade 2,Math's,Post Graduate,13.03,5.1,100.0,57.08,64.39,59.0,2.97,70.28,10,3,5.44,89.81,69.37,62.47,79.72,51.07,66.61,83.75,3,B,Pass,1
STU1426,Damon,Female,Government,Grade 5,Phys.Ed,Post Graduate,20.58,9.84,82.39,49.26,76.8,76.09,5.98,56.13,6,2,4.99,54.11,60.81,47.35,51.04,69.49,60.62,100.0,3,A,Pass,0
STU1427,Aditya,Male,Semi-Government,Grade 4,Science,Graduate,52.76,4.6,77.33,50.17,100.0,79.85,10.64,67.0,2,2,5.46,67.95,47.48,77.31,92.48,38.43,69.21,85.01,3,A,Pass,0
STU1428,Isha,Female,Private,Grade 5,Math's,High School,71.72,7.5,96.09,66.36,42.29,72.09,9.25,49.19,3,1,5.0,73.84,77.54,89.08,65.06,86.62,71.61,89.98,4,A,Pass,0
STU1429,Shawn,Male,Private,Grade 3,Arts,Graduate,55.75,3.35,89.68,80.5,66.6,75.52,10.28,66.46,0,1,4.36,57.05,58.77,53.41,32.67,54.7,59.9,66.55,3,C,Pass,0
STU1430,Vivaan,Female,Government,Grade 4,Phys.Ed,High School,45.34,7.1,78.02,39.95,47.18,13.19,11.96,49.92,2,1,5.73,61.84,41.25,39.86,29.69,41.52,39.31,70.3,1,B,Pass,1
STU1431,Vivaan,Female,Private,Grade 5,English,High School,73.19,5.38,95.84,15.13,83.73,50.86,2.95,63.09,4,1,2.83,64.73,53.91,81.99,77.57,51.8,59.97,90.49,3,A,Pass,1
STU1432,Ava,Female,Private,Grade 1,Math's,High School,67.97,7.5,75.53,61.72,78.09,97.85,7.13,72.8,3,3,4.65,67.36,75.91,61.51,54.81,85.06,72.79,94.53,4,A,Pass,0
STU1433,Ava,Female,Government,Grade 2,Phys.Ed,Graduate,9.16,4.99,72.96,5.53,44.72,42.72,3.52,80.32,4,1,3.06,70.3,70.17,66.86,46.68,49.79,49.6,54.66,2,D,Pass,1
STU1434,Liam,Male,Private,Grade 4,Math's,High School,20.28,6.1,66.85,32.23,83.19,85.59,5.65,73.84,2,2,3.46,51.73,61.96,52.36,59.46,79.91,63.3,62.15,3,C,Not Attended,1
STU1435,Ethan,Female,Semi-Government,Grade 1,Arts,High School,74.02,7.05,100.0,48.7,76.5,77.35,5.12,43.59,9,0,5.2,70.03,67.56,82.33,60.37,62.84,68.21,96.79,3,A,Pass,0
STU1436,Aditya,Male,Government,Grade 2,Math's,Post Graduate,66.4,5.35,81.24,30.93,63.91,40.16,4.56,16.77,1,1,2.42,54.61,41.26,54.17,79.5,67.37,53.99,45.4,2,D,Pass,1
STU1437,Vivaan,Female,Private,Grade 2,Arts,High School,16.26,6.22,73.94,62.28,75.37,55.21,10.93,19.86,8,3,7.92,81.59,71.31,36.12,55.57,72.18,63.7,91.88,3,A,Fail,0
STU1438,Hudson,Male,Government,Grade 4,Arts,Post Graduate,50.83,7.22,100.0,33.61,69.09,46.39,9.68,26.78,7,3,7.07,62.54,77.45,48.0,44.29,86.17,58.44,70.52,3,B,Pass,1
STU1439,Noah,Male,Semi-Government,Grade 1,Math's,High School,61.25,7.38,61.25,51.57,51.43,12.83,11.68,71.2,3,5,6.97,62.76,32.85,72.22,61.86,94.91,55.05,85.06,3,A,Pass,1
STU1440,Anaya,Female,Government,Grade 5,Arts,High School,0.0,7.89,96.98,81.86,57.03,56.58,2.61,72.41,5,1,3.04,44.43,69.0,59.52,89.66,68.95,65.88,89.17,3,A,Pass,1
STU1441,Sophia,Female,Government,Grade 1,Arts,Graduate,63.63,6.38,100.0,72.83,60.69,56.75,0.42,22.67,4,1,1.82,62.92,77.48,95.54,44.98,68.54,67.47,66.22,3,C,Pass,1
STU1442,Sophia,Male,Government,Grade 3,Science,Post Graduate,62.03,7.65,72.48,73.83,60.81,80.34,8.78,68.7,7,1,6.21,49.04,85.08,62.5,81.7,52.44,68.22,91.25,3,A,Not Attended,0
STU1443,Riya,Female,Semi-Government,Grade 2,Science,Graduate,55.37,5.88,74.8,57.26,56.34,71.64,2.53,69.59,1,3,2.11,48.68,56.62,51.0,58.78,83.68,60.5,77.52,3,B,Pass,1
STU1444,Michal,Female,Private,Grade 5,Math's,Graduate,39.35,5.66,57.99,24.85,61.19,55.5,7.19,79.86,6,0,4.98,74.14,52.11,65.8,68.96,69.9,59.06,45.8,3,D,Not Attended,1
STU1445,Hudson,Female,Private,Grade 4,Math's,High School,81.27,6.94,64.83,42.19,92.78,34.59,4.53,79.67,3,2,3.36,92.76,70.03,67.94,70.76,84.57,69.45,68.39,3,C,Fail,1
STU1446,Mack,Female,Government,Grade 2,Science,Post Graduate,31.59,7.55,84.66,40.8,39.64,31.41,8.68,45.75,7,2,6.42,61.19,68.2,68.93,79.97,47.67,54.73,66.35,2,C,Pass,1
STU1447,Cal,Male,Semi-Government,Grade 2,Science,Graduate,32.57,6.48,54.06,87.42,43.91,77.91,14.08,47.56,3,2,7.18,92.26,70.05,38.19,47.5,87.92,68.15,79.15,3,B,Not Attended,1
STU1448,Noah,Female,Government,Grade 1,Math's,High School,67.64,7.53,100.0,63.06,74.41,47.52,6.99,42.57,4,1,4.45,47.73,60.29,81.53,57.63,67.08,62.41,85.13,3,A,Pass,0
STU1449,Noah,Male,Private,Grade 5,English,High School,34.1,5.33,50.69,81.3,52.36,69.45,5.46,87.8,1,1,2.78,20.68,44.88,66.12,63.33,53.86,56.5,72.28,3,B,Pass,1
STU1450,Damon,Male,Private,Grade 5,Phys.Ed,High School,89.43,7.01,58.35,36.71,43.48,66.73,0.71,79.1,5,1,2.28,76.16,44.27,57.9,59.44,72.7,57.17,62.15,3,C,Fail,1
STU1451,Meera,Female,Private,Grade 1,Arts,Graduate,35.06,6.42,57.66,71.76,81.82,29.2,8.65,37.35,4,2,5.36,62.81,82.97,75.73,58.73,63.93,65.87,70.03,3,B,Fail,1
STU1452,Olivia,Female,Government,Grade 1,Phys.Ed,Graduate,72.44,5.72,84.04,59.54,83.84,78.87,3.0,69.23,1,3,2.3,54.76,69.36,43.77,58.29,58.87,63.41,83.87,3,B,Pass,0
STU1453,Shawn,Female,Government,Grade 5,Phys.Ed,Graduate,57.34,9.24,63.71,45.82,79.08,82.99,9.9,40.69,9,2,7.61,75.25,89.96,74.05,46.29,62.3,69.47,95.87,3,A,Not Attended,0
STU1454,Hudson,Female,Government,Grade 2,Math's,High School,0.0,6.26,100.0,61.45,39.2,74.55,7.8,68.92,3,6,5.67,41.04,72.41,95.55,90.51,56.42,66.39,80.13,3,B,Pass,0
STU1455,Tyler,Female,Government,Grade 2,Science,High School,69.88,5.6,77.4,84.47,62.44,26.19,1.07,70.52,5,1,2.43,56.99,53.65,100.0,55.48,78.8,64.75,62.41,3,C,Pass,1
STU1456,Riya,Female,Government,Grade 4,Math's,Graduate,33.2,6.56,87.53,56.05,87.43,62.53,7.89,73.01,3,0,4.21,72.86,65.21,87.66,65.6,26.02,65.42,79.22,3,B,Pass,0
STU1457,Zen,Male,Government,Grade 4,Science,High School,58.92,8.66,53.77,31.62,82.72,86.49,3.11,60.42,2,2,2.44,57.44,67.82,31.14,65.82,74.86,62.24,78.23,3,B,Pass,1
STU1458,Anaya,Female,Private,Grade 1,English,Graduate,59.02,6.38,75.06,52.94,34.47,31.86,7.83,52.62,0,1,3.38,48.97,73.25,57.75,77.03,42.11,52.3,64.81,2,C,Pass,1
STU1459,Meera,Female,Government,Grade 3,Science,High School,56.39,7.28,89.39,22.92,63.39,69.81,7.74,86.49,5,2,5.35,36.74,50.32,81.78,45.09,86.07,57.01,80.29,3,B,Pass,1
STU1460,Mason,Male,Government,Grade 5,English,High School,57.11,6.17,57.88,72.36,86.32,22.67,14.76,72.97,5,1,7.9,50.71,63.87,56.36,51.18,46.1,56.2,75.34,3,B,Not Attended,1
STU1461,Aditya,Male,Semi-Government,Grade 5,Science,High School,0.0,3.43,89.44,57.0,78.0,84.45,7.77,68.79,3,0,4.16,76.87,62.19,54.17,51.36,44.71,63.59,83.8,3,B,Pass,0
STU1462,Lucas,Female,Private,Grade 2,Arts,Graduate,34.59,7.05,34.31,84.63,73.21,56.39,8.26,82.51,5,2,5.55,79.07,76.21,51.31,70.17,63.15,69.27,79.54,3,B,Not Attended,1
STU1463,Aditya,Male,Private,Grade 1,Arts,High School,64.52,7.06,63.8,34.16,47.96,61.79,7.93,92.03,5,3,5.67,34.99,93.45,35.91,51.28,46.51,50.76,76.31,2,B,Fail,1
STU1464,Hudson,Male,Private,Grade 2,Math's,High School,25.78,7.3,93.68,22.37,75.38,100.0,9.84,79.57,4,2,5.84,75.55,66.24,98.74,58.48,81.33,72.26,86.0,4,A,Pass,1
STU1465,Sara,Male,Private,Grade 5,Math's,High School,69.08,6.87,98.29,74.4,62.54,80.97,10.65,50.16,1,0,4.61,46.61,73.72,38.16,42.65,52.72,58.97,84.61,3,B,Pass,0
STU1466,Meera,Female,Semi-Government,Grade 5,Phys.Ed,Post Graduate,44.56,7.55,58.14,41.84,70.48,30.78,12.93,63.47,5,3,7.67,70.56,71.98,20.19,76.09,79.63,57.69,81.66,3,B,Not Attended,1
STU1467,Aditya,Male,Semi-Government,Grade 5,Phys.Ed,High School,41.91,6.19,83.99,46.38,100.0,37.38,8.45,18.62,5,4,6.13,54.78,100.0,72.02,72.8,50.86,66.78,83.0,3,B,Pass,1
STU1468,Michal,Female,Private,Grade 2,Math's,High School,41.57,6.64,95.23,74.71,68.8,100.0,2.55,65.68,4,4,3.42,63.69,62.37,56.47,55.21,95.98,72.15,94.7,4,A,Pass,1
STU1469,Sophia,Male,Government,Grade 2,Science,Graduate,14.41,7.25,87.11,46.72,88.8,86.35,7.52,59.09,4,0,4.41,54.93,60.59,38.84,51.97,73.35,62.69,96.19,3,A,Pass,0
STU1470,Jack,Female,Private,Grade 5,Science,High School,42.06,7.36,66.25,69.47,64.72,53.22,4.29,96.6,3,4,3.77,72.57,62.58,73.12,46.67,82.23,65.57,84.74,3,B,Pass,0
STU1471,Anaya,Male,Government,Grade 4,Math's,Graduate,73.59,6.86,53.96,37.12,35.41,62.55,9.68,84.37,7,1,6.57,56.92,59.62,60.87,50.8,68.92,54.03,66.92,2,C,Pass,1
STU1472,Mack,Female,Semi-Government,Grade 5,Phys.Ed,High School,9.73,9.25,49.91,51.19,46.74,67.51,12.55,40.89,4,3,7.17,71.18,98.2,59.43,62.01,64.91,65.15,85.23,3,A,Pass,1
STU1473,Sophia,Female,Private,Grade 2,Science,High School,16.48,6.82,77.48,73.79,63.24,80.28,1.21,39.95,3,2,2.03,72.98,70.52,64.89,58.11,65.33,68.64,77.86,3,B,Pass,1
STU1474,Aarav,Female,Government,Grade 1,Math's,Post Graduate,44.68,6.75,44.38,76.47,50.96,59.08,1.59,38.62,9,0,3.79,62.74,44.48,64.64,70.59,53.85,60.35,70.83,3,B,Fail,1
STU1475,Ava,Male,Private,Grade 5,Phys.Ed,Graduate,8.93,5.62,75.52,41.65,38.55,0.15,14.34,70.85,2,5,7.69,69.62,100.0,45.64,59.6,46.48,50.21,53.64,2,D,Pass,1
STU1476,Kabir,Female,Government,Grade 5,Arts,High School,67.85,5.36,65.49,52.38,29.12,64.22,5.61,93.69,3,3,4.04,67.73,65.63,59.65,62.7,66.37,58.48,73.45,3,B,Pass,0
STU1477,Noah,Male,Semi-Government,Grade 2,Phys.Ed,Graduate,36.28,6.34,62.53,73.15,68.07,80.2,7.36,59.59,7,1,5.64,76.3,56.0,71.58,60.83,54.54,67.58,88.38,3,A,Pass,0
STU1478,Shawn,Female,Government,Grade 5,Math's,High School,43.32,5.31,62.31,42.11,58.9,39.66,5.03,34.45,3,1,3.31,74.99,81.94,58.16,64.4,60.66,60.1,69.11,3,C,Pass,1
STU1479,Mia,Male,Private,Grade 5,Math's,Graduate,54.61,6.14,97.28,64.37,51.71,13.18,4.51,55.45,5,2,4.05,61.6,89.78,60.97,51.7,62.67,57.0,65.65,3,C,Pass,1
STU1480,Sara,Male,Private,Grade 5,English,High School,67.29,7.63,100.0,48.09,51.64,17.21,8.65,44.7,5,3,5.96,63.9,40.38,88.05,56.85,86.7,56.6,71.35,3,B,Pass,1
STU1481,Damon,Male,Private,Grade 1,Phys.Ed,Post Graduate,9.13,6.01,58.09,0.0,48.78,73.41,0.42,37.48,6,3,3.02,47.43,78.83,58.46,62.0,41.95,51.36,49.89,2,D,Fail,1
STU1482,Riya,Male,Private,Grade 3,Math's,Graduate,62.04,7.88,65.61,67.64,88.84,34.96,11.14,65.65,6,1,6.81,63.53,60.35,78.88,66.92,67.73,66.11,85.68,3,A,Pass,1
STU1483,Lucas,Female,Semi-Government,Grade 2,English,Graduate,30.19,7.72,55.98,36.14,71.39,57.27,4.12,91.35,5,2,3.9,50.23,69.39,55.05,63.29,58.42,57.65,85.07,3,A,Fail,1
STU1484,Mason,Male,Government,Grade 5,Arts,High School,56.43,6.36,100.0,76.78,83.85,45.38,2.62,96.88,4,3,3.2,78.34,79.1,83.95,63.08,56.56,70.88,72.86,4,B,Pass,1
STU1485,Hudson,Male,Semi-Government,Grade 2,Science,High School,47.82,5.96,57.56,62.99,54.93,31.81,2.68,100.0,4,2,2.97,77.84,51.42,63.08,60.3,82.12,60.56,85.57,3,A,Pass,1
STU1486,Sophia,Female,Government,Grade 5,English,Graduate,85.7,4.7,63.24,77.55,82.38,68.19,10.86,26.4,3,3,6.14,60.21,87.46,29.45,54.03,59.31,64.82,72.3,3,B,Pass,0
STU1487,Mason,Male,Private,Grade 1,Arts,High School,20.44,5.41,39.81,70.5,100.0,43.04,11.11,66.34,5,0,6.19,66.77,53.94,56.08,72.66,100.0,70.38,83.73,4,B,Fail,1
STU1488,Michal,Female,Private,Grade 4,English,High School,75.58,6.49,70.92,63.87,94.0,74.95,1.87,51.77,5,2,3.0,50.01,81.53,66.69,40.25,58.63,66.24,85.67,3,A,Pass,1
STU1489,Jack,Female,Government,Grade 5,Arts,High School,44.62,5.16,69.96,52.36,70.38,98.5,3.39,73.62,1,2,2.21,44.98,62.01,67.08,62.48,86.67,68.06,84.31,3,B,Pass,0
STU1490,Shawn,Female,Private,Grade 5,Phys.Ed,Graduate,41.01,4.45,59.25,55.53,41.29,24.25,5.12,55.53,9,2,5.7,63.87,100.0,53.21,64.71,77.46,60.04,69.09,3,C,Not Attended,1
STU1491,Kabir,Female,Private,Grade 3,Phys.Ed,Post Graduate,23.2,6.13,100.0,100.0,72.94,47.69,7.08,36.61,2,1,3.78,71.64,49.13,67.15,67.63,60.91,67.14,83.18,3,B,Pass,0
STU1492,Olivia,Female,Government,Grade 4,Science,Graduate,47.89,7.51,59.49,57.93,55.72,63.9,8.32,61.84,2,4,5.03,68.16,73.65,50.97,62.49,71.74,63.07,93.87,3,A,Fail,1
STU1493,Anaya,Female,Private,Grade 5,English,High School,37.26,9.01,55.77,86.19,29.12,58.39,6.98,71.8,4,2,4.69,57.08,73.35,88.62,44.28,39.89,59.61,86.78,3,A,Fail,1
STU1494,Ethan,Male,Government,Grade 5,Phys.Ed,Post Graduate,41.07,7.7,52.88,69.19,99.86,57.12,5.65,53.63,1,1,2.86,57.71,63.63,49.88,59.49,62.38,64.91,97.34,3,A,Fail,1
STU1495,Aditya,Female,Private,Grade 2,Science,High School,47.32,6.87,63.34,56.42,59.17,28.72,9.6,40.58,2,0,4.54,57.88,58.88,91.04,71.98,75.16,62.41,86.07,3,A,Pass,1
STU1496,Damon,Male,Government,Grade 3,Phys.Ed,Post Graduate,19.72,6.1,100.0,54.27,68.47,58.92,5.16,87.05,8,1,5.11,48.16,64.54,70.7,41.87,38.88,55.73,100.0,3,A,Pass,0
STU1497,Sophia,Male,Private,Grade 2,English,High School,23.69,4.7,85.94,41.11,59.45,72.77,4.06,100.0,5,3,4.12,63.52,69.07,31.81,54.06,73.95,58.22,77.51,3,B,Pass,1
STU1498,Isha,Male,Private,Grade 5,Science,Graduate,41.69,9.35,62.46,69.42,51.17,45.31,8.74,61.15,1,2,4.35,68.78,87.6,66.95,72.74,54.59,64.57,92.71,3,A,Pass,0
STU1499,Kabir,Male,Private,Grade 5,Math's,High School,56.65,6.04,58.66,57.73,38.81,80.19,2.13,87.9,3,0,1.9,92.98,85.5,52.25,59.81,90.16,69.68,61.52,3,C,Not Attended,1
STU1500,Hudson,Male,Private,Grade 5,English,Post Graduate,44.95,7.58,59.32,100.0,59.76,87.26,5.52,73.46,2,3,3.66,37.37,75.9,49.69,44.46,53.4,63.48,95.63,3,A,Fail,1
STU1501,Kabir,Male,Semi-Government,Grade 1,Arts,High School,29.61,5.45,56.55,75.96,76.83,59.79,3.29,44.85,3,3,3.12,53.7,80.27,35.98,60.96,49.0,61.56,71.46,3,B,Pass,1
STU1502,Noah,Male,Private,Grade 5,English,High School,46.55,7.8,77.28,28.64,70.04,56.02,1.49,97.12,4,2,2.5,58.59,69.34,89.56,49.28,64.81,60.79,72.45,3,B,Pass,1
STU1503,Jack,Female,Private,Grade 2,Math's,Graduate,68.92,8.27,52.72,53.63,70.09,23.18,11.53,72.12,4,2,6.51,43.26,94.86,64.74,77.22,63.5,61.31,83.22,3,B,Not Attended,1
STU1504,Mack,Female,Private,Grade 3,Arts,High School,38.44,8.77,86.55,19.73,52.67,69.08,7.84,93.87,4,7,6.29,63.79,85.46,60.59,62.36,69.15,60.35,82.68,3,B,Pass,1
STU1505,Mia,Male,Government,Grade 2,Phys.Ed,Graduate,51.2,4.65,92.74,38.53,54.91,100.0,6.37,92.18,4,0,3.95,42.85,58.93,70.17,73.02,62.25,62.58,77.69,3,B,Pass,1
STU1506,Tyler,Female,Semi-Government,Grade 1,Science,High School,45.3,7.72,88.8,68.01,78.34,69.53,1.59,75.15,2,3,2.09,61.72,59.92,63.19,68.46,56.29,65.68,93.86,3,A,Pass,1
STU1507,Isha,Female,Government,Grade 4,English,Graduate,40.14,6.45,94.5,48.14,25.39,88.41,4.25,65.36,2,4,3.4,36.51,81.83,51.92,77.2,90.16,62.44,73.56,3,B,Pass,0
STU1508,Meera,Male,Government,Grade 5,English,High School,15.71,7.84,80.21,62.12,26.17,72.08,8.92,36.25,7,2,6.52,38.38,79.99,55.12,35.79,47.24,52.11,89.09,2,A,Pass,0
STU1509,Meera,Female,Government,Grade 5,Math's,Graduate,35.04,4.16,28.59,49.23,66.78,57.9,1.66,85.99,8,1,3.71,69.48,84.98,47.97,42.03,65.02,60.42,52.97,3,D,Not Attended,1
STU1510,Sara,Female,Government,Grade 5,Science,Graduate,38.58,6.09,100.0,96.31,55.48,100.0,3.86,100.0,4,1,3.19,64.03,45.27,66.26,62.14,66.36,69.48,100.0,3,A,Pass,0
STU1511,Meera,Male,Semi-Government,Grade 4,Math's,High School,24.36,5.15,88.06,94.84,85.0,36.4,8.08,42.85,3,2,4.78,73.71,45.28,44.24,71.29,78.5,66.16,67.04,3,C,Not Attended,1
STU1512,Kabir,Female,Government,Grade 4,Math's,Graduate,57.17,6.37,67.42,43.26,50.76,70.47,2.94,63.04,3,2,2.73,54.79,51.95,74.43,60.81,74.69,60.14,62.91,3,C,Pass,1
STU1513,Robert,Female,Government,Grade 5,English,High School,43.54,4.06,94.52,32.99,81.91,75.87,11.9,43.9,3,0,5.81,49.2,75.13,45.33,35.31,59.51,56.91,67.55,3,C,Pass,1
STU1514,Shawn,Male,Government,Grade 5,Math's,High School,80.11,8.01,83.48,52.64,70.48,39.44,6.3,64.5,3,1,3.82,59.85,72.53,71.02,62.19,36.92,58.13,68.34,3,C,Pass,1
STU1515,Isha,Male,Semi-Government,Grade 2,Arts,High School,72.6,7.23,55.23,46.39,70.67,42.1,4.59,72.58,6,4,4.94,71.09,34.82,50.36,47.61,54.81,52.23,69.79,2,C,Pass,1
STU1516,Meera,Female,Semi-Government,Grade 4,English,Graduate,54.0,8.45,85.29,58.29,90.39,59.47,6.99,42.77,9,0,5.95,76.29,61.34,47.57,65.44,67.66,65.81,93.96,3,A,Pass,0
STU1517,Hudson,Male,Semi-Government,Grade 2,Phys.Ed,High School,68.31,6.93,69.37,87.58,53.64,86.31,6.87,68.6,3,5,5.05,56.03,66.04,73.11,88.93,76.12,73.47,94.21,4,A,Pass,0
STU1518,Shawn,Male,Semi-Government,Grade 5,Math's,High School,53.37,6.7,49.92,49.59,83.97,48.07,9.6,52.87,2,3,5.29,76.92,47.25,79.15,73.45,88.23,68.33,88.29,3,A,Pass,1
STU1519,Ava,Female,Government,Grade 2,Science,High School,31.62,6.44,100.0,65.23,81.64,60.27,0.0,50.86,8,3,3.55,60.05,76.69,76.28,66.23,50.69,67.14,69.62,3,C,Pass,1
STU1520,Shawn,Female,Private,Grade 1,Arts,Graduate,61.56,8.37,55.34,46.19,80.34,61.26,0.0,26.01,6,1,2.35,61.33,44.66,42.29,51.79,52.04,54.99,77.7,2,B,Fail,1
STU1521,Vivaan,Male,Private,Grade 4,English,High School,43.23,6.3,54.44,67.02,65.36,38.76,9.12,99.3,1,0,4.0,52.4,58.7,80.16,50.99,76.61,61.25,95.68,3,A,Fail,1
STU1522,Ethan,Female,Private,Grade 3,Arts,Graduate,35.32,5.34,84.35,100.0,100.0,74.1,4.6,53.18,5,3,4.34,77.8,56.8,39.13,40.47,46.3,66.83,85.46,3,A,Pass,0
STU1523,Riya,Male,Private,Grade 2,Phys.Ed,Graduate,6.92,2.62,66.54,86.4,55.61,43.15,2.91,69.68,4,3,3.31,60.07,41.04,58.9,54.07,36.55,54.47,80.12,2,B,Pass,1
STU1524,Mack,Female,Semi-Government,Grade 4,English,High School,42.98,8.27,65.87,52.1,76.12,42.28,5.45,70.24,4,1,3.83,70.14,61.84,67.82,48.01,54.24,59.07,78.37,3,B,Pass,1
STU1525,Sara,Female,Semi-Government,Grade 4,Math's,High School,48.34,5.14,51.43,98.22,68.72,87.3,1.98,54.29,0,1,1.04,61.16,81.16,48.67,54.95,71.22,71.42,82.78,4,B,Not Attended,1
STU1526,Sophia,Female,Private,Grade 5,Phys.Ed,Post Graduate,20.83,5.35,70.42,36.56,39.82,65.2,6.27,54.0,5,4,5.26,42.75,34.81,31.88,49.94,50.92,43.99,62.85,2,C,Pass,1
STU1527,Michal,Female,Private,Grade 4,Phys.Ed,Post Graduate,7.52,6.05,68.43,56.95,31.52,66.3,3.64,7.44,1,1,2.06,61.22,83.22,72.93,67.66,64.63,63.05,66.95,3,C,Pass,0
STU1528,Vivaan,Female,Private,Grade 2,English,High School,56.26,5.4,79.2,53.05,70.71,47.51,7.69,50.27,2,1,4.03,87.38,53.48,66.93,49.64,63.75,61.56,71.45,3,B,Not Attended,0
STU1529,Noah,Male,Private,Grade 1,Math's,High School,16.1,5.85,60.82,65.84,34.2,49.77,6.03,42.67,2,2,3.61,42.34,63.11,57.04,55.24,60.39,53.49,62.6,2,C,Pass,0
STU1530,Ethan,Female,Government,Grade 4,English,Post Graduate,28.24,3.23,70.87,79.95,62.77,100.0,3.11,54.25,2,3,2.69,85.87,80.75,74.29,58.69,97.06,79.92,80.7,4,B,Not Attended,0
STU1531,Damon,Female,Government,Grade 3,Math's,Graduate,14.91,6.23,48.42,64.84,76.72,36.47,5.64,98.2,3,4,4.31,52.31,80.74,65.24,69.24,82.59,66.02,70.55,3,B,Fail,1
STU1532,Mason,Female,Government,Grade 2,Science,High School,59.57,5.18,54.0,75.35,64.86,55.4,11.02,100.0,2,0,5.11,43.98,83.54,51.49,80.25,60.96,64.48,71.3,3,B,Pass,1
STU1533,Aarav,Male,Government,Grade 5,English,Post Graduate,29.45,7.7,59.63,64.64,85.81,88.39,3.09,57.75,4,3,3.39,55.74,64.02,21.38,58.21,74.77,64.12,86.43,3,A,Not Attended,1
STU1534,Emma,Female,Government,Grade 1,English,Post Graduate,39.59,5.97,77.5,16.95,88.39,99.9,9.66,75.89,3,0,4.91,62.82,67.81,81.2,46.4,67.67,66.39,91.18,3,A,Pass,1
STU1535,Aarav,Male,Government,Grade 5,Arts,Graduate,40.07,8.74,71.66,68.76,90.5,43.88,1.28,68.93,1,4,1.86,97.44,65.66,81.83,30.83,58.75,67.21,74.0,3,B,Pass,1
STU1536,Sara,Female,Private,Grade 1,Science,High School,37.68,7.26,74.0,81.66,80.51,77.42,0.0,81.39,4,4,2.4,74.23,34.64,61.08,63.68,66.69,67.49,86.92,3,A,Pass,1
STU1537,Diya,Female,Government,Grade 3,Arts,Graduate,23.75,10.0,71.2,46.22,61.68,56.04,3.36,50.04,3,2,2.89,72.61,62.74,64.78,56.56,60.84,60.18,82.04,3,B,Pass,0
STU1538,Michal,Female,Government,Grade 2,Arts,Graduate,41.97,6.57,81.62,65.59,6.46,35.09,10.55,33.75,4,1,5.87,58.97,59.34,96.95,68.24,63.16,56.73,42.53,3,D,Pass,1
STU1539,Ava,Female,Government,Grade 2,Science,High School,26.75,5.69,82.38,76.17,64.0,65.11,5.28,92.31,3,1,3.41,67.35,97.54,62.03,69.97,57.58,69.97,83.67,3,B,Pass,0
STU1540,Shawn,Male,Government,Grade 1,Science,High School,28.76,7.88,61.99,14.64,95.62,60.52,12.52,74.46,6,3,7.86,58.19,56.49,17.31,64.58,42.14,51.19,89.59,2,A,Pass,1
STU1541,Cal,Male,Private,Grade 2,Math's,Graduate,23.43,3.82,78.31,87.17,73.55,59.14,12.14,73.86,6,2,7.46,32.75,45.61,89.07,60.89,31.6,59.97,88.56,3,A,Pass,0
STU1542,Emma,Female,Government,Grade 5,Phys.Ed,High School,38.72,5.67,59.93,73.91,85.77,56.84,8.68,68.7,2,3,4.92,88.93,82.3,70.98,72.93,71.26,75.37,81.07,4,B,Fail,1
STU1543,Riya,Female,Private,Grade 5,Arts,Post Graduate,38.68,5.75,91.13,52.18,78.53,77.2,10.85,58.37,2,3,5.79,60.97,43.92,38.52,78.46,57.1,60.86,97.79,3,A,Pass,0
STU1544,Robert,Male,Semi-Government,Grade 5,Science,High School,35.9,3.49,100.0,46.95,67.51,74.0,11.64,100.0,4,1,6.31,49.32,67.5,69.71,30.72,90.45,62.02,70.4,3,B,Pass,0
STU1545,Sophia,Female,Private,Grade 4,Math's,Graduate,21.72,10.0,61.23,92.99,53.47,34.38,4.79,26.63,2,2,3.12,29.98,58.58,44.96,53.9,88.95,57.15,79.8,3,B,Pass,1
STU1546,Isha,Male,Semi-Government,Grade 5,Science,High School,99.71,8.17,77.35,38.99,67.37,81.55,1.07,72.76,3,2,1.98,20.28,67.66,42.86,67.37,79.29,58.17,89.01,3,A,Pass,1
STU1547,Meera,Female,Government,Grade 3,Science,High School,85.96,4.9,76.8,39.55,63.23,49.94,3.75,99.73,4,1,3.15,84.21,64.45,69.84,76.2,80.17,65.95,64.91,3,C,Pass,1
STU1548,Isha,Female,Private,Grade 4,Phys.Ed,High School,29.05,7.98,67.02,74.87,45.13,94.75,5.35,54.08,4,3,4.29,52.07,45.94,67.75,45.9,29.54,56.99,98.56,3,A,Pass,0
STU1549,Emma,Female,Government,Grade 1,Math's,High School,52.05,4.49,87.69,51.01,68.1,47.2,14.08,35.05,5,0,7.38,56.21,56.23,61.15,80.44,73.58,61.74,75.41,3,B,Pass,0
STU1550,Liam,Male,Semi-Government,Grade 3,Phys.Ed,Graduate,41.67,6.85,71.33,66.81,53.17,46.48,0.0,82.88,0,3,0.75,58.41,43.67,48.12,66.63,64.07,55.92,83.51,3,B,Pass,1
STU1551,Jack,Female,Private,Grade 5,English,Graduate,53.75,8.33,75.73,39.4,76.06,23.69,4.77,21.27,7,0,4.36,88.27,65.46,49.3,85.32,75.84,62.92,82.98,3,B,Pass,1
STU1552,Aditya,Male,Government,Grade 5,Arts,High School,46.24,6.36,62.8,59.08,75.26,63.47,5.56,21.67,3,2,3.77,75.03,79.65,68.32,44.83,58.06,65.46,79.11,3,B,Not Attended,0
STU1553,Mack,Male,Semi-Government,Grade 3,Phys.Ed,Graduate,52.67,4.86,82.88,100.0,73.78,48.9,4.6,100.0,4,3,3.99,54.2,88.01,66.45,68.54,74.11,71.75,80.65,4,B,Fail,0
STU1554,Michal,Female,Government,Grade 5,Phys.Ed,Graduate,8.13,5.45,100.0,33.23,45.75,18.51,6.33,81.63,1,0,2.88,50.46,100.0,82.11,48.56,84.25,57.86,74.65,3,B,Pass,1
STU1555,Liam,Male,Semi-Government,Grade 2,Science,Graduate,42.28,5.62,58.4,65.66,100.0,90.09,5.97,73.05,7,3,5.59,53.83,52.83,22.98,45.23,62.32,61.62,91.62,3,A,Pass,1
STU1556,Lucas,Male,Private,Grade 5,Phys.Ed,High School,23.71,5.9,92.54,50.5,63.74,32.5,4.62,43.37,2,3,3.3,76.76,70.28,59.92,53.98,42.58,56.28,70.56,3,B,Pass,1
STU1557,Liam,Female,Private,Grade 5,Phys.Ed,High School,16.95,6.26,37.46,35.5,87.15,28.29,8.8,41.49,4,2,5.42,80.17,94.29,70.45,47.05,87.39,66.29,68.67,3,C,Pass,1
STU1558,Zen,Male,Semi-Government,Grade 5,Phys.Ed,Graduate,50.25,3.77,87.03,68.31,61.59,47.44,3.09,65.8,4,1,2.89,90.16,70.94,27.06,66.49,59.51,61.44,73.02,3,B,Pass,0
STU1559,Shawn,Female,Government,Grade 2,Arts,High School,68.91,6.92,74.74,41.37,87.97,72.67,9.96,20.81,7,3,7.18,60.95,50.42,65.33,59.4,53.33,61.43,91.7,3,A,Pass,1
STU1560,Olivia,Male,Government,Grade 2,English,Graduate,39.13,4.47,68.31,36.94,40.38,32.32,6.88,46.07,3,3,4.55,62.22,94.83,56.66,56.17,59.18,54.84,53.1,2,D,Pass,1
STU1561,Riya,Male,Semi-Government,Grade 5,Math's,Graduate,60.01,4.49,70.71,30.19,51.43,63.23,5.55,74.03,3,1,3.52,73.05,86.88,63.43,77.48,69.14,64.35,62.18,3,C,Pass,1
STU1562,Emma,Male,Government,Grade 2,Science,Graduate,48.79,6.89,77.94,39.25,85.74,80.47,0.0,83.15,3,2,1.55,50.21,72.65,88.77,75.72,50.27,67.88,83.52,3,B,Pass,1
STU1563,Shawn,Male,Private,Grade 5,Science,High School,58.91,7.24,100.0,52.37,58.87,84.04,7.56,43.4,3,2,4.57,49.66,53.88,57.57,68.66,91.22,64.53,86.05,3,A,Pass,0
STU1564,Ethan,Female,Semi-Government,Grade 5,Math's,High School,51.82,8.37,88.22,98.28,67.73,74.54,2.77,71.59,4,3,3.26,56.13,69.75,58.73,51.59,65.04,67.72,96.22,3,A,Pass,1
STU1565,Olivia,Male,Private,Grade 2,Math's,High School,63.15,6.15,69.52,24.85,55.7,54.4,8.89,57.06,2,1,4.51,78.45,49.96,77.92,61.91,65.85,58.63,69.24,3,C,Fail,1
STU1566,Diya,Female,Government,Grade 2,Arts,High School,26.91,5.76,85.24,41.66,60.86,27.79,4.32,31.48,1,5,3.33,59.9,56.47,37.74,78.54,83.4,55.8,60.57,3,C,Pass,1
STU1567,Tyler,Male,Private,Grade 3,Science,High School,64.26,6.48,85.0,26.53,61.09,56.41,5.35,73.89,7,2,5.09,48.53,66.98,59.43,86.95,73.81,59.97,80.29,3,B,Pass,1
STU1568,Ethan,Male,Private,Grade 4,Phys.Ed,High School,44.6,5.69,72.27,86.87,31.75,100.0,6.0,94.27,4,4,4.8,67.02,71.83,66.85,75.8,63.91,70.5,78.57,4,B,Pass,0
STU1569,Aarav,Male,Private,Grade 3,English,High School,40.34,8.66,63.16,63.99,87.23,44.41,6.56,34.7,3,1,3.92,78.51,50.96,50.23,63.3,73.28,63.99,68.96,3,C,Fail,1
STU1570,Liam,Female,Private,Grade 5,Arts,Graduate,67.58,4.4,71.79,50.37,70.12,98.5,1.31,92.33,3,4,2.57,63.41,62.67,70.12,58.8,53.64,65.95,66.86,3,C,Pass,1
STU1571,Damon,Male,Private,Grade 1,Math's,High School,24.38,4.59,83.3,89.39,95.17,51.99,8.37,50.51,4,2,5.25,37.41,70.7,57.83,70.73,71.04,68.03,80.06,3,B,Fail,0
STU1572,Zen,Female,Government,Grade 3,Phys.Ed,Graduate,66.05,10.0,76.83,61.39,54.28,72.45,5.18,73.21,2,1,3.02,64.63,38.56,82.34,48.19,72.2,61.76,91.02,3,A,Pass,0
STU1573,Cal,Male,Semi-Government,Grade 5,English,High School,25.53,8.45,69.96,78.59,61.76,50.1,3.61,66.44,2,2,2.64,35.33,84.98,69.04,55.43,34.7,58.74,84.05,3,B,Fail,0
STU1574,Mason,Male,Private,Grade 5,Arts,High School,6.85,6.73,71.48,86.35,46.72,39.67,1.77,76.29,4,0,2.11,80.49,67.67,36.4,85.17,59.86,62.79,76.53,3,B,Pass,1
STU1575,Riya,Male,Government,Grade 3,Phys.Ed,Post Graduate,3.5,5.29,45.89,37.92,34.59,95.68,14.0,95.43,3,2,7.15,68.56,85.67,48.73,55.15,75.9,62.78,69.48,3,C,Pass,1
STU1576,Damon,Female,Private,Grade 5,Arts,Graduate,83.42,5.4,73.0,62.46,61.59,35.97,6.42,30.47,4,0,3.97,48.36,47.61,40.66,66.42,41.6,50.58,64.59,2,C,Pass,1
STU1577,Anaya,Female,Private,Grade 2,English,High School,0.0,6.45,78.46,83.53,80.29,76.37,7.1,72.66,6,3,5.69,62.22,61.47,72.44,75.81,77.92,73.75,96.29,4,A,Fail,0
STU1578,Ava,Female,Government,Grade 5,Arts,Post Graduate,57.37,6.67,71.62,66.65,41.5,59.61,11.74,62.02,9,1,8.1,44.44,61.05,87.93,58.94,67.95,61.01,63.45,3,C,Pass,0
STU1579,Emma,Male,Government,Grade 4,Math's,High School,43.95,3.15,74.63,74.24,51.53,29.93,11.71,47.03,3,1,5.98,41.13,75.44,57.31,86.77,65.29,60.2,53.74,3,D,Pass,1
STU1580,Noah,Male,Private,Grade 5,Arts,High School,44.02,4.64,61.82,28.04,91.06,60.15,0.0,62.93,3,0,1.05,44.34,75.89,39.36,63.63,83.71,60.77,70.53,3,B,Pass,1
STU1581,Mia,Female,Private,Grade 1,English,High School,65.72,8.22,32.62,27.97,42.39,22.19,4.7,55.94,2,2,3.08,70.54,36.29,52.28,53.63,92.06,49.67,44.15,2,D,Not Attended,1
STU1582,Emma,Female,Semi-Government,Grade 3,Arts,Graduate,36.52,5.26,66.08,39.57,79.55,80.72,12.72,76.42,2,2,6.29,58.07,82.4,52.23,77.16,65.91,66.95,76.11,3,B,Pass,1
STU1583,Lucas,Male,Private,Grade 2,Science,High School,17.89,6.78,85.12,69.68,91.08,34.65,7.46,58.32,7,1,5.68,44.3,40.02,60.11,75.51,100.0,64.42,78.27,3,B,Pass,1
STU1584,Mack,Male,Private,Grade 4,English,Graduate,55.8,5.25,86.58,80.57,87.07,81.3,2.19,61.31,3,1,2.18,57.79,68.14,100.0,76.55,51.55,75.37,75.8,4,B,Pass,1
STU1585,Meera,Male,Government,Grade 4,Phys.Ed,High School,43.2,6.69,100.0,57.95,77.2,29.68,6.01,63.69,5,2,4.65,57.09,61.78,46.65,57.88,66.46,56.84,75.52,3,B,Pass,1
STU1586,Isha,Female,Semi-Government,Grade 2,Phys.Ed,High School,18.4,6.37,63.39,70.42,65.85,82.87,3.04,61.38,6,2,3.82,53.66,64.88,54.09,58.53,88.94,67.41,82.63,3,B,Pass,0
STU1587,Anaya,Male,Government,Grade 4,Math's,High School,47.18,4.01,47.72,50.85,64.03,84.63,4.79,74.78,3,1,3.22,70.64,86.24,88.83,69.28,68.42,72.87,51.83,4,D,Not Attended,1
STU1588,Meera,Male,Government,Grade 5,Phys.Ed,High School,3.53,5.99,73.5,76.85,67.63,32.03,1.5,66.88,5,3,3.1,60.21,99.58,23.6,59.07,62.72,60.21,71.87,3,B,Pass,1
STU1589,Mack,Male,Private,Grade 2,English,High School,75.05,8.61,59.15,23.46,22.21,38.65,3.73,100.0,3,0,2.54,56.84,39.85,85.13,70.48,71.71,51.04,57.86,2,C,Pass,1
STU1590,Riya,Male,Semi-Government,Grade 4,Phys.Ed,High School,40.28,5.43,78.88,88.25,85.34,48.48,11.02,94.12,9,2,8.06,77.48,63.12,63.83,61.77,57.18,68.18,89.93,3,A,Pass,0
STU1591,Diya,Male,Private,Grade 2,Arts,Graduate,60.44,6.51,72.09,20.56,56.37,97.5,11.59,100.0,2,4,6.34,38.28,57.02,66.98,68.57,74.98,60.03,81.25,3,B,Fail,1
STU1592,Anaya,Female,Semi-Government,Grade 4,Phys.Ed,Graduate,39.19,5.07,78.35,69.02,53.54,64.71,5.77,21.91,7,9,7.01,45.81,74.67,62.37,52.41,52.24,59.35,74.32,3,B,Pass,0
STU1593,Aditya,Female,Government,Grade 1,Phys.Ed,Graduate,0.0,4.66,66.6,33.74,85.27,73.86,9.31,78.28,3,2,5.27,74.94,75.18,46.97,48.92,40.31,59.9,71.06,3,B,Pass,1
STU1594,Cal,Female,Government,Grade 2,Math's,High School,45.71,9.79,74.77,84.83,34.21,45.3,9.67,73.74,4,1,5.52,75.66,59.08,48.88,53.89,51.33,56.65,98.22,3,A,Pass,0
STU1595,Liam,Male,Semi-Government,Grade 2,Math's,Graduate,64.8,5.13,85.47,67.98,63.1,40.84,6.38,57.02,5,1,4.55,36.01,49.18,58.87,64.51,60.79,55.16,76.27,3,B,Pass,1
STU1596,Aarav,Male,Private,Grade 5,Arts,Graduate,57.38,8.51,75.46,32.89,51.93,48.8,6.78,64.27,3,3,4.51,72.26,90.61,61.59,53.25,83.9,61.9,87.21,3,A,Pass,1
STU1597,Emma,Female,Semi-Government,Grade 4,English,Graduate,47.35,7.19,88.42,52.68,49.35,87.33,7.23,53.87,8,0,5.69,82.66,65.37,62.51,64.37,96.49,70.1,74.22,4,B,Pass,0
STU1598,Ethan,Female,Semi-Government,Grade 4,Science,Graduate,70.52,5.47,93.6,55.25,83.35,59.13,6.37,41.21,5,3,5.05,53.73,66.63,37.43,81.22,52.9,61.2,80.48,3,B,Pass,0
STU1599,Mack,Female,Government,Grade 1,Arts,Graduate,29.02,8.48,66.93,95.16,52.2,100.0,3.27,48.37,2,2,2.51,48.39,94.36,39.67,63.25,48.33,67.67,96.76,3,A,Pass,0
STU1600,Sara,Female,Semi-Government,Grade 3,Math's,High School,0.0,5.79,67.82,56.29,86.0,54.01,9.34,22.11,5,4,6.49,56.05,65.75,83.37,44.21,73.37,64.88,75.3,3,B,Pass,0
STU1601,Aditya,Male,Government,Grade 5,Phys.Ed,High School,29.77,5.98,100.0,86.87,55.02,62.56,3.67,18.74,9,3,5.37,53.27,61.41,82.39,61.01,51.19,64.22,78.67,3,B,Pass,0
STU1602,Riya,Male,Private,Grade 5,Arts,Post Graduate,76.11,8.66,90.7,43.87,85.45,80.04,1.42,57.96,7,1,3.27,68.03,79.85,62.57,56.65,77.19,69.21,79.82,3,B,Pass,1
STU1603,Aditya,Male,Semi-Government,Grade 3,English,Graduate,19.23,8.38,42.7,39.13,100.0,63.1,6.01,55.77,5,4,5.15,64.8,79.49,58.38,49.31,55.77,63.75,100.0,3,A,Not Attended,1
STU1604,Shawn,Female,Private,Grade 4,Science,High School,61.93,5.77,90.86,40.63,48.37,34.66,4.32,75.96,5,0,3.48,76.55,81.52,68.45,61.45,55.24,58.36,66.02,3,C,Pass,1
STU1605,Damon,Female,Semi-Government,Grade 2,Phys.Ed,Graduate,7.75,6.2,64.23,59.31,90.38,58.51,13.76,47.35,2,3,6.95,62.2,86.74,59.89,43.5,59.42,64.99,92.46,3,A,Not Attended,0
STU1606,Mia,Female,Private,Grade 1,Science,High School,10.81,5.39,63.92,37.0,67.36,47.81,1.76,66.18,5,2,2.95,73.63,72.08,42.94,63.82,52.69,57.17,62.86,3,C,Pass,1
STU1607,Sara,Male,Private,Grade 5,Math's,High School,66.67,4.99,65.6,63.66,74.44,60.69,8.6,29.52,2,2,4.64,73.05,79.93,82.64,51.78,65.87,69.01,75.26,3,B,Pass,0
STU1608,Lucas,Male,Semi-Government,Grade 5,Science,High School,50.02,3.34,68.51,74.21,41.76,19.57,10.53,69.02,5,3,6.71,62.4,59.98,75.86,57.58,65.96,57.16,70.71,3,B,Pass,1
STU1609,Meera,Male,Semi-Government,Grade 2,Math's,Graduate,97.46,6.35,88.16,42.18,73.99,0.0,6.72,56.24,2,1,3.64,55.75,41.66,69.82,38.2,36.49,44.76,59.38,2,C,Pass,1
STU1610,Damon,Female,Private,Grade 1,Arts,Graduate,30.8,5.49,86.1,84.65,83.99,71.56,7.31,31.56,2,3,4.37,49.67,55.1,45.18,61.82,71.37,65.42,85.44,3,A,Fail,0
STU1611,Liam,Male,Private,Grade 1,Arts,Graduate,65.97,9.83,92.02,53.39,68.99,70.91,4.33,58.43,4,0,3.13,57.1,55.18,83.91,62.85,61.72,64.26,90.93,3,A,Fail,0
STU1612,Sara,Male,Private,Grade 3,Math's,Graduate,35.32,5.98,88.04,8.98,59.63,58.69,8.65,60.99,4,4,5.86,44.76,64.69,55.27,59.34,94.64,55.75,63.01,3,C,Pass,1
STU1613,Shawn,Male,Private,Grade 2,Science,Graduate,74.69,5.52,68.43,23.76,95.5,65.88,11.59,96.66,1,3,5.74,43.34,85.78,76.14,68.47,54.02,64.11,86.09,3,A,Pass,1
STU1614,Vivaan,Male,Private,Grade 4,Math's,Graduate,28.91,5.43,81.04,44.26,65.96,56.92,3.52,58.44,5,4,4.16,57.37,67.97,58.18,57.62,53.81,57.76,73.15,3,B,Pass,1
STU1615,Aarav,Male,Private,Grade 2,Math's,High School,55.92,6.32,51.98,62.56,70.63,23.36,6.98,70.88,10,1,6.54,49.66,54.36,53.89,70.26,83.09,58.48,72.12,3,B,Pass,1
STU1616,Vivaan,Male,Semi-Government,Grade 2,Math's,Graduate,77.94,7.29,79.2,52.1,33.05,38.53,12.27,25.35,0,2,5.41,56.38,90.95,60.47,58.43,48.03,54.74,71.89,2,B,Pass,1
STU1617,Shawn,Male,Private,Grade 5,English,Graduate,11.28,5.56,60.39,63.67,80.32,62.33,0.0,84.23,4,2,1.9,71.45,67.22,83.87,74.74,75.62,72.4,65.49,4,C,Pass,1
STU1618,Tyler,Male,Government,Grade 1,Phys.Ed,High School,86.41,5.72,65.41,80.99,66.9,52.0,4.4,60.4,6,1,4.11,59.64,78.5,49.33,54.97,74.55,64.61,83.62,3,B,Fail,0
STU1619,Anaya,Female,Government,Grade 2,Math's,Graduate,78.75,9.41,79.91,71.37,58.02,61.96,7.4,61.62,3,4,5.01,90.74,48.6,38.05,75.82,75.61,65.02,100.0,3,A,Pass,0
STU1620,Damon,Male,Private,Grade 5,Math's,High School,53.13,5.4,80.83,74.7,69.38,67.64,9.0,48.34,8,4,7.4,78.78,47.1,41.73,62.25,68.01,63.7,92.63,3,A,Pass,0
STU1621,Lucas,Male,Government,Grade 5,Science,High School,58.07,6.82,88.4,55.66,78.35,67.51,0.0,53.62,7,1,2.7,58.57,100.0,56.55,57.3,50.85,65.6,70.61,3,B,Pass,1
STU1622,Shawn,Female,Semi-Government,Grade 2,Math's,High School,91.28,6.53,88.46,68.5,39.24,72.27,6.12,71.14,2,3,3.9,85.52,60.4,75.58,60.77,71.39,66.71,92.99,3,A,Pass,0
STU1623,Zen,Male,Semi-Government,Grade 3,Arts,Post Graduate,52.23,7.0,69.94,63.13,42.57,70.11,3.56,32.89,3,6,3.97,66.12,57.86,41.41,46.71,69.3,57.15,78.05,3,B,Pass,0
STU1624,Olivia,Male,Private,Grade 2,Math's,Post Graduate,27.99,7.65,59.62,87.0,64.37,89.2,10.93,68.93,3,0,5.42,42.79,45.59,38.44,52.74,68.88,61.13,91.49,3,A,Not Attended,1
STU1625,Isha,Male,Government,Grade 1,Phys.Ed,Graduate,79.66,6.35,72.87,43.34,59.01,60.69,3.55,60.82,4,1,3.07,51.34,64.53,58.29,41.17,68.51,55.86,69.5,3,C,Pass,1
STU1626,Kabir,Male,Government,Grade 2,Math's,Graduate,63.32,6.42,71.52,79.08,43.98,73.86,14.01,54.29,7,4,9.05,66.52,64.01,57.25,42.7,51.97,59.92,82.26,3,B,Pass,0
STU1627,Jack,Female,Private,Grade 4,English,Post Graduate,39.93,8.03,89.84,41.18,72.11,100.0,0.05,47.96,7,3,3.22,65.82,76.6,61.34,74.37,60.49,68.99,98.45,3,A,Pass,1
STU1628,Ava,Female,Private,Grade 5,Science,High School,48.41,5.61,26.3,22.46,55.16,50.47,11.02,74.49,2,0,5.11,50.97,100.0,60.32,72.32,63.42,59.39,65.03,3,C,Fail,1
STU1629,Emma,Male,Semi-Government,Grade 2,English,Graduate,55.75,6.7,75.17,43.66,43.32,30.68,9.96,100.0,6,5,7.33,67.56,75.2,72.78,74.74,62.47,58.8,65.19,3,C,Pass,1
STU1630,Hudson,Male,Private,Grade 1,Phys.Ed,High School,27.48,7.43,81.23,81.45,75.12,99.08,0.0,42.06,4,0,1.4,75.56,58.89,68.9,39.08,65.28,70.42,90.48,4,A,Pass,1
STU1631,Liam,Female,Government,Grade 5,Arts,High School,39.94,7.26,64.99,46.75,56.67,53.16,2.51,91.29,4,6,3.9,38.29,53.02,70.78,61.35,64.3,55.54,74.26,3,B,Pass,1
STU1632,Liam,Male,Semi-Government,Grade 2,English,Post Graduate,39.84,4.91,65.56,47.87,92.83,34.97,10.15,59.57,3,0,5.11,43.79,44.66,58.31,79.66,87.33,61.18,61.61,3,C,Pass,1
STU1633,Mason,Male,Government,Grade 3,Phys.Ed,Post Graduate,49.59,5.14,39.36,92.81,41.69,57.75,2.5,39.62,7,0,3.45,83.1,67.7,58.89,64.51,52.71,64.89,64.44,3,C,Not Attended,1
STU1634,Michal,Male,Private,Grade 4,Phys.Ed,Graduate,32.35,4.81,71.17,56.76,87.72,77.26,6.93,100.0,7,2,5.72,66.81,73.53,66.29,71.15,59.79,69.91,83.38,3,B,Not Attended,0
STU1635,Isha,Female,Government,Grade 5,English,Graduate,77.1,9.01,76.73,35.61,54.87,51.54,4.29,33.7,3,3,3.52,55.91,70.29,40.85,59.8,42.23,51.39,68.19,2,C,Not Attended,1
STU1636,Lucas,Female,Private,Grade 1,Arts,Post Graduate,41.96,5.49,72.35,100.0,38.54,36.44,2.22,12.59,2,2,2.09,56.56,89.78,52.82,68.8,61.82,63.09,63.33,3,C,Pass,1
STU1637,Kabir,Male,Government,Grade 5,English,Post Graduate,60.09,5.61,79.9,90.17,48.62,43.89,1.83,100.0,2,3,2.18,18.36,56.75,53.44,41.35,73.45,53.25,65.42,2,C,Fail,1
STU1638,Riya,Female,Private,Grade 5,English,Graduate,44.78,3.98,74.79,34.65,78.56,47.83,0.0,32.91,5,2,2.25,11.8,79.92,28.11,66.62,45.08,49.07,57.39,2,C,Pass,1
STU1639,Robert,Male,Private,Grade 1,Arts,Graduate,56.48,2.58,75.72,77.72,84.09,84.77,9.7,57.94,6,1,6.23,30.87,59.34,66.74,66.46,76.61,68.32,71.63,3,B,Fail,0
STU1640,Shawn,Female,Private,Grade 3,Phys.Ed,High School,54.43,6.5,62.11,90.37,46.41,60.57,4.28,52.6,4,0,3.11,66.53,79.97,64.77,73.02,63.74,68.17,66.75,3,C,Pass,0
STU1641,Shawn,Male,Private,Grade 5,Phys.Ed,High School,34.87,7.43,77.39,44.58,59.8,54.0,6.03,81.52,1,2,3.26,36.19,63.14,78.21,40.85,60.27,54.63,78.9,2,B,Pass,1
STU1642,Hudson,Male,Government,Grade 5,English,High School,28.26,3.79,95.46,60.52,45.13,6.38,7.28,28.44,4,1,4.56,46.96,64.74,60.6,59.48,81.51,53.17,56.69,2,C,Pass,1
STU1643,Ava,Female,Government,Grade 1,Math's,High School,52.85,4.47,93.92,94.91,53.55,82.04,6.41,69.79,3,1,3.86,33.72,64.72,44.83,41.35,49.84,58.12,75.36,3,B,Pass,0
STU1644,Ethan,Male,Semi-Government,Grade 5,Arts,Post Graduate,16.72,4.85,68.92,66.52,55.26,81.35,7.47,43.73,2,2,4.19,57.68,75.12,62.96,36.81,81.28,64.62,84.16,3,B,Pass,0
STU1645,Tyler,Female,Private,Grade 5,Arts,Graduate,10.88,5.35,80.93,69.1,97.78,88.38,1.22,61.42,8,2,3.79,100.0,88.2,57.69,78.06,32.25,76.43,90.2,4,A,Pass,1
STU1646,Noah,Female,Private,Grade 3,Science,High School,16.17,6.03,57.55,73.24,88.8,44.54,1.65,68.81,1,0,1.01,73.33,52.63,64.98,66.17,47.55,63.91,74.22,3,B,Not Attended,1
STU1647,Mack,Female,Government,Grade 1,English,Post Graduate,66.5,6.97,67.2,59.42,84.77,61.89,2.31,52.46,6,0,3.02,69.6,69.54,65.02,44.42,52.76,63.43,70.65,3,B,Pass,1
STU1648,Olivia,Male,Semi-Government,Grade 4,Science,Graduate,36.83,7.71,58.97,55.93,69.27,64.9,8.49,34.09,4,3,5.55,96.01,90.64,73.29,64.04,73.67,73.47,82.91,4,B,Pass,1
STU1649,Damon,Male,Semi-Government,Grade 5,Math's,Graduate,18.87,7.75,48.03,80.26,26.62,38.05,14.17,69.69,2,6,7.87,46.12,38.1,71.5,60.23,50.26,51.39,86.43,2,A,Fail,1
STU1650,Anaya,Female,Private,Grade 5,Arts,High School,55.16,7.08,62.04,84.19,48.07,44.19,9.61,51.23,2,1,4.79,51.57,68.21,38.15,72.15,45.7,56.53,65.71,3,C,Pass,1
STU1651,Aditya,Female,Semi-Government,Grade 1,Phys.Ed,Post Graduate,77.16,7.03,73.36,27.45,81.76,51.9,6.97,100.0,4,0,4.19,44.82,72.24,80.55,79.28,55.83,61.73,81.72,3,B,Pass,1
STU1652,Robert,Male,Semi-Government,Grade 1,Arts,Graduate,25.13,8.48,73.58,52.97,67.2,41.79,7.66,61.29,3,5,5.36,41.86,94.93,55.18,58.81,94.12,63.36,76.14,3,B,Pass,1
STU1653,Liam,Male,Private,Grade 4,Arts,High School,45.72,6.56,62.29,45.74,58.45,100.0,2.37,54.43,3,1,2.25,44.97,43.03,82.83,67.26,77.76,65.01,83.52,3,B,Pass,1
STU1654,Cal,Female,Private,Grade 5,Science,High School,47.92,8.82,47.11,55.75,36.6,68.12,0.21,65.99,8,0,2.88,48.37,61.61,60.21,92.12,61.78,60.57,71.26,3,B,Fail,1
STU1655,Damon,Female,Government,Grade 4,Arts,Post Graduate,100.09,5.29,55.51,84.1,51.16,37.98,2.04,18.26,3,1,2.12,64.77,63.88,80.04,52.61,68.78,62.92,58.74,3,C,Fail,1
STU1656,Jack,Male,Semi-Government,Grade 2,Math's,Graduate,22.95,4.33,92.25,63.24,47.05,37.36,5.86,87.85,4,1,3.99,58.02,37.12,69.89,66.41,43.26,52.79,74.1,2,B,Pass,1
STU1657,Zen,Male,Private,Grade 2,Phys.Ed,High School,8.42,6.61,80.01,76.65,71.24,55.91,5.8,77.56,1,3,3.42,56.09,63.14,20.91,68.48,54.41,58.35,66.76,3,C,Pass,0
STU1658,Tyler,Female,Private,Grade 2,English,High School,0.0,6.21,89.84,50.3,26.92,36.71,13.78,26.32,5,4,8.26,76.8,34.0,69.32,73.37,93.25,57.58,77.08,3,B,Pass,1
STU1659,Zen,Male,Government,Grade 5,Phys.Ed,Graduate,44.12,7.15,80.44,29.3,72.99,88.15,7.79,43.01,6,2,5.72,74.65,69.52,79.54,55.7,57.94,65.97,77.05,3,B,Pass,1
STU1660,Sara,Male,Semi-Government,Grade 1,Arts,High School,4.1,8.13,45.16,64.32,75.48,24.55,7.87,55.33,8,0,5.95,55.6,63.5,37.41,56.52,36.63,51.75,66.36,2,C,Pass,1
STU1661,Mack,Male,Private,Grade 1,Phys.Ed,Post Graduate,68.51,6.21,65.23,59.31,50.47,53.02,9.28,49.0,5,0,5.46,69.35,57.61,51.29,61.87,56.01,57.37,56.42,3,C,Pass,0
STU1662,Olivia,Male,Private,Grade 5,Math's,High School,27.45,5.0,53.66,30.28,50.76,31.91,5.13,100.0,4,2,3.95,39.15,78.18,47.39,82.88,68.65,53.65,68.81,2,C,Pass,1
STU1663,Ava,Female,Government,Grade 5,Science,High School,0.0,7.27,54.91,67.96,69.1,54.94,10.82,100.0,4,3,6.48,38.36,61.86,44.57,62.64,41.7,55.14,82.58,3,B,Pass,1
STU1664,Liam,Female,Private,Grade 5,English,High School,27.45,9.67,81.08,41.67,78.92,35.27,2.84,84.56,3,1,2.44,87.76,75.54,59.81,59.97,43.91,60.36,88.66,3,A,Fail,1
STU1665,Sara,Female,Government,Grade 3,English,High School,43.45,6.37,77.42,64.65,73.47,53.7,1.01,30.98,9,2,4.05,56.05,70.18,98.14,61.31,80.4,69.74,66.71,3,C,Pass,1
STU1666,Aditya,Female,Private,Grade 4,Science,High School,74.46,5.03,78.61,60.64,64.87,96.31,0.0,100.0,3,2,1.55,83.45,45.44,55.58,48.4,79.14,66.73,78.33,3,B,Fail,1
STU1667,Aarav,Female,Government,Grade 3,Arts,Graduate,56.94,6.31,46.65,76.04,93.59,0.0,8.13,81.54,8,0,6.05,48.23,73.88,44.97,53.11,57.19,55.88,61.76,3,C,Fail,1
STU1668,Cal,Male,Government,Grade 3,Math's,Graduate,22.41,9.35,88.18,72.52,57.89,65.53,0.96,60.6,6,0,2.48,58.37,75.86,47.48,40.81,39.74,57.27,86.16,3,A,Pass,1
STU1669,Anaya,Male,Private,Grade 5,Arts,High School,75.32,4.79,94.26,24.73,48.8,36.35,6.24,64.15,3,0,3.55,83.8,56.26,43.62,88.18,60.56,55.29,58.35,3,C,Pass,1
STU1670,Cal,Male,Semi-Government,Grade 3,English,High School,25.87,6.27,96.31,56.87,55.18,87.85,11.28,51.12,6,3,7.36,33.77,66.43,58.84,59.93,49.17,58.51,92.79,3,A,Pass,0
STU1671,Michal,Male,Private,Grade 2,Math's,Post Graduate,44.3,6.54,77.16,51.04,56.53,64.27,10.13,71.84,3,1,5.35,48.07,52.21,100.0,60.32,82.27,64.34,84.2,3,B,Pass,0
STU1672,Shawn,Male,Private,Grade 4,Arts,Graduate,3.81,3.83,69.21,39.07,38.8,67.5,0.0,68.61,7,2,2.95,55.66,56.16,58.45,66.72,58.48,55.1,60.58,3,C,Pass,1
STU1673,Diya,Female,Private,Grade 5,Math's,Graduate,37.33,7.33,100.0,39.98,49.95,47.28,0.34,73.72,3,2,1.69,51.13,60.15,61.93,42.17,58.88,51.43,69.5,2,C,Pass,1
STU1674,Isha,Female,Semi-Government,Grade 3,Phys.Ed,High School,75.73,8.11,86.5,47.79,77.99,76.15,8.96,65.01,4,0,4.98,54.62,67.53,67.06,45.66,83.22,65.0,92.0,3,A,Pass,0
STU1675,Sara,Female,Government,Grade 4,English,High School,42.03,5.55,99.33,64.36,79.39,88.63,6.7,22.75,3,2,4.23,33.46,71.17,34.37,81.13,65.73,64.78,94.69,3,A,Pass,0
STU1676,Olivia,Male,Private,Grade 1,Arts,High School,53.54,6.09,98.33,66.32,34.12,83.4,2.64,93.4,5,4,3.81,62.73,79.06,65.6,62.0,51.07,63.04,69.73,3,C,Pass,1
STU1677,Olivia,Male,Private,Grade 1,Phys.Ed,Graduate,44.8,6.27,68.06,88.81,57.84,58.18,5.25,100.0,0,3,2.85,47.96,69.92,38.02,78.15,44.41,60.41,86.53,3,A,Pass,0
STU1678,Mack,Female,Private,Grade 5,Phys.Ed,Graduate,41.14,5.07,84.36,59.12,99.89,53.2,2.86,53.42,4,3,3.29,58.06,90.59,100.0,73.38,36.65,71.36,55.69,4,C,Pass,1
STU1679,Liam,Female,Semi-Government,Grade 1,Arts,Graduate,4.53,7.5,73.95,81.7,72.76,50.79,5.11,33.09,6,1,4.39,36.92,68.97,54.22,50.39,53.07,58.6,82.74,3,B,Pass,0
STU1680,Vivaan,Female,Government,Grade 5,English,High School,63.17,6.3,76.33,70.29,69.84,63.03,2.01,30.51,1,1,1.4,77.12,51.57,48.19,59.16,48.81,61.0,65.38,3,C,Pass,1
STU1681,Ava,Female,Private,Grade 4,Phys.Ed,Post Graduate,75.46,5.71,71.82,41.87,39.64,50.69,11.74,79.52,2,2,5.9,77.3,62.13,34.72,72.69,80.76,57.47,71.33,3,B,Pass,1
STU1682,Emma,Female,Semi-Government,Grade 4,Math's,Post Graduate,37.36,7.7,81.79,68.35,40.31,73.49,2.58,95.78,3,2,2.58,79.04,52.79,45.18,62.25,42.74,58.02,77.45,3,B,Pass,1
STU1683,Vivaan,Male,Private,Grade 3,Arts,Graduate,54.12,8.28,55.26,89.04,98.4,20.27,8.75,88.05,1,3,4.6,52.15,83.72,47.47,60.32,44.93,62.04,81.79,3,B,Pass,1
STU1684,Mia,Female,Private,Grade 4,Arts,High School,58.17,6.71,56.2,100.0,45.07,71.34,3.06,34.09,5,4,3.97,62.19,77.5,53.66,56.78,55.55,65.26,76.38,3,B,Fail,1
STU1685,Diya,Male,Private,Grade 5,Math's,Graduate,32.32,6.23,71.15,74.59,51.4,83.36,8.54,100.0,7,5,7.12,76.08,76.04,68.76,69.79,53.49,69.19,78.11,3,B,Pass,0
STU1686,Mack,Female,Private,Grade 2,Science,Post Graduate,55.07,6.24,85.38,34.03,67.22,61.27,4.79,77.92,4,1,3.57,38.37,60.67,57.83,52.02,83.71,56.89,76.97,3,B,Pass,1
STU1687,Sophia,Female,Semi-Government,Grade 3,Phys.Ed,High School,74.78,8.66,82.32,71.81,46.41,42.21,3.9,66.2,5,3,4.06,66.03,85.51,60.76,74.29,65.65,64.08,89.42,3,A,Pass,1
STU1688,Lucas,Female,Private,Grade 2,Phys.Ed,Graduate,15.8,9.05,73.67,38.1,81.82,100.0,10.85,98.29,2,1,5.29,56.02,51.65,64.66,86.87,55.07,66.77,100.0,3,A,Pass,1
STU1689,Damon,Female,Government,Grade 5,Phys.Ed,High School,97.93,5.99,78.42,57.23,62.77,2.37,4.22,18.75,3,1,2.99,58.03,58.23,68.11,65.75,56.65,53.64,62.5,2,C,Pass,1
STU1690,Liam,Male,Semi-Government,Grade 1,English,Graduate,10.63,4.99,100.0,67.84,64.91,84.62,13.03,100.0,0,1,5.46,66.92,45.64,40.7,79.76,61.95,64.04,65.57,3,C,Pass,0
STU1691,Mack,Male,Private,Grade 2,English,High School,62.34,7.14,85.67,83.33,46.22,12.14,4.36,93.19,5,0,3.49,91.02,37.59,61.72,62.55,23.38,52.25,59.47,2,C,Pass,1
STU1692,Lucas,Female,Government,Grade 4,Phys.Ed,Post Graduate,99.76,8.01,59.21,70.01,46.69,100.0,12.24,100.0,4,3,7.05,45.53,58.49,74.93,62.58,77.47,66.96,100.0,3,A,Fail,1
STU1693,Hudson,Female,Government,Grade 4,Science,High School,0.0,6.0,58.69,51.59,60.07,45.54,0.0,29.53,5,1,2.0,42.43,83.46,88.71,64.88,50.84,60.94,64.55,3,C,Pass,1
STU1694,Mason,Female,Government,Grade 2,Arts,High School,70.29,5.46,57.74,60.6,76.25,56.35,10.54,72.26,2,2,5.42,55.21,62.0,41.16,57.32,63.07,58.99,84.15,3,B,Fail,1
STU1695,Meera,Female,Private,Grade 3,Math's,Post Graduate,54.92,5.24,84.74,94.87,62.13,0.0,1.51,55.64,5,2,2.85,79.4,62.79,82.12,63.45,85.87,66.33,68.77,3,C,Pass,1
STU1696,Michal,Male,Private,Grade 5,English,Post Graduate,19.12,5.25,60.35,57.36,67.16,33.65,4.35,42.21,7,5,5.44,57.11,92.51,57.09,41.57,64.24,58.84,71.78,3,B,Pass,1
STU1697,Aditya,Female,Private,Grade 2,Math's,High School,0.0,5.6,63.76,49.66,51.19,98.74,7.01,43.25,6,3,5.65,68.61,24.87,48.3,78.13,54.44,59.24,77.48,3,B,Pass,0
STU1698,Riya,Female,Government,Grade 3,Phys.Ed,High School,5.06,6.52,84.83,29.25,27.64,27.74,17.29,100.0,2,1,7.87,69.56,71.02,45.62,46.74,50.01,45.95,71.83,2,B,Pass,1
STU1699,Mason,Male,Semi-Government,Grade 1,English,High School,57.24,6.92,59.08,58.12,45.51,55.74,5.22,74.09,6,1,4.44,82.08,77.83,39.92,56.54,59.35,59.39,71.05,3,B,Pass,1
STU1700,Jack,Female,Private,Grade 1,Arts,High School,67.61,7.85,91.64,54.62,72.45,76.83,0.6,72.67,6,2,2.84,100.0,93.03,60.17,58.72,74.2,73.75,85.37,4,A,Pass,1
STU1701,Mia,Male,Government,Grade 5,Phys.Ed,Graduate,62.23,6.98,59.87,66.89,54.86,61.05,3.41,91.92,3,4,3.41,37.84,58.29,17.44,69.07,64.99,53.8,76.25,2,B,Not Attended,1
STU1702,Mack,Female,Government,Grade 2,Math's,High School,49.02,6.89,97.18,48.54,49.75,97.26,8.51,100.0,6,3,6.25,77.48,74.31,75.23,62.14,82.44,70.89,100.0,4,A,Pass,0
STU1703,Zen,Female,Government,Grade 1,Phys.Ed,Graduate,95.44,8.71,89.96,69.15,76.4,64.42,2.27,91.73,3,3,2.71,59.49,70.43,33.44,63.31,88.32,65.62,93.73,3,A,Fail,1
STU1704,Mason,Female,Private,Grade 3,Arts,Graduate,69.01,5.59,58.25,42.18,50.35,96.08,5.56,46.98,7,1,4.92,66.22,71.73,51.21,75.48,66.61,64.98,68.42,3,C,Not Attended,1
STU1705,Ava,Female,Semi-Government,Grade 1,Phys.Ed,Graduate,59.07,7.98,54.06,41.75,76.53,78.43,3.56,81.51,3,2,2.97,65.6,71.32,40.09,34.3,72.77,60.1,91.9,3,A,Fail,1
STU1706,Noah,Female,Private,Grade 4,Arts,Graduate,44.87,8.32,83.62,31.79,46.58,70.29,10.65,42.52,6,0,6.36,61.4,75.91,67.73,68.94,55.52,59.77,85.39,3,A,Pass,1
STU1707,Aarav,Male,Private,Grade 5,Phys.Ed,Graduate,83.11,5.02,57.65,32.82,25.67,9.39,15.84,64.48,3,3,8.14,66.57,38.93,83.35,73.75,29.37,44.98,45.23,2,D,Not Attended,1
STU1708,Aarav,Male,Semi-Government,Grade 1,Phys.Ed,Graduate,90.1,5.39,95.66,75.25,60.71,22.79,11.57,67.34,5,0,6.38,43.31,83.79,80.2,92.25,61.77,65.01,67.61,3,C,Fail,1
STU1709,Kabir,Female,Government,Grade 5,Math's,Graduate,36.13,10.0,94.67,97.57,99.86,43.53,2.96,90.03,5,2,3.43,69.9,56.09,91.49,62.59,49.59,71.33,99.86,4,A,Pass,1
STU1710,Mason,Male,Government,Grade 5,Science,Post Graduate,52.78,5.75,63.66,51.8,52.72,84.38,2.94,51.9,3,0,2.23,48.6,76.99,57.56,52.13,46.65,58.85,79.02,3,B,Pass,1
STU1711,Aarav,Female,Private,Grade 3,Science,High School,60.08,5.7,66.67,36.56,53.01,52.88,0.0,66.77,4,0,1.4,78.01,100.0,41.38,51.04,47.47,57.54,71.34,3,B,Pass,1
STU1712,Riya,Female,Private,Grade 5,Phys.Ed,High School,37.18,10.0,100.0,86.98,15.9,62.67,0.13,100.0,5,2,2.3,46.78,37.72,45.01,49.67,62.64,50.92,91.63,2,A,Pass,1
STU1713,Sophia,Female,Semi-Government,Grade 2,Arts,Graduate,74.39,5.65,78.41,86.12,69.97,58.25,3.4,34.86,1,2,2.21,84.26,90.29,65.27,45.24,53.55,69.12,52.84,3,D,Pass,1
STU1714,Mia,Male,Government,Grade 1,Science,Graduate,0.0,5.24,42.51,40.25,74.91,51.34,8.42,17.99,8,3,6.92,51.22,70.6,38.8,59.61,69.55,57.04,59.48,3,C,Fail,1
STU1715,Sara,Male,Private,Grade 2,Phys.Ed,High School,54.7,8.99,81.8,56.17,72.76,50.99,3.32,8.63,9,4,5.48,56.75,64.97,66.49,84.74,50.12,62.87,79.83,3,B,Pass,0
STU1716,Mason,Male,Semi-Government,Grade 5,Arts,Graduate,62.48,8.47,63.68,50.55,76.53,30.64,7.33,77.02,3,1,4.23,98.69,52.54,54.2,64.58,54.38,60.26,84.06,3,B,Pass,1
STU1717,Noah,Male,Government,Grade 2,Arts,High School,76.23,5.21,100.0,83.93,61.17,70.53,5.89,57.26,7,3,5.56,66.75,46.72,60.51,66.99,46.59,62.9,76.01,3,B,Pass,0
STU1718,Lucas,Female,Private,Grade 3,English,Graduate,78.35,6.92,86.79,28.38,65.24,82.82,5.53,100.0,2,0,2.91,44.4,46.98,19.11,60.75,95.62,55.41,63.63,3,C,Pass,1
STU1719,Diya,Female,Semi-Government,Grade 3,Phys.Ed,Graduate,57.42,8.96,95.08,74.42,82.32,43.13,1.72,97.02,4,3,2.84,73.48,71.87,70.7,69.69,84.77,71.3,86.92,4,A,Pass,1
STU1720,Anaya,Male,Semi-Government,Grade 5,Phys.Ed,High School,24.36,8.45,46.97,100.0,67.65,39.98,7.41,92.62,2,3,4.41,61.0,66.2,82.36,71.39,60.21,68.6,88.51,3,A,Fail,1
STU1721,Liam,Female,Private,Grade 1,Arts,Graduate,42.45,4.15,88.97,81.43,88.55,31.16,7.53,49.9,3,4,5.06,39.91,44.32,52.23,70.91,66.01,59.31,55.14,3,C,Pass,1
STU1722,Zen,Female,Semi-Government,Grade 1,Science,Post Graduate,42.12,7.51,100.0,77.61,69.33,31.0,6.66,84.56,4,2,4.56,70.29,72.12,36.77,62.47,54.46,59.25,81.61,3,B,Pass,1
STU1723,Riya,Male,Private,Grade 2,Math's,High School,41.77,10.0,100.0,40.03,65.19,51.09,6.57,87.99,5,1,4.63,73.17,56.49,26.22,52.33,49.72,51.78,81.62,2,B,Pass,1
STU1724,Damon,Female,Private,Grade 1,Science,High School,59.89,8.17,100.0,83.31,78.86,85.95,7.85,69.39,6,4,6.24,40.22,86.07,59.94,65.06,62.95,70.3,92.91,4,A,Pass,0
STU1725,Shawn,Female,Government,Grade 4,Arts,High School,42.59,6.81,92.13,76.88,66.22,60.53,0.94,75.17,4,2,2.28,78.13,72.28,59.51,76.0,62.01,68.95,87.45,3,A,Fail,1
STU1726,Riya,Male,Private,Grade 3,Science,Post Graduate,64.35,5.89,25.0,50.28,41.28,55.83,0.99,35.02,4,2,2.3,55.09,52.08,47.2,63.34,47.0,51.51,58.93,2,C,Fail,1
STU1727,Damon,Male,Semi-Government,Grade 1,Science,High School,80.25,4.49,71.81,51.17,52.47,59.03,9.57,66.75,2,3,5.28,27.24,73.22,39.82,61.57,39.46,50.5,64.89,2,C,Pass,0
STU1728,Liam,Female,Semi-Government,Grade 2,English,Graduate,21.6,6.44,60.74,49.06,63.57,23.12,7.99,72.19,2,4,4.9,71.99,71.54,59.04,57.17,81.33,59.6,73.38,3,B,Fail,1
STU1729,Robert,Male,Private,Grade 3,English,Graduate,65.47,6.12,50.19,90.79,55.33,51.5,14.27,35.45,2,4,7.41,76.25,81.14,47.28,47.28,57.52,63.39,79.2,3,B,Fail,1
STU1730,Mack,Male,Private,Grade 2,Science,High School,63.24,8.46,46.28,32.08,54.08,25.14,4.43,75.06,5,1,3.77,69.22,58.28,50.15,57.85,77.01,52.97,72.57,2,B,Fail,1
STU1731,Riya,Female,Semi-Government,Grade 5,Phys.Ed,Graduate,44.38,6.15,87.27,73.13,62.98,53.7,3.99,44.3,7,1,4.3,70.87,67.47,60.12,48.29,62.3,62.36,92.07,3,A,Fail,0
STU1732,Sara,Male,Government,Grade 4,Science,High School,83.3,5.19,74.37,44.36,75.02,37.15,3.94,63.98,1,4,2.93,69.89,72.68,58.48,80.27,83.15,65.13,62.45,3,C,Pass,1
STU1733,Jack,Male,Private,Grade 5,Science,Post Graduate,55.84,4.99,75.13,26.38,51.45,58.45,10.28,30.47,6,1,6.46,70.19,44.36,78.39,57.78,66.92,56.74,45.1,3,D,Pass,1
STU1734,Liam,Male,Semi-Government,Grade 2,Phys.Ed,Graduate,59.15,7.36,63.94,67.06,85.12,48.8,5.48,95.98,3,0,3.24,53.0,60.13,69.42,50.55,71.88,63.25,75.14,3,B,Pass,0
STU1735,Vivaan,Female,Government,Grade 1,Arts,High School,30.54,9.94,85.02,56.16,46.88,69.46,10.06,80.93,7,1,6.72,70.22,38.95,36.79,50.07,38.92,50.93,89.15,2,A,Pass,0
STU1736,Lucas,Male,Private,Grade 4,Math's,High School,0.0,4.79,81.29,37.78,82.33,72.18,2.89,89.53,3,2,2.71,37.58,57.21,56.63,44.48,47.76,54.5,86.09,2,A,Fail,1
STU1737,Liam,Female,Government,Grade 3,Science,High School,45.93,5.64,84.55,18.47,76.59,37.11,0.0,100.0,5,0,1.75,92.91,62.17,67.4,62.64,87.22,63.06,53.31,3,D,Fail,1
STU1738,Shawn,Male,Private,Grade 4,Arts,Post Graduate,45.64,6.92,50.01,78.28,63.64,52.19,7.59,73.79,2,4,4.74,82.55,42.46,65.62,74.28,71.25,66.28,64.58,3,C,Fail,1
STU1739,Sara,Female,Government,Grade 1,Math's,Graduate,76.99,7.11,77.4,48.45,34.7,56.89,5.69,50.49,5,1,4.28,71.91,47.29,47.68,66.37,52.36,53.21,66.7,2,C,Pass,0
STU1740,Sara,Male,Private,Grade 3,Math's,High School,54.95,7.59,71.35,53.57,95.58,43.45,4.91,56.16,4,2,3.86,87.56,75.27,82.16,73.16,51.66,70.3,95.7,4,A,Pass,1
STU1741,Sara,Female,Private,Grade 2,Arts,High School,0.0,4.64,83.91,34.0,54.42,14.44,7.21,47.52,8,1,5.93,21.54,52.1,46.35,60.76,79.44,45.38,44.24,2,D,Pass,1
STU1742,Ava,Female,Government,Grade 3,Science,Post Graduate,89.23,6.71,64.01,70.5,65.3,58.33,9.94,32.29,4,2,5.88,59.54,68.73,86.02,61.88,68.11,67.3,79.25,3,B,Fail,0
STU1743,Hudson,Female,Semi-Government,Grade 2,English,High School,65.44,4.81,76.16,46.61,51.16,61.03,12.97,97.56,7,3,8.39,43.09,90.0,47.03,74.26,67.56,60.09,55.34,3,C,Pass,0
STU1744,Mia,Male,Government,Grade 3,Math's,Post Graduate,64.55,7.43,54.94,50.15,69.59,51.43,6.11,67.06,3,0,3.49,87.59,70.09,71.09,56.84,59.93,64.59,61.1,3,C,Fail,1
STU1745,Diya,Male,Semi-Government,Grade 5,Science,Graduate,54.78,5.02,40.3,61.37,36.27,81.13,7.89,100.0,0,3,3.91,49.34,63.98,46.81,50.79,58.56,56.03,68.08,3,C,Fail,1
STU1746,Riya,Male,Private,Grade 3,English,Graduate,76.76,6.08,50.81,76.6,92.67,8.92,12.19,83.72,4,3,7.03,45.08,73.37,60.77,68.8,78.13,63.04,85.17,3,A,Pass,1
STU1747,Shawn,Female,Private,Grade 4,Science,Graduate,19.18,3.43,72.28,62.62,54.02,100.0,1.16,77.43,1,1,1.06,76.09,70.88,30.6,62.69,54.66,63.94,67.78,3,C,Pass,1
STU1748,Meera,Male,Government,Grade 4,Math's,High School,42.46,5.06,68.19,42.36,59.5,55.52,5.66,99.74,7,2,5.21,44.49,51.16,84.69,58.07,73.21,58.63,66.19,3,C,Pass,1
STU1749,Zen,Male,Government,Grade 5,Phys.Ed,High School,89.79,5.61,69.38,48.05,77.67,58.69,8.49,58.37,1,2,4.25,71.2,70.95,68.91,41.54,74.12,63.89,66.66,3,C,Pass,0
STU1750,Mason,Male,Government,Grade 2,Phys.Ed,Graduate,18.26,6.14,62.74,73.5,94.09,56.44,8.05,95.74,7,0,5.67,61.35,68.37,53.3,70.78,80.7,69.82,78.75,3,B,Pass,0
STU1751,Tyler,Male,Semi-Government,Grade 5,Math's,Graduate,0.0,5.11,70.03,62.17,81.09,81.03,5.8,84.08,5,3,4.82,48.99,68.03,75.74,70.31,64.93,69.04,89.07,3,A,Pass,0
STU1752,Ethan,Female,Government,Grade 5,English,Post Graduate,32.23,5.86,49.67,39.42,48.31,35.91,7.82,100.0,4,1,4.78,100.0,63.35,57.51,76.37,81.02,62.73,69.16,3,C,Not Attended,1
STU1753,Isha,Female,Government,Grade 5,Math's,High School,18.83,6.07,72.94,28.48,47.71,66.0,7.92,100.0,2,2,4.37,50.87,62.73,61.22,60.69,15.48,49.15,59.84,2,C,Pass,1
STU1754,Diya,Female,Government,Grade 4,Math's,High School,45.81,7.14,73.94,21.93,35.56,37.86,4.4,94.96,3,2,3.31,65.0,82.74,75.24,56.33,85.97,57.58,77.13,3,B,Pass,1
STU1755,Damon,Male,Government,Grade 2,Math's,High School,42.23,5.45,66.94,34.09,86.35,61.76,7.18,63.9,4,1,4.52,63.12,82.42,31.14,66.28,85.53,63.83,74.57,3,B,Pass,1
STU1756,Diya,Female,Private,Grade 2,Arts,Graduate,65.07,5.42,67.58,37.04,53.36,82.99,8.61,55.9,5,1,5.44,22.86,54.32,21.15,51.98,35.68,44.92,78.13,2,B,Pass,1
STU1757,Aditya,Male,Private,Grade 4,Phys.Ed,Graduate,30.68,6.21,63.0,80.83,53.68,70.24,4.83,40.52,6,4,5.03,67.84,62.69,55.97,36.84,43.38,58.93,81.3,3,B,Pass,0
STU1758,Emma,Male,Government,Grade 4,Math's,High School,49.07,8.26,71.97,98.63,83.2,49.98,7.11,46.77,4,1,4.49,51.47,53.18,45.75,57.73,24.91,58.11,84.56,3,B,Pass,0
STU1759,Olivia,Male,Government,Grade 3,Science,Graduate,17.94,7.2,89.77,79.09,53.46,45.63,11.65,57.36,3,1,5.96,49.05,79.39,65.18,72.11,88.04,66.49,71.5,3,B,Pass,0
STU1760,Kabir,Female,Semi-Government,Grade 1,Science,Graduate,22.43,5.23,91.81,55.04,97.64,49.58,4.22,57.32,3,2,3.24,60.61,55.55,41.04,67.35,53.75,60.07,71.84,3,B,Pass,0
STU1761,Cal,Female,Government,Grade 1,Phys.Ed,High School,83.06,6.36,58.33,71.57,96.4,83.98,3.25,68.75,6,1,3.65,74.02,46.59,42.53,49.72,69.13,66.74,88.82,3,A,Fail,1
STU1762,Noah,Female,Private,Grade 5,Math's,High School,42.28,5.83,84.97,37.92,79.09,77.5,6.12,95.5,4,1,4.1,69.41,56.87,42.15,49.92,72.33,60.65,84.11,3,B,Pass,1
STU1763,Hudson,Female,Private,Grade 5,Science,Graduate,23.09,5.03,73.46,62.12,68.25,27.37,0.0,63.79,6,4,3.1,38.75,62.75,63.34,68.54,44.78,54.49,63.08,2,C,Not Attended,1
STU1764,Hudson,Male,Private,Grade 1,Phys.Ed,High School,11.94,8.51,74.34,40.97,28.6,49.87,5.92,66.09,2,4,4.07,77.88,75.61,50.26,74.15,54.03,56.42,66.45,3,C,Pass,1
STU1765,Anaya,Male,Government,Grade 5,Math's,Graduate,47.23,6.7,53.65,86.72,74.56,8.05,10.77,69.9,5,3,6.81,66.46,82.75,54.21,70.72,89.95,66.68,89.51,3,A,Pass,1
STU1766,Mack,Female,Private,Grade 2,Science,Graduate,59.84,7.05,79.88,87.51,56.56,92.89,1.66,23.76,5,5,3.66,77.23,84.92,58.0,61.81,75.47,74.3,78.87,4,B,Pass,1
STU1767,Mack,Female,Private,Grade 5,English,High School,28.6,7.14,95.73,71.87,56.01,83.65,15.29,71.98,5,1,8.12,54.56,63.28,60.03,82.69,44.97,64.63,100.0,3,A,Fail,0
STU1768,Shawn,Female,Private,Grade 2,Math's,High School,54.14,7.65,72.02,76.34,85.98,62.2,10.08,19.34,2,2,5.23,42.28,69.01,64.55,61.45,75.84,67.21,94.94,3,A,Pass,0
STU1769,Liam,Male,Semi-Government,Grade 1,Phys.Ed,High School,86.02,6.68,72.74,48.52,58.85,27.36,11.57,63.74,1,2,5.48,56.31,66.47,52.41,63.38,78.44,56.47,77.25,3,B,Not Attended,1
STU1770,Riya,Male,Government,Grade 1,Math's,High School,71.93,7.97,62.15,41.42,53.9,71.27,7.25,47.71,3,5,5.2,46.37,59.29,42.27,59.91,46.67,52.64,81.56,2,B,Fail,1
STU1771,Anaya,Female,Semi-Government,Grade 5,Phys.Ed,High School,37.12,6.49,68.84,39.1,33.74,36.23,10.19,54.53,3,0,5.13,72.29,54.49,86.58,64.76,39.91,53.39,48.68,2,D,Pass,1
STU1772,Shawn,Male,Government,Grade 5,Phys.Ed,High School,54.53,3.16,72.92,75.01,39.79,62.75,5.35,51.54,4,3,4.29,81.6,61.89,62.06,70.42,61.73,64.41,59.9,3,C,Pass,0
STU1773,Mack,Male,Semi-Government,Grade 2,Math's,High School,67.46,8.09,44.01,57.11,25.43,45.02,0.0,46.66,1,1,0.6,75.14,96.32,64.17,55.3,57.93,59.55,56.78,3,C,Fail,1
STU1774,Aditya,Female,Private,Grade 5,Science,Graduate,48.46,7.04,73.77,62.55,93.38,61.15,5.12,40.94,2,0,2.75,52.13,48.22,82.72,43.58,50.47,61.77,83.99,3,B,Pass,0
STU1775,Meera,Female,Government,Grade 1,Phys.Ed,Post Graduate,13.65,6.4,81.19,69.52,60.02,73.56,5.06,73.35,4,1,3.67,68.51,61.11,63.07,64.33,40.17,62.54,86.16,3,A,Pass,0
STU1776,Meera,Female,Private,Grade 5,Phys.Ed,High School,101.6,5.74,46.96,49.1,64.54,81.39,2.94,41.53,5,5,4.18,81.04,60.35,81.57,79.95,68.02,70.74,75.2,4,B,Fail,1
STU1777,Noah,Female,Private,Grade 4,Math's,Post Graduate,46.2,6.0,70.14,58.28,63.83,49.92,4.36,81.34,1,3,2.84,44.6,73.88,43.71,83.63,46.84,58.09,87.15,3,A,Fail,0
STU1778,Aarav,Female,Government,Grade 5,Arts,Graduate,59.3,5.95,60.29,47.5,63.55,59.61,10.84,60.29,2,2,5.54,62.36,59.97,55.91,54.34,63.72,58.37,83.13,3,B,Pass,0
STU1779,Emma,Male,Private,Grade 1,Arts,Graduate,89.13,7.03,68.75,60.64,60.78,74.57,9.53,39.57,7,2,6.76,85.07,60.28,50.38,67.7,45.46,63.11,78.72,3,B,Pass,0
STU1780,Jack,Female,Private,Grade 1,Arts,Post Graduate,21.59,5.75,56.62,50.43,95.06,55.54,6.73,55.43,4,0,4.09,55.41,55.15,63.97,73.86,79.53,66.12,88.56,3,A,Fail,1
STU1781,Hudson,Female,Government,Grade 3,Phys.Ed,Graduate,72.68,6.14,45.59,100.0,61.94,78.9,6.11,49.02,1,1,3.04,52.5,51.95,58.39,57.63,59.68,65.13,82.53,3,B,Fail,1
STU1782,Tyler,Female,Private,Grade 4,Phys.Ed,Graduate,23.09,6.71,78.32,13.15,35.25,77.23,11.78,22.63,6,2,7.31,85.83,66.94,94.72,70.51,52.99,62.08,71.95,3,B,Pass,1
STU1783,Vivaan,Male,Semi-Government,Grade 2,Phys.Ed,High School,91.6,5.1,73.01,58.3,65.33,46.34,5.46,66.75,5,2,4.43,58.26,73.76,62.59,24.86,46.53,54.5,64.09,2,C,Pass,0
STU1784,Zen,Male,Government,Grade 5,Science,High School,110.71,5.05,52.22,43.01,73.66,70.93,8.31,59.84,2,2,4.52,57.57,46.69,74.9,71.01,88.24,65.75,52.16,3,D,Pass,1
STU1785,Lucas,Male,Government,Grade 5,English,High School,48.06,3.7,33.05,64.51,42.74,46.37,5.09,100.0,5,2,4.29,51.37,60.58,30.64,50.94,74.83,52.75,60.11,2,C,Not Attended,1
STU1786,Zen,Female,Private,Grade 5,Math's,High School,12.32,6.95,91.15,74.19,83.68,35.61,4.85,43.29,3,1,3.24,58.82,49.99,46.73,83.38,58.81,61.4,73.01,3,B,Pass,1
STU1787,Sara,Female,Private,Grade 2,Math's,Graduate,47.42,6.64,55.01,77.86,55.18,74.03,6.77,38.44,4,2,4.61,92.58,43.48,91.8,76.85,64.33,72.01,72.89,4,B,Fail,1
STU1788,Vivaan,Male,Private,Grade 4,Phys.Ed,High School,42.18,9.16,84.89,86.5,70.56,56.76,4.33,44.14,6,0,3.83,82.56,69.56,68.73,58.48,63.12,69.53,92.34,3,A,Pass,0
STU1789,Ava,Female,Private,Grade 2,Phys.Ed,High School,42.79,6.58,79.12,67.66,51.9,24.23,5.48,64.45,8,6,6.49,63.15,40.37,49.3,78.72,33.26,51.08,75.47,2,B,Pass,1
STU1790,Vivaan,Female,Government,Grade 2,Science,Post Graduate,26.28,6.94,78.94,50.02,66.35,89.98,11.87,100.0,7,1,7.45,81.89,70.31,23.09,76.69,44.18,62.81,83.55,3,B,Pass,0
STU1791,Cal,Male,Semi-Government,Grade 5,Science,High School,16.42,5.95,50.54,75.96,53.53,24.83,10.47,93.66,2,1,5.14,62.74,78.15,73.3,74.53,63.54,63.32,64.63,3,C,Pass,1
STU1792,Michal,Female,Government,Grade 5,Science,High School,89.97,7.33,88.9,86.66,33.69,50.05,8.83,86.17,5,3,6.03,68.57,87.13,65.16,64.58,60.47,64.54,71.39,3,B,Fail,0
STU1793,Sophia,Female,Private,Grade 5,Phys.Ed,Post Graduate,36.19,5.95,65.4,43.97,86.87,88.86,4.77,81.88,3,2,3.46,23.45,65.26,55.74,58.2,68.29,61.33,72.41,3,B,Pass,1
STU1794,Robert,Male,Semi-Government,Grade 5,English,High School,47.37,5.48,79.14,54.93,50.95,68.6,7.5,35.68,2,0,3.7,80.47,61.97,79.17,51.93,60.76,63.6,64.72,3,C,Pass,0
STU1795,Michal,Male,Semi-Government,Grade 5,English,High School,7.27,4.51,71.44,53.26,39.01,80.11,9.02,70.61,5,2,5.86,56.61,80.57,83.46,59.18,65.64,64.73,62.21,3,C,Pass,0
STU1796,Riya,Female,Government,Grade 2,English,Graduate,82.34,8.47,89.35,86.24,64.71,51.15,7.22,74.91,11,2,7.24,81.14,67.23,41.08,57.41,75.83,65.6,100.0,3,A,Pass,0
STU1797,Emma,Female,Semi-Government,Grade 5,Arts,Graduate,41.84,8.74,90.17,46.41,41.86,69.93,8.81,44.59,3,3,5.32,84.53,57.86,47.7,73.53,51.83,59.21,76.93,3,B,Pass,0
STU1798,Mia,Female,Private,Grade 2,English,High School,55.85,5.66,68.11,82.99,60.11,71.21,4.34,96.03,5,3,4.24,82.75,59.71,50.79,56.69,78.87,67.89,75.14,3,B,Fail,0
STU1799,Sara,Female,Private,Grade 4,Science,High School,97.69,7.61,57.87,55.94,25.05,51.15,3.58,10.49,6,3,4.28,48.33,73.6,55.78,70.92,72.95,56.71,77.8,3,B,Pass,1
STU1800,Sophia,Male,Private,Grade 3,Math's,Post Graduate,40.86,5.94,81.72,54.0,59.42,51.22,12.31,72.34,4,2,6.82,68.89,75.47,47.86,67.56,55.39,59.98,76.79,3,B,Pass,0
STU1801,Aarav,Male,Semi-Government,Grade 4,Science,Post Graduate,61.99,5.99,71.32,72.07,82.97,82.3,8.13,61.79,5,1,5.25,62.46,80.35,57.91,64.54,72.62,71.9,75.25,4,B,Pass,0
STU1802,Noah,Female,Private,Grade 1,English,High School,55.6,7.32,76.21,68.57,66.8,41.47,1.15,75.33,2,1,1.41,56.75,53.34,58.87,64.97,69.85,60.08,68.86,3,C,Pass,1
STU1803,Tyler,Female,Semi-Government,Grade 5,Science,High School,0.0,7.28,61.39,57.22,79.57,51.68,11.0,46.81,10,1,8.15,85.84,64.56,28.31,69.63,70.96,63.47,82.49,3,B,Pass,0
STU1804,Lucas,Male,Government,Grade 5,Science,Graduate,82.71,4.93,73.37,21.69,59.23,55.61,12.41,57.63,4,0,6.36,55.9,77.18,70.27,63.51,72.57,59.49,66.47,3,C,Pass,1
STU1805,Hudson,Male,Private,Grade 1,English,Graduate,18.09,10.0,60.31,60.59,65.22,28.02,7.75,73.96,2,3,4.55,72.61,74.42,52.96,43.77,51.61,56.15,77.7,3,B,Not Attended,1
STU1806,Vivaan,Female,Private,Grade 2,Math's,Post Graduate,30.33,7.12,49.88,67.98,86.68,33.89,0.3,100.0,7,4,3.57,65.1,53.56,61.58,76.02,59.7,63.06,68.22,3,C,Pass,1
STU1807,Riya,Female,Government,Grade 5,Science,High School,60.21,8.76,71.19,58.64,70.22,45.62,1.49,44.35,4,1,2.25,68.44,86.09,36.79,57.97,90.58,64.29,88.66,3,A,Pass,1
STU1808,Jack,Male,Semi-Government,Grade 3,Math's,Graduate,0.0,7.63,73.92,47.74,72.96,43.73,8.82,93.74,2,5,5.48,60.06,42.32,32.51,58.7,67.67,53.21,90.32,2,A,Pass,1
STU1809,Aditya,Female,Private,Grade 4,Science,High School,79.69,6.84,87.23,36.46,56.64,44.35,4.2,84.56,4,3,3.83,77.9,59.38,97.44,79.19,63.69,64.38,67.66,3,C,Pass,1
STU1810,Shawn,Male,Private,Grade 2,Science,High School,56.86,5.4,72.21,52.39,95.31,59.89,7.27,64.94,8,2,6.21,54.49,79.71,86.45,67.95,85.69,72.73,87.45,4,A,Fail,0
STU1811,Aarav,Male,Private,Grade 3,English,High School,42.53,6.44,94.15,53.71,76.8,66.66,2.75,83.3,7,2,4.05,46.04,49.72,75.99,74.98,90.03,66.74,79.33,3,B,Pass,1
STU1812,Olivia,Male,Private,Grade 5,Science,Graduate,51.68,6.52,68.52,64.21,43.02,62.86,12.78,46.59,2,2,6.31,45.53,75.64,61.24,39.85,69.08,57.68,76.74,3,B,Pass,0
STU1813,Noah,Female,Government,Grade 2,Science,High School,47.78,4.77,55.97,61.58,71.94,38.36,2.2,69.31,7,2,3.83,13.68,51.97,60.22,48.06,49.24,49.38,71.15,2,B,Fail,1
STU1814,Damon,Female,Government,Grade 2,Phys.Ed,Post Graduate,28.59,6.04,67.26,57.28,66.03,67.22,2.26,100.0,7,2,3.85,59.11,63.6,68.32,40.52,62.33,60.55,82.7,3,B,Pass,1
STU1815,Mia,Male,Government,Grade 5,English,High School,65.33,7.32,52.86,54.49,55.93,24.25,0.0,100.0,7,3,3.2,63.58,75.03,72.51,56.21,60.89,57.86,65.71,3,C,Not Attended,1
STU1816,Mack,Male,Government,Grade 1,Phys.Ed,Post Graduate,47.07,7.08,73.54,90.16,63.14,53.27,2.68,100.0,7,3,4.27,54.29,97.83,63.75,71.85,65.49,69.97,76.88,3,B,Fail,1
STU1817,Jack,Female,Government,Grade 2,Math's,Graduate,36.95,10.0,74.54,71.57,22.7,60.48,5.31,68.22,4,1,3.77,79.81,70.79,38.05,63.68,60.56,58.45,86.55,3,A,Pass,0
STU1818,Kabir,Male,Private,Grade 1,Phys.Ed,Post Graduate,48.66,6.95,68.27,69.31,72.8,33.78,7.38,80.23,6,2,5.55,60.97,46.5,51.07,75.94,67.34,59.71,75.19,3,B,Pass,1
STU1819,Noah,Female,Semi-Government,Grade 5,Math's,Graduate,62.31,5.58,53.45,33.9,62.54,47.16,10.82,73.32,2,5,6.28,47.72,63.41,59.57,78.35,96.3,61.12,65.78,3,C,Pass,1
STU1820,Damon,Female,Government,Grade 2,Phys.Ed,High School,68.14,5.95,71.19,9.53,76.08,87.16,8.45,84.38,4,1,5.03,64.48,48.64,7.72,55.13,97.79,55.81,71.75,3,B,Not Attended,1
STU1821,Ethan,Male,Semi-Government,Grade 1,Phys.Ed,Graduate,58.94,7.76,85.71,87.05,46.11,39.2,1.63,100.0,5,3,3.15,84.26,75.34,39.4,60.42,70.62,62.8,82.37,3,B,Pass,1
STU1822,Vivaan,Male,Semi-Government,Grade 1,Science,High School,42.18,7.66,85.05,73.98,76.71,68.6,8.37,100.0,5,1,5.35,66.25,62.36,59.67,54.7,63.89,65.77,88.43,3,A,Pass,0
STU1823,Isha,Male,Private,Grade 4,Science,Graduate,37.23,7.88,83.55,91.01,76.8,40.93,5.26,36.8,4,2,4.0,66.8,77.24,23.82,65.49,73.31,64.42,71.62,3,B,Pass,1
STU1824,Anaya,Male,Government,Grade 5,Math's,Graduate,41.99,6.07,82.85,63.94,55.08,46.16,0.47,92.94,4,2,2.09,68.04,67.51,86.55,43.51,82.46,64.15,64.1,3,C,Pass,1
STU1825,Mia,Male,Government,Grade 4,Science,Graduate,38.67,7.01,61.69,75.04,47.08,71.83,7.24,57.77,6,0,5.0,48.72,66.15,63.19,67.06,50.25,61.17,86.35,3,A,Pass,0
STU1826,Sophia,Female,Government,Grade 2,English,Graduate,41.89,7.04,57.61,42.94,66.03,77.06,12.26,70.12,2,1,5.85,78.18,62.9,52.0,57.64,58.96,61.96,73.47,3,B,Fail,1
STU1827,Anaya,Male,Government,Grade 5,English,Graduate,44.9,6.89,72.75,25.54,47.88,76.9,2.95,87.9,2,2,2.38,43.0,50.93,40.32,62.57,31.42,47.32,73.29,2,B,Fail,1
STU1828,Vivaan,Female,Government,Grade 5,English,Post Graduate,0.0,7.72,100.0,100.0,76.49,58.79,7.43,80.75,5,2,5.22,56.31,63.8,51.37,58.59,52.34,64.71,97.77,3,A,Pass,0
STU1829,Kabir,Female,Government,Grade 3,Arts,Graduate,71.87,8.28,77.27,80.01,67.17,70.47,9.96,100.0,5,0,5.73,82.39,62.56,72.24,56.37,64.19,69.43,100.0,3,A,Pass,0
STU1830,Meera,Male,Private,Grade 5,Phys.Ed,Graduate,59.18,8.88,60.54,28.13,55.59,79.26,5.12,18.25,4,2,3.95,50.48,54.59,58.09,78.77,61.87,58.35,64.9,3,C,Pass,1
STU1831,Mack,Female,Private,Grade 1,English,High School,38.07,5.42,60.1,57.71,68.6,95.72,3.39,83.16,4,1,3.01,68.92,75.86,41.72,48.98,59.14,64.58,78.59,3,B,Pass,0
STU1832,Mia,Female,Government,Grade 5,Science,Post Graduate,49.16,5.0,71.66,79.22,75.92,73.02,5.19,68.9,4,4,4.48,63.86,75.18,60.25,74.77,68.96,71.4,85.94,4,A,Pass,0
STU1833,Hudson,Male,Government,Grade 4,Math's,High School,72.83,6.2,64.5,45.34,100.0,68.7,6.27,54.57,2,3,3.96,66.23,75.82,56.46,52.67,28.26,61.69,75.15,3,B,Pass,0
STU1834,Riya,Male,Government,Grade 5,English,Post Graduate,61.06,8.75,70.0,85.32,78.92,61.04,5.43,78.87,5,3,4.67,45.9,69.68,41.86,59.67,89.09,66.44,100.0,3,A,Pass,0
STU1835,Emma,Male,Government,Grade 4,Arts,Graduate,66.91,6.05,96.69,74.41,36.46,28.51,3.61,67.88,7,2,4.39,46.67,60.77,84.09,50.87,80.45,57.78,63.81,3,C,Pass,1
STU1836,Shawn,Female,Semi-Government,Grade 5,Arts,Post Graduate,59.08,5.42,61.61,98.07,38.35,72.7,16.87,100.0,3,3,8.55,77.94,64.76,48.51,37.72,60.82,62.36,76.39,3,B,Pass,0
STU1837,Damon,Female,Government,Grade 4,English,Post Graduate,16.07,5.09,80.28,60.03,82.91,60.93,0.25,54.08,4,3,2.25,65.8,56.79,70.72,69.94,72.71,67.48,79.07,3,B,Pass,1
STU1838,Aditya,Female,Semi-Government,Grade 3,Arts,High School,39.27,3.75,87.18,46.3,60.1,50.01,8.09,69.82,4,1,4.89,64.16,63.98,63.0,65.99,77.7,61.4,71.68,3,B,Pass,0
STU1839,Vivaan,Female,Private,Grade 5,Math's,High School,57.08,7.05,82.91,69.7,46.37,63.65,7.29,50.92,5,1,4.92,63.85,55.93,65.62,57.55,79.41,62.76,81.24,3,B,Pass,0
STU1840,Aditya,Female,Private,Grade 5,Science,Post Graduate,55.72,4.35,81.73,66.74,47.63,84.15,6.24,48.17,3,2,4.05,73.09,54.83,49.93,43.88,60.93,60.15,55.08,3,C,Pass,0
STU1841,Zen,Female,Private,Grade 1,Phys.Ed,High School,30.91,8.61,49.06,100.0,56.4,29.44,3.32,58.51,5,0,3.08,80.41,72.98,67.39,64.07,53.55,65.53,87.22,3,A,Pass,1
STU1842,Anaya,Female,Government,Grade 1,Science,Graduate,43.01,6.48,68.9,99.31,62.83,0.0,1.12,64.97,4,3,2.6,73.58,53.32,90.14,56.32,71.15,63.33,62.98,3,C,Pass,1
STU1843,Sara,Female,Private,Grade 2,Phys.Ed,Graduate,19.74,6.63,66.93,60.52,66.66,38.18,5.37,63.69,7,2,5.1,57.47,65.55,60.57,73.57,51.9,59.3,78.98,3,B,Pass,1
STU1844,Liam,Male,Government,Grade 3,Science,High School,60.65,4.09,96.39,56.38,100.0,66.11,0.0,61.25,3,3,1.8,60.04,68.74,67.45,57.42,85.17,70.16,74.34,4,B,Pass,1
STU1845,Damon,Female,Government,Grade 1,Science,Graduate,21.4,6.01,47.18,92.52,39.31,58.36,6.64,100.0,5,1,4.66,51.16,82.48,57.72,51.38,28.35,57.66,92.26,3,A,Not Attended,1
STU1846,Diya,Female,Government,Grade 5,Arts,High School,39.92,5.62,92.4,51.74,67.28,62.19,12.12,87.22,6,4,7.95,56.96,67.0,39.16,58.81,65.94,58.63,79.64,3,B,Pass,0
STU1847,Isha,Male,Private,Grade 5,Phys.Ed,Graduate,57.08,5.66,60.24,52.36,56.33,62.51,4.1,53.45,5,0,3.39,53.0,70.46,65.78,72.62,43.57,59.58,59.93,3,C,Pass,0
STU1848,Vivaan,Female,Semi-Government,Grade 4,Science,Graduate,28.78,6.74,78.95,27.73,79.56,78.13,7.01,33.73,3,2,4.35,42.03,55.94,39.45,73.86,81.1,59.72,80.73,3,B,Pass,1
STU1849,Hudson,Male,Government,Grade 1,English,Graduate,89.6,5.61,72.45,73.55,95.96,70.12,15.11,70.82,8,2,9.34,72.5,45.22,72.62,68.19,85.74,72.99,82.03,4,B,Pass,0
STU1850,Sophia,Male,Government,Grade 5,Math's,High School,43.33,6.81,71.25,63.11,73.68,69.95,5.69,67.16,6,2,4.88,74.46,66.4,63.05,63.57,67.11,67.67,88.26,3,A,Pass,0
STU1851,Damon,Male,Private,Grade 3,Science,Graduate,48.87,5.84,68.34,55.84,51.7,100.0,8.32,87.9,5,1,5.33,62.86,49.66,21.33,87.58,63.06,61.51,79.63,3,B,Pass,0
STU1852,Sophia,Male,Government,Grade 3,English,Post Graduate,68.44,8.33,71.21,56.8,43.06,69.21,6.63,67.91,6,1,5.0,44.29,81.22,43.16,41.15,61.73,55.08,86.65,3,A,Pass,0
STU1853,Damon,Female,Private,Grade 3,Math's,High School,3.38,7.21,73.65,56.56,58.62,52.25,12.41,91.11,5,2,7.21,84.45,59.68,60.05,46.01,53.73,58.92,72.61,3,B,Pass,0
STU1854,Vivaan,Male,Private,Grade 2,English,Graduate,5.3,6.43,86.16,61.6,56.5,75.04,0.0,4.04,5,4,2.75,84.56,66.68,20.57,65.51,39.37,58.73,63.5,3,C,Pass,1
STU1855,Mason,Female,Private,Grade 4,Phys.Ed,High School,32.64,6.88,99.92,63.38,57.17,94.53,4.52,67.91,3,2,3.36,61.27,43.39,39.13,62.43,40.76,57.76,94.23,3,A,Fail,0
STU1856,Isha,Female,Government,Grade 1,English,High School,38.0,4.96,65.78,48.19,81.47,83.01,0.72,70.64,3,2,1.84,43.32,65.36,73.67,75.64,57.27,65.99,74.24,3,B,Pass,1
STU1857,Riya,Male,Private,Grade 2,Arts,Post Graduate,64.23,8.27,79.39,87.76,70.35,60.86,7.09,51.71,7,0,5.29,72.32,52.47,75.57,63.14,60.82,67.91,89.82,3,A,Not Attended,0
STU1858,Jack,Male,Government,Grade 4,Phys.Ed,Post Graduate,25.05,6.03,69.04,11.23,50.44,45.82,13.56,71.45,2,1,6.37,55.18,51.26,39.3,50.0,80.2,47.93,59.53,2,C,Pass,1
STU1859,Aditya,Male,Government,Grade 5,Science,Graduate,45.39,6.82,78.54,0.0,52.61,59.87,8.94,100.0,5,0,5.33,60.39,70.2,82.53,70.92,39.41,54.49,65.98,2,C,Pass,1
STU1860,Kabir,Female,Semi-Government,Grade 5,Math's,Graduate,51.3,10.0,100.0,67.18,93.07,39.04,5.6,46.86,4,2,4.14,32.58,72.33,80.27,49.39,71.53,63.18,88.52,3,A,Pass,1
STU1861,Cal,Female,Government,Grade 2,Science,Post Graduate,71.3,6.29,67.38,82.2,67.51,27.07,7.53,72.76,8,4,6.81,71.74,68.99,100.0,36.7,52.66,63.36,69.75,3,C,Pass,1
STU1862,Riya,Female,Private,Grade 4,Phys.Ed,High School,91.77,6.35,48.84,41.09,35.36,20.73,7.92,47.59,4,4,5.57,65.84,44.0,88.45,74.78,72.99,55.41,45.23,3,D,Fail,1
STU1863,Mason,Male,Government,Grade 5,Phys.Ed,High School,10.04,9.13,55.62,63.39,87.51,45.71,4.93,44.5,4,4,4.37,83.36,79.04,72.78,70.03,35.42,67.16,87.39,3,A,Pass,1
STU1864,Ava,Male,Government,Grade 4,Phys.Ed,Post Graduate,25.91,6.72,62.68,8.72,52.0,81.69,6.29,67.88,7,3,5.72,77.89,45.27,28.38,43.89,55.1,49.12,80.14,2,B,Pass,1
STU1865,Cal,Male,Private,Grade 1,Science,Graduate,8.72,6.76,49.95,71.82,68.31,100.0,4.58,41.3,3,1,3.13,42.99,47.65,91.14,63.33,69.62,69.36,84.13,3,B,Pass,1
STU1866,Olivia,Male,Private,Grade 2,Math's,High School,74.81,7.0,61.13,59.82,63.55,72.97,9.63,56.9,5,1,5.85,47.23,60.69,50.24,61.03,71.76,60.91,79.88,3,B,Pass,0
STU1867,Isha,Female,Government,Grade 2,Phys.Ed,Graduate,61.73,5.2,66.6,10.69,90.93,49.42,5.26,69.92,4,5,4.75,52.65,72.07,16.62,59.67,81.73,54.22,60.32,2,C,Pass,1
STU1868,Olivia,Female,Government,Grade 2,Math's,Post Graduate,0.0,6.32,81.82,2.39,80.38,25.76,5.13,63.38,4,3,4.2,66.7,62.81,21.84,83.19,49.63,49.09,54.24,2,D,Pass,1
STU1869,Sophia,Female,Government,Grade 2,English,Post Graduate,61.37,4.28,36.93,54.17,55.48,69.31,3.26,89.37,3,2,2.85,80.25,48.72,53.6,57.72,50.63,58.74,67.28,3,C,Fail,1
STU1870,Mia,Male,Private,Grade 5,Arts,Graduate,52.89,3.61,63.55,48.38,55.91,45.31,6.58,80.77,6,3,5.48,86.88,75.19,76.75,73.57,73.93,66.99,66.9,3,C,Pass,0
STU1871,Hudson,Male,Private,Grade 2,Math's,Graduate,32.77,7.49,56.63,93.89,77.36,97.53,12.7,63.81,2,2,6.28,54.52,73.27,26.09,76.37,77.0,72.0,95.34,4,A,Not Attended,1
STU1872,Emma,Female,Private,Grade 1,Phys.Ed,Graduate,36.29,4.42,51.84,76.84,52.52,87.27,9.51,92.74,3,0,4.85,77.77,73.67,82.76,52.58,37.55,67.62,81.03,3,B,Pass,1
STU1873,Mia,Female,Government,Grade 1,Arts,High School,38.98,6.16,74.08,43.71,62.67,42.81,6.78,63.52,2,1,3.66,77.44,50.02,72.93,68.37,59.18,59.64,74.71,3,B,Fail,1
STU1874,Isha,Male,Private,Grade 5,Phys.Ed,Post Graduate,39.58,5.61,62.28,55.71,79.18,71.91,10.02,92.55,4,1,5.66,71.39,62.68,75.08,62.82,79.22,69.75,69.64,3,C,Pass,0
STU1875,Michal,Male,Semi-Government,Grade 2,Science,High School,50.67,6.36,100.0,75.23,78.63,61.33,11.61,95.97,3,1,5.94,63.62,64.16,61.03,32.19,88.45,65.58,87.05,3,A,Pass,0
STU1876,Mack,Female,Semi-Government,Grade 4,Arts,Post Graduate,95.49,4.99,70.51,61.4,58.72,59.32,8.55,93.69,2,2,4.62,41.61,61.97,65.34,65.44,66.09,59.99,72.55,3,B,Pass,0
STU1877,Anaya,Male,Semi-Government,Grade 2,Math's,High School,56.94,9.43,52.34,42.56,49.82,46.1,5.92,91.9,3,3,4.17,76.14,90.99,53.45,45.86,43.96,56.11,87.94,3,A,Fail,1
STU1878,Vivaan,Male,Government,Grade 5,Phys.Ed,High School,45.9,6.15,78.86,66.15,27.22,70.8,2.15,82.08,4,2,2.76,68.52,65.46,63.91,62.39,72.77,62.15,79.02,3,B,Pass,1
STU1879,Cal,Male,Private,Grade 2,English,Graduate,35.18,4.55,77.98,54.89,55.17,70.58,8.85,74.06,4,2,5.44,99.39,79.72,58.24,67.8,57.92,67.96,77.96,3,B,Pass,0
STU1880,Sara,Male,Semi-Government,Grade 2,Math's,Graduate,32.92,6.77,61.85,80.64,61.05,55.27,2.26,46.35,2,0,1.6,74.73,86.16,57.27,50.22,49.79,64.39,75.96,3,B,Not Attended,1
STU1881,Emma,Male,Government,Grade 4,Phys.Ed,Graduate,60.77,8.42,67.1,30.19,52.39,100.0,11.47,83.51,1,0,4.94,76.71,53.13,40.74,89.76,51.83,61.84,90.33,3,A,Pass,1
STU1882,Kabir,Male,Semi-Government,Grade 5,English,Post Graduate,40.79,6.93,84.55,59.23,61.23,75.28,1.34,35.33,11,2,4.89,48.62,50.5,76.01,55.93,74.52,62.67,85.22,3,A,Fail,1
STU1883,Shawn,Female,Semi-Government,Grade 3,English,Graduate,36.3,6.28,61.28,67.15,92.47,56.91,3.25,63.36,5,0,3.05,55.25,81.36,56.34,55.01,78.46,67.87,72.37,3,B,Pass,0
STU1884,Kabir,Female,Private,Grade 5,English,Graduate,60.67,4.98,80.47,41.93,50.21,57.52,14.9,58.41,7,0,8.41,91.43,85.25,38.71,64.59,31.66,57.66,74.41,3,B,Pass,1
STU1885,Diya,Female,Private,Grade 5,Math's,High School,71.76,7.03,77.5,33.05,67.19,36.53,6.01,47.57,6,2,5.0,74.2,55.27,70.18,64.01,49.73,56.27,69.34,3,C,Pass,1
STU1886,Ethan,Female,Semi-Government,Grade 5,Science,High School,45.62,7.62,100.0,47.28,52.89,78.3,3.42,92.92,2,3,2.82,69.38,62.72,69.8,45.12,62.58,61.01,91.76,3,A,Pass,0
STU1887,Mack,Female,Semi-Government,Grade 3,Math's,High School,0.0,6.97,85.37,75.36,77.72,43.42,12.88,72.42,5,8,8.9,39.94,48.82,39.82,54.2,87.18,58.31,99.96,3,A,Pass,1
STU1888,Robert,Male,Private,Grade 5,English,Graduate,0.0,5.81,66.59,53.05,28.89,25.73,2.19,80.78,6,1,3.23,66.55,71.67,53.57,49.38,29.04,47.23,76.45,2,B,Pass,1
STU1889,Michal,Male,Government,Grade 2,English,Graduate,37.47,4.58,69.81,60.99,33.34,40.74,0.12,39.32,2,3,1.5,61.68,70.42,21.93,55.78,51.86,49.59,47.44,2,D,Not Attended,1
STU1890,Sara,Male,Semi-Government,Grade 2,Science,High School,35.22,5.41,71.95,73.35,100.0,41.61,3.35,50.83,9,3,5.24,57.25,60.75,59.77,40.03,54.97,60.97,87.39,3,A,Pass,1
STU1891,Shawn,Female,Government,Grade 3,Science,Post Graduate,46.59,6.64,100.0,76.39,18.43,46.71,5.71,69.9,2,3,3.73,62.5,24.48,69.17,69.14,68.88,54.46,75.25,2,B,Pass,0
STU1892,Robert,Male,Government,Grade 1,English,High School,30.51,3.69,67.74,53.71,35.41,76.19,1.96,96.25,4,2,2.68,31.7,63.28,78.58,61.55,67.72,58.52,71.61,3,B,Pass,1
STU1893,Damon,Male,Private,Grade 2,Phys.Ed,Post Graduate,31.48,6.7,79.86,87.14,53.94,7.33,6.36,77.98,6,4,5.64,76.32,77.14,83.12,82.56,28.77,62.04,60.07,3,C,Fail,1
STU1894,Kabir,Female,Semi-Government,Grade 5,Phys.Ed,Graduate,70.26,4.58,68.92,41.07,68.59,87.72,8.85,71.35,5,0,5.29,57.95,38.69,64.77,57.58,56.91,59.16,73.12,3,B,Pass,1
STU1895,Ava,Female,Government,Grade 1,Math's,High School,43.29,7.84,72.83,34.62,56.32,55.27,0.0,48.92,6,1,2.35,68.12,56.13,100.0,69.65,48.29,61.05,79.16,3,B,Pass,1
STU1896,Anaya,Male,Government,Grade 3,Science,Graduate,58.59,5.81,80.23,29.75,51.39,59.8,3.61,95.5,4,1,3.09,67.12,96.16,59.89,53.49,60.32,59.74,81.58,3,B,Pass,1
STU1897,Aarav,Female,Private,Grade 5,English,High School,66.16,9.82,55.17,55.43,42.93,67.53,17.2,100.0,2,7,9.33,62.8,74.13,47.84,53.24,53.73,57.2,100.0,3,A,Pass,1
STU1898,Mason,Female,Semi-Government,Grade 5,Arts,High School,38.13,6.9,89.15,38.84,79.95,59.68,2.27,65.54,1,4,2.26,53.1,41.09,37.26,65.21,62.39,54.69,63.34,2,C,Pass,1
STU1899,Ava,Female,Semi-Government,Grade 3,Phys.Ed,High School,39.74,6.83,69.03,66.34,48.71,35.31,3.77,71.93,2,1,2.46,54.34,73.63,19.58,45.64,84.68,53.53,71.6,2,B,Pass,1
STU1900,Zen,Female,Semi-Government,Grade 1,Math's,High School,73.38,8.12,88.23,31.98,80.92,69.36,12.37,64.34,2,4,6.65,93.62,59.24,73.07,47.86,53.88,63.74,94.25,3,A,Pass,1
STU1901,Noah,Male,Government,Grade 3,Phys.Ed,High School,23.31,8.43,25.15,66.05,84.65,86.58,2.68,75.57,4,3,3.22,75.98,65.13,47.44,40.05,49.9,64.47,83.29,3,B,Pass,1
STU1902,Riya,Female,Government,Grade 1,Arts,Graduate,78.59,9.81,73.86,62.71,44.17,12.45,4.56,100.0,5,1,3.82,76.95,93.49,56.95,78.02,43.13,58.48,77.92,3,B,Pass,1
STU1903,Noah,Female,Private,Grade 5,English,High School,40.45,7.15,57.61,48.28,59.34,34.91,8.65,58.18,1,1,4.06,64.63,58.33,55.74,55.41,55.59,54.03,69.88,2,C,Fail,1
STU1904,Olivia,Female,Private,Grade 2,English,Post Graduate,44.0,6.6,62.78,80.54,65.2,89.12,10.23,82.53,6,0,6.19,65.4,66.63,89.39,71.38,69.34,74.63,96.8,4,A,Pass,0
STU1905,Aarav,Male,Semi-Government,Grade 1,Math's,Graduate,18.82,7.92,67.45,81.93,73.52,58.36,9.61,84.35,10,4,8.34,31.25,55.68,52.09,43.0,56.68,56.56,83.86,3,B,Fail,0
STU1906,Cal,Female,Private,Grade 3,Arts,High School,55.64,4.68,63.48,57.06,36.24,42.62,2.83,73.64,1,1,1.73,47.36,87.66,33.04,53.12,76.89,54.25,53.6,2,D,Pass,1
STU1907,Aarav,Female,Private,Grade 2,Science,Graduate,38.23,4.77,69.0,68.86,85.71,40.73,4.06,59.98,5,4,4.37,80.73,35.31,94.07,61.96,75.12,67.81,57.07,3,C,Pass,1
STU1908,Liam,Female,Private,Grade 2,Arts,Graduate,14.55,8.63,51.86,74.4,85.35,89.47,8.67,46.84,8,0,6.27,46.29,67.08,37.06,73.25,76.54,68.68,100.0,3,A,Pass,1
STU1909,Sophia,Female,Private,Grade 5,Science,High School,54.53,5.93,37.48,77.81,30.87,37.62,3.82,58.45,7,0,3.98,54.25,58.84,60.75,44.84,91.57,57.07,63.09,3,C,Pass,1
STU1910,Hudson,Female,Private,Grade 5,Science,Graduate,31.04,7.72,89.87,56.49,65.01,50.45,9.99,75.4,1,4,5.35,38.43,83.81,44.46,62.17,85.42,60.78,88.36,3,A,Not Attended,0
STU1911,Mia,Male,Government,Grade 1,Phys.Ed,High School,53.82,10.0,59.11,49.36,45.96,52.3,8.09,43.29,3,0,4.29,60.79,72.14,66.53,57.51,73.12,59.71,94.62,3,A,Not Attended,1
STU1912,Ethan,Female,Government,Grade 5,Science,High School,62.23,8.37,92.14,55.98,72.82,78.25,4.21,34.66,5,3,4.18,65.37,61.97,95.88,65.85,47.43,67.94,69.63,3,C,Fail,0
STU1913,Ethan,Male,Semi-Government,Grade 5,Phys.Ed,High School,12.47,9.3,68.76,94.44,39.54,50.43,1.94,85.01,3,2,2.33,28.85,78.25,77.59,49.81,53.12,59.0,96.12,3,A,Pass,1
STU1914,Liam,Male,Private,Grade 2,Phys.Ed,High School,63.54,6.23,78.48,79.29,32.6,60.21,9.71,73.78,5,2,6.13,59.92,53.99,81.52,68.84,49.87,60.78,64.5,3,C,Pass,0
STU1915,Isha,Male,Private,Grade 3,Math's,Post Graduate,36.78,4.99,57.99,55.77,54.4,49.54,6.65,52.42,4,1,4.31,53.31,52.55,45.96,43.16,91.12,55.73,65.71,3,C,Not Attended,1
STU1916,Anaya,Female,Semi-Government,Grade 5,English,Graduate,21.08,4.7,65.47,58.19,40.32,4.12,2.14,33.51,3,1,2.16,60.43,75.27,70.11,37.97,46.28,49.09,57.71,2,C,Fail,1
STU1917,Meera,Male,Semi-Government,Grade 3,Math's,High School,45.82,7.99,85.08,80.09,86.38,74.2,7.17,21.8,2,2,4.07,73.55,49.34,68.43,58.69,59.95,68.83,88.09,3,A,Pass,0
STU1918,Emma,Female,Semi-Government,Grade 1,English,High School,16.3,4.98,70.64,37.2,37.2,86.81,1.81,34.58,3,1,2.02,61.28,78.48,74.54,51.67,54.5,60.21,79.93,3,B,Pass,1
STU1919,Lucas,Male,Private,Grade 3,Math's,High School,56.07,6.88,75.77,59.65,84.89,30.03,10.43,57.58,6,3,7.02,70.73,79.35,78.32,60.92,43.04,63.37,86.88,3,A,Pass,1
STU1920,Mia,Female,Government,Grade 3,Arts,High School,54.73,6.88,86.91,61.91,65.75,93.26,2.13,69.6,4,1,2.5,70.99,72.0,70.03,59.94,81.49,71.92,78.67,4,B,Pass,1
STU1921,Mia,Male,Private,Grade 2,English,High School,68.68,4.48,59.88,58.24,50.01,96.03,6.63,68.48,5,1,4.65,73.85,58.98,46.19,63.17,79.78,65.78,54.92,3,D,Pass,1
STU1922,Olivia,Male,Government,Grade 5,Phys.Ed,Graduate,78.39,5.09,58.08,53.57,46.68,57.34,11.03,53.23,6,5,7.76,67.51,66.46,68.32,58.63,56.63,59.39,61.75,3,C,Fail,1
STU1923,Cal,Female,Semi-Government,Grade 2,Phys.Ed,High School,0.0,5.91,76.65,46.14,69.21,8.8,12.23,72.5,5,3,7.39,68.72,84.55,43.48,44.65,36.7,50.28,70.74,2,B,Pass,1
STU1924,Olivia,Male,Semi-Government,Grade 5,Arts,High School,70.58,7.27,86.48,35.15,50.82,68.72,0.0,62.71,13,2,5.05,53.52,69.34,79.86,60.09,49.11,58.33,61.46,3,C,Pass,1
STU1925,Aditya,Female,Semi-Government,Grade 5,Math's,Post Graduate,88.76,7.34,98.51,16.54,30.95,96.01,3.41,68.68,5,2,3.61,51.17,63.56,48.88,67.99,55.8,53.86,70.9,2,B,Pass,1
STU1926,Shawn,Male,Private,Grade 5,Science,High School,40.39,4.92,70.09,42.64,90.33,34.76,13.67,68.0,4,1,7.12,59.42,67.63,57.19,49.34,64.36,58.21,65.22,3,C,Pass,1
STU1927,Aarav,Male,Semi-Government,Grade 4,Phys.Ed,High School,0.0,8.99,100.0,53.14,48.97,75.74,10.43,70.72,4,2,6.07,52.95,60.04,65.59,67.57,69.04,61.63,100.0,3,A,Pass,0
STU1928,Emma,Female,Government,Grade 5,Arts,Graduate,92.79,8.85,81.18,28.42,65.71,40.86,1.92,43.07,3,0,1.82,78.79,77.28,70.29,53.74,53.99,58.63,66.02,3,C,Not Attended,1
STU1929,Mason,Female,Government,Grade 3,English,Graduate,63.63,8.84,70.9,58.81,40.14,69.9,9.98,61.74,4,4,6.39,62.76,58.31,33.76,70.05,57.39,56.39,85.08,3,A,Pass,0
STU1930,Zen,Female,Private,Grade 5,Math's,Post Graduate,39.37,4.54,74.6,56.79,56.76,81.02,2.05,21.65,3,1,2.12,71.25,65.35,38.63,49.58,57.03,59.55,56.36,3,C,Pass,1
STU1931,Emma,Female,Semi-Government,Grade 5,Arts,High School,0.0,4.97,91.93,55.63,52.13,69.87,6.14,84.24,2,3,3.91,48.19,75.19,15.15,73.84,62.43,56.55,60.75,3,C,Fail,0
STU1932,Tyler,Male,Government,Grade 4,English,Graduate,36.83,8.0,76.27,14.02,68.76,35.15,7.91,73.71,2,5,5.11,67.6,36.09,34.14,48.2,51.02,44.37,72.61,2,B,Pass,1
STU1933,Ethan,Female,Government,Grade 3,Math's,High School,35.73,7.58,100.0,56.54,71.71,14.66,0.0,71.28,3,3,1.8,60.03,65.72,54.79,55.39,70.1,56.12,65.94,3,C,Pass,1
STU1934,Aarav,Male,Government,Grade 5,Arts,High School,39.94,6.97,96.79,46.12,59.17,27.47,1.55,88.33,2,2,1.82,69.63,63.71,50.52,61.7,41.15,52.43,75.89,2,B,Pass,1
STU1935,Cal,Female,Government,Grade 3,Math's,High School,54.51,5.44,80.05,66.35,62.62,97.51,6.83,37.73,3,2,4.28,60.38,60.69,56.25,58.05,79.09,67.62,79.19,3,B,Pass,0
STU1936,Lucas,Female,Government,Grade 4,Science,High School,42.54,4.45,63.91,71.16,49.5,41.44,8.48,71.96,5,1,5.39,46.86,49.96,51.36,35.66,4.21,43.77,68.59,2,C,Pass,1
STU1937,Michal,Female,Private,Grade 5,Phys.Ed,Graduate,50.16,9.61,97.11,53.08,48.52,24.1,7.78,100.0,5,2,5.36,78.92,81.19,50.32,64.54,47.56,56.03,75.37,3,B,Pass,1
STU1938,Michal,Female,Government,Grade 4,Math's,Graduate,44.37,5.41,62.69,59.29,48.6,33.65,0.0,70.36,0,1,0.25,56.6,67.94,69.01,65.36,62.06,57.81,60.96,3,C,Pass,1
STU1939,Aarav,Male,Private,Grade 1,English,High School,37.07,7.75,98.41,68.24,34.58,64.95,9.11,53.38,2,2,4.84,58.01,59.24,49.62,47.09,84.13,58.23,80.04,3,B,Pass,0
STU1940,Aarav,Female,Government,Grade 5,Arts,Graduate,98.3,3.61,69.74,70.64,62.32,26.55,9.72,46.94,9,1,7.29,74.51,49.07,51.69,54.93,78.69,58.55,59.22,3,C,Pass,1
STU1941,Cal,Female,Private,Grade 2,English,Post Graduate,50.42,8.81,43.1,70.0,70.14,33.29,3.33,57.44,10,5,6.08,34.84,77.37,100.0,64.44,75.54,65.7,89.84,3,A,Fail,1
STU1942,Vivaan,Male,Private,Grade 5,Phys.Ed,High School,39.19,5.75,88.37,67.32,52.29,62.71,4.43,36.87,6,1,4.12,61.39,71.32,63.87,66.4,50.38,61.96,78.06,3,B,Pass,0
STU1943,Olivia,Female,Private,Grade 2,Phys.Ed,Post Graduate,12.16,5.54,45.77,25.88,64.2,69.98,0.32,71.33,7,4,3.58,62.01,57.55,31.59,72.04,65.58,56.1,64.54,3,C,Fail,1
STU1944,Jack,Female,Private,Grade 2,Arts,Graduate,0.0,5.77,80.05,49.96,32.39,77.47,9.85,69.34,7,1,6.64,69.64,96.33,58.66,71.07,44.25,62.47,90.29,3,A,Pass,0
STU1945,Vivaan,Female,Private,Grade 2,Math's,High School,24.94,5.27,75.88,25.23,47.73,58.81,5.16,37.63,4,3,4.21,39.76,37.83,61.31,68.77,71.26,51.34,51.47,2,D,Fail,1
STU1946,Tyler,Male,Government,Grade 5,Phys.Ed,Graduate,36.09,3.51,99.08,39.39,73.88,47.68,2.62,60.34,3,0,2.1,89.51,73.63,32.05,51.03,47.79,56.87,60.7,3,C,Pass,1
STU1947,Isha,Male,Private,Grade 5,Science,High School,26.39,5.22,85.87,23.65,47.34,81.57,2.33,25.8,3,2,2.48,53.45,69.2,70.4,71.64,52.4,58.71,52.07,3,D,Pass,1
STU1948,Diya,Female,Private,Grade 3,Arts,High School,35.63,7.39,93.11,28.87,51.03,49.34,3.08,46.66,8,2,4.53,64.49,86.03,67.63,58.41,62.2,58.5,80.24,3,B,Pass,1
STU1949,Anaya,Female,Government,Grade 5,English,High School,76.9,5.26,91.32,64.67,57.89,72.91,3.42,29.17,6,1,3.72,66.23,79.77,50.19,64.17,43.3,62.39,62.13,3,C,Pass,0
STU1950,Ethan,Male,Government,Grade 1,Math's,Graduate,44.34,5.71,61.86,46.82,64.81,54.55,8.02,42.72,1,0,3.56,80.2,73.52,61.62,56.48,58.99,62.12,77.45,3,B,Fail,0
STU1951,Isha,Female,Government,Grade 5,Math's,High School,56.29,6.7,74.75,35.03,61.59,63.13,6.11,80.64,2,2,3.64,51.06,60.2,56.85,41.38,59.92,53.65,79.9,2,B,Pass,1
STU1952,Anaya,Male,Government,Grade 3,Science,High School,65.8,6.75,60.52,67.28,80.08,70.85,5.84,45.7,2,0,3.04,44.43,82.16,65.79,64.62,90.51,70.71,64.46,4,C,Fail,0
STU1953,Ava,Male,Government,Grade 3,Arts,High School,84.59,8.66,67.4,88.14,87.05,12.56,1.26,35.89,1,2,1.35,52.81,19.28,59.97,81.39,62.03,57.9,85.97,3,A,Pass,1
STU1954,Sara,Female,Private,Grade 3,English,Graduate,40.12,6.97,63.45,74.11,62.53,82.04,3.33,45.37,2,3,2.78,43.98,70.8,42.82,74.2,77.53,66.0,83.03,3,B,Pass,0
STU1955,Cal,Male,Private,Grade 5,Arts,Graduate,72.48,7.95,50.01,55.61,63.08,80.13,3.25,70.98,4,3,3.45,61.67,88.25,45.51,65.47,81.98,67.71,84.93,3,B,Pass,1
STU1956,Sophia,Female,Government,Grade 5,English,High School,51.06,5.51,76.85,96.03,47.25,74.51,7.71,48.64,2,2,4.28,47.7,87.84,66.89,40.45,49.71,63.8,81.13,3,B,Pass,0
STU1957,Mason,Male,Private,Grade 5,Arts,High School,49.09,4.78,56.77,37.75,55.5,65.34,14.15,60.18,4,2,7.56,65.36,46.33,54.57,61.73,52.67,54.91,62.46,2,C,Pass,1
STU1958,Zen,Female,Government,Grade 5,Phys.Ed,High School,43.79,4.57,58.74,60.77,73.09,90.19,8.75,69.27,2,1,4.45,47.87,67.8,28.53,56.48,84.36,63.64,84.47,3,B,Not Attended,1
STU1959,Hudson,Male,Semi-Government,Grade 2,Arts,High School,58.33,5.71,59.84,38.88,61.61,46.65,5.66,60.63,7,4,5.71,71.35,85.51,33.32,49.42,70.16,57.11,77.03,3,B,Pass,1
STU1960,Meera,Female,Semi-Government,Grade 4,Science,High School,66.64,5.8,72.02,39.84,53.54,27.18,3.63,78.28,2,2,2.65,35.44,70.36,71.0,40.38,100.0,54.72,55.24,2,C,Pass,1
STU1961,Mack,Female,Semi-Government,Grade 3,Science,Graduate,73.06,7.34,46.39,16.23,84.31,70.77,7.28,47.86,4,4,5.31,65.94,57.68,31.51,63.9,60.48,56.35,79.89,3,B,Fail,1
STU1962,Jack,Female,Government,Grade 3,Science,Graduate,62.02,8.37,90.32,66.07,71.45,43.2,9.38,49.98,6,0,5.85,86.03,70.66,73.45,61.97,51.9,65.59,88.72,3,A,Fail,1
STU1963,Lucas,Male,Private,Grade 5,English,High School,31.21,2.0,65.59,59.71,46.82,66.0,4.31,65.86,7,3,4.92,56.61,64.26,28.18,70.68,82.04,59.29,42.25,3,D,Pass,1
STU1964,Damon,Female,Private,Grade 5,Math's,Graduate,5.2,4.04,61.92,69.96,89.77,64.16,7.51,82.15,5,2,5.25,78.22,79.45,25.22,52.96,49.4,63.64,83.92,3,B,Pass,0
STU1965,Robert,Male,Government,Grade 2,English,Graduate,37.84,2.77,85.12,56.59,77.59,94.19,9.29,67.3,3,2,5.27,31.99,49.18,42.18,71.59,60.13,60.43,69.11,3,C,Pass,0
STU1966,Shawn,Female,Government,Grade 1,Arts,Graduate,42.02,6.89,80.19,32.31,37.39,42.27,6.97,68.8,3,4,4.84,83.97,58.67,72.68,67.75,85.64,60.09,68.75,3,C,Pass,1
STU1967,Riya,Female,Private,Grade 4,Arts,High School,69.99,5.71,70.29,65.99,66.98,58.62,10.12,100.0,7,5,7.75,69.19,58.59,47.97,69.34,61.85,62.31,91.02,3,A,Pass,0
STU1968,Tyler,Male,Private,Grade 2,Math's,High School,18.55,8.38,61.56,70.47,84.15,77.08,3.47,45.85,5,3,3.89,63.14,62.59,69.41,62.38,73.77,70.37,89.3,4,A,Pass,0
STU1969,Zen,Female,Government,Grade 3,English,Graduate,34.92,6.53,65.28,72.69,75.38,36.08,12.49,61.57,7,2,7.95,48.1,59.0,52.34,75.31,41.94,57.61,72.23,3,B,Fail,1
STU1970,Olivia,Female,Private,Grade 5,Phys.Ed,Graduate,8.97,6.37,78.89,51.8,80.04,47.07,2.97,88.81,2,1,2.14,48.27,55.92,80.75,59.68,97.11,65.08,76.08,3,B,Pass,1
STU1971,Robert,Male,Semi-Government,Grade 4,Arts,High School,41.13,4.68,37.09,57.65,79.03,62.71,6.37,3.63,8,0,5.35,69.92,49.35,74.84,44.74,73.48,63.96,62.73,3,C,Fail,1
STU1972,Aarav,Female,Government,Grade 3,Arts,High School,20.69,8.02,69.24,30.74,46.62,48.18,0.0,39.12,2,1,0.95,63.5,58.91,80.88,70.02,68.81,58.46,56.73,3,C,Fail,1
STU1973,Ava,Female,Government,Grade 5,Arts,Post Graduate,61.16,8.84,51.03,52.18,40.19,40.16,0.46,40.37,2,6,2.38,45.63,62.49,63.44,57.38,54.57,52.01,64.03,2,C,Not Attended,1
STU1974,Olivia,Female,Private,Grade 3,Science,Graduate,35.54,5.18,92.15,54.21,57.78,68.73,0.97,70.41,4,3,2.54,35.47,63.16,91.17,71.55,65.99,63.51,67.35,3,C,Pass,1
STU1975,Aditya,Male,Semi-Government,Grade 5,Science,High School,35.81,4.35,64.05,74.58,62.96,55.45,1.67,87.17,5,2,2.92,74.3,75.59,78.3,52.45,72.85,68.31,77.08,3,B,Pass,1
STU1976,Mason,Female,Semi-Government,Grade 3,Science,Graduate,50.08,4.45,79.93,95.98,71.36,61.86,6.76,68.47,4,3,4.85,46.78,69.1,31.97,51.91,54.57,60.44,86.37,3,A,Pass,0
STU1977,Emma,Female,Private,Grade 5,Phys.Ed,Graduate,58.15,5.62,49.68,45.72,79.15,51.11,8.44,22.12,3,1,4.68,60.14,76.32,51.54,51.34,67.69,60.38,66.55,3,C,Pass,1
STU1978,Mason,Female,Semi-Government,Grade 2,Math's,High School,69.98,6.49,67.27,71.24,89.77,100.0,5.41,100.0,4,1,3.81,65.48,74.58,74.15,60.02,59.64,74.36,98.58,4,A,Pass,0
STU1979,Diya,Male,Government,Grade 5,Arts,High School,14.63,6.2,77.97,86.4,100.0,49.3,5.65,76.9,2,2,3.46,61.78,55.41,30.94,65.9,79.86,66.2,81.11,3,B,Fail,0
STU1980,Sophia,Male,Government,Grade 5,Arts,Graduate,6.43,7.86,68.35,36.5,89.66,70.22,2.45,75.45,5,3,3.48,75.39,54.16,16.78,51.04,59.3,56.63,75.74,3,B,Pass,1
STU1981,Sophia,Male,Semi-Government,Grade 2,Math's,High School,46.99,5.63,72.64,50.67,89.46,69.73,6.51,99.71,4,2,4.5,69.57,44.37,65.72,55.07,65.09,63.71,81.05,3,B,Pass,0
STU1982,Shawn,Female,Private,Grade 5,Phys.Ed,Graduate,60.35,7.83,100.0,79.06,55.92,71.0,10.64,47.49,5,2,6.51,66.08,60.49,95.78,75.77,55.87,70.0,91.63,4,A,Pass,0
STU1983,Kabir,Male,Private,Grade 1,Math's,High School,53.02,8.25,56.2,0.0,100.0,48.86,2.11,63.33,2,2,2.04,70.47,55.25,67.3,50.57,62.39,56.85,76.88,3,B,Pass,1
STU1984,Jack,Male,Private,Grade 5,Math's,Post Graduate,38.03,6.51,82.0,43.43,34.0,60.58,2.96,87.24,1,1,1.78,42.31,68.65,37.55,66.47,29.3,47.79,69.28,2,C,Pass,1
STU1985,Liam,Female,Government,Grade 5,Phys.Ed,Post Graduate,65.5,7.85,92.03,37.59,62.26,62.94,7.3,86.78,5,2,5.17,71.32,75.69,16.22,67.36,61.74,56.89,86.79,3,A,Pass,1
STU1986,Tyler,Male,Government,Grade 5,English,Graduate,10.52,7.81,68.25,50.67,95.11,17.38,13.41,60.73,7,2,8.31,55.77,46.17,60.94,65.42,72.29,57.97,84.12,3,B,Pass,1
STU1987,Olivia,Female,Semi-Government,Grade 2,Arts,Graduate,58.44,9.11,42.14,51.68,83.7,19.72,7.53,76.93,3,3,4.81,46.04,66.52,97.64,74.53,34.71,59.32,76.46,3,B,Pass,1
STU1988,Sophia,Male,Semi-Government,Grade 5,Phys.Ed,Graduate,42.64,4.55,65.65,77.26,57.45,84.54,7.65,100.0,5,3,5.56,51.88,43.17,55.38,39.57,63.51,59.09,69.78,3,C,Pass,0
STU1989,Sara,Female,Government,Grade 4,Math's,Graduate,91.21,7.8,72.86,85.98,65.87,70.88,2.47,86.4,1,2,1.84,33.2,71.52,35.59,45.15,69.44,59.7,72.42,3,B,Pass,1
STU1990,Michal,Female,Government,Grade 5,Phys.Ed,Graduate,60.03,7.22,77.24,56.23,40.95,57.21,10.26,52.99,1,3,5.2,47.3,66.19,68.22,52.89,68.8,57.22,75.17,3,B,Pass,0
STU1991,Olivia,Female,Government,Grade 1,Math's,Graduate,45.1,7.07,79.02,90.56,72.7,60.49,8.94,62.03,4,3,5.73,64.29,35.48,19.83,60.01,31.3,54.33,100.0,2,A,Pass,0
STU1992,Ava,Female,Government,Grade 2,English,High School,67.54,6.79,58.94,64.36,57.47,53.28,6.17,82.79,6,0,4.57,34.56,75.86,92.43,79.56,76.4,66.74,80.22,3,B,Pass,1
STU1993,Zen,Female,Private,Grade 5,Arts,Graduate,91.56,6.52,87.97,57.66,63.75,98.35,0.47,82.57,3,2,1.74,54.86,74.4,83.99,65.12,84.68,72.85,75.92,4,B,Fail,1
STU1994,Damon,Female,Semi-Government,Grade 5,English,High School,34.92,7.83,70.21,44.73,80.3,22.34,0.31,100.0,4,1,1.77,69.77,55.2,60.15,58.88,47.19,54.82,72.36,2,B,Pass,1
STU1995,Ethan,Male,Private,Grade 2,Arts,Graduate,20.13,4.52,72.2,62.95,65.03,63.38,6.03,75.41,7,0,4.86,43.49,84.12,81.17,59.76,51.15,63.88,64.11,3,C,Pass,0
STU1996,Sara,Male,Semi-Government,Grade 4,Math's,Graduate,67.25,3.84,70.29,37.9,78.37,95.83,8.15,47.77,2,0,3.96,60.94,32.34,60.47,59.35,68.55,61.72,53.49,3,D,Pass,1
STU1997,Sara,Female,Government,Grade 3,Math's,Graduate,40.27,5.35,79.36,72.51,51.23,66.95,2.85,64.42,6,0,3.24,47.68,47.85,51.39,81.89,62.16,60.21,75.3,3,B,Pass,1
STU1998,Meera,Male,Private,Grade 5,Math's,Graduate,63.58,8.19,96.06,48.96,80.36,50.68,14.16,100.0,4,1,7.31,76.97,82.79,86.18,66.65,68.97,70.19,87.71,4,A,Pass,0
STU1999,Isha,Male,Semi-Government,Grade 4,Science,Graduate,13.76,7.75,71.81,41.86,75.22,3.65,10.88,12.9,3,1,5.65,58.47,47.03,72.18,50.13,70.57,52.39,67.35,2,C,Pass,1
STU2000,Sophia,Male,Private,Grade 3,Science,Graduate,31.35,6.52,59.45,49.82,42.22,44.9,7.18,63.73,2,3,4.32,50.85,84.04,73.12,72.5,78.65,62.01,68.73,3,C,Pass,1
STU2001,Cal,Female,Government,Grade 1,Science,Post Graduate,55.78,4.84,61.62,57.6,81.14,19.12,6.96,68.49,0,4,3.78,66.37,73.85,59.34,70.11,63.57,61.39,66.21,3,C,Pass,1
STU2002,Mason,Male,Private,Grade 3,Math's,Graduate,53.87,5.06,69.8,66.76,71.88,18.43,12.08,62.0,5,1,6.83,64.15,68.22,64.74,78.13,67.92,62.53,65.36,3,C,Pass,1
STU2003,Damon,Female,Semi-Government,Grade 4,Science,Post Graduate,49.22,4.83,99.51,68.37,65.42,51.74,4.35,25.38,5,5,4.74,54.88,76.14,38.81,58.83,75.14,61.17,69.81,3,C,Fail,0
STU2004,Mia,Male,Government,Grade 5,Math's,Graduate,8.09,5.99,56.23,54.35,52.87,95.95,15.05,26.75,3,1,7.32,46.6,87.65,53.57,56.1,38.67,60.72,76.77,3,B,Not Attended,1
STU2005,Diya,Male,Private,Grade 2,Math's,Graduate,4.56,4.67,90.13,76.53,59.35,76.77,1.19,36.13,4,4,2.88,73.85,65.66,80.41,91.24,51.28,71.89,77.95,4,B,Pass,1
STU2006,Diya,Male,Semi-Government,Grade 5,English,Post Graduate,66.92,3.76,80.13,43.5,95.9,51.99,4.54,100.0,5,2,4.07,41.56,85.45,58.77,69.93,100.0,68.39,87.21,3,A,Pass,1
STU2007,Jack,Female,Government,Grade 3,English,High School,17.77,5.09,57.41,77.04,77.25,84.85,5.06,55.4,3,0,3.07,77.6,82.09,25.34,54.51,74.16,69.11,77.56,3,B,Fail,1
STU2008,Noah,Male,Government,Grade 1,Math's,High School,54.57,6.55,82.28,45.02,56.39,66.4,10.72,87.92,4,3,6.44,57.3,51.43,86.95,73.7,52.8,61.25,74.28,3,B,Fail,0
STU2009,Riya,Male,Government,Grade 3,Science,Graduate,0.0,4.88,67.61,47.94,34.66,95.34,6.51,86.94,5,1,4.6,81.35,56.43,46.07,67.2,37.4,58.3,57.56,3,C,Pass,0
STU2010,Liam,Male,Private,Grade 3,Arts,Graduate,29.92,7.4,74.31,42.61,70.56,97.45,9.65,51.42,4,4,6.26,67.45,40.26,44.54,66.63,87.39,64.61,90.11,3,A,Pass,1
STU2011,Michal,Male,Semi-Government,Grade 4,Phys.Ed,Graduate,51.15,5.96,48.45,50.39,51.46,25.09,7.83,66.19,4,3,5.28,87.53,27.29,43.3,58.8,67.45,51.42,67.67,2,C,Fail,1
STU2012,Zen,Male,Government,Grade 5,Phys.Ed,Graduate,58.79,2.31,49.01,75.67,78.56,39.76,9.27,97.31,5,2,5.96,58.69,47.22,77.58,53.96,49.27,60.09,58.92,3,C,Not Attended,1
STU2013,Olivia,Male,Private,Grade 2,Science,High School,72.74,5.49,75.28,44.33,66.41,0.96,3.35,23.88,3,2,2.89,28.97,50.42,53.88,63.61,62.35,46.37,54.71,2,D,Fail,1
STU2014,Aarav,Female,Government,Grade 3,Science,High School,93.21,7.1,74.05,100.0,52.18,54.69,9.12,49.33,8,0,6.45,50.92,70.72,42.58,75.11,42.36,61.07,84.22,3,B,Pass,0
STU2015,Ava,Male,Private,Grade 2,Arts,High School,42.75,5.1,87.68,30.84,49.38,69.59,6.32,75.23,6,4,5.63,64.35,42.84,41.35,54.75,55.91,51.13,64.08,2,C,Pass,1
STU2016,Olivia,Female,Semi-Government,Grade 1,English,High School,34.2,7.89,54.72,70.19,32.0,66.87,2.66,54.99,1,1,1.66,56.03,63.84,65.82,83.33,47.85,60.74,75.21,3,B,Pass,1
STU2017,Kabir,Female,Private,Grade 4,Science,Graduate,0.0,8.66,81.31,31.42,67.4,100.0,3.36,54.33,0,1,1.59,66.7,29.76,78.68,82.69,56.47,64.14,86.91,3,A,Pass,1
STU2018,Mia,Male,Private,Grade 5,Math's,Graduate,8.11,8.39,53.37,67.07,71.46,73.61,5.49,43.93,2,1,3.15,59.05,58.53,77.26,53.36,70.77,66.39,79.89,3,B,Pass,1
STU2019,Jack,Female,Private,Grade 4,Arts,Graduate,0.0,8.27,71.23,68.68,49.85,94.73,7.38,56.89,1,2,3.8,53.19,67.77,44.92,69.49,55.64,63.03,100.0,3,A,Pass,0
STU2020,Michal,Male,Private,Grade 1,Science,Graduate,26.58,6.81,60.24,75.53,63.16,76.46,8.9,53.7,1,2,4.41,84.45,64.46,69.65,53.38,70.15,69.66,88.24,3,A,Pass,0
STU2021,Mack,Male,Government,Grade 3,Phys.Ed,Graduate,14.71,6.81,71.67,42.28,41.71,46.83,4.0,76.35,5,4,4.35,92.58,81.42,36.68,81.29,59.04,60.23,76.63,3,B,Pass,1
STU2022,Noah,Male,Semi-Government,Grade 2,Math's,Post Graduate,36.13,6.32,75.81,81.96,65.73,87.26,7.41,48.41,2,1,3.91,63.08,57.26,50.15,52.79,68.23,65.81,74.78,3,B,Pass,0
STU2023,Noah,Male,Government,Grade 5,Math's,Post Graduate,38.24,8.77,78.82,36.54,49.35,46.39,5.64,73.22,4,0,3.66,78.39,71.1,81.07,35.52,62.72,57.63,89.78,3,A,Not Attended,1
STU2024,Riya,Male,Private,Grade 5,English,Graduate,77.25,6.9,92.23,27.67,84.45,53.38,0.38,59.59,3,2,1.7,64.77,60.36,72.6,56.2,29.97,56.18,70.45,3,B,Pass,1
STU2025,Meera,Male,Private,Grade 5,Phys.Ed,Graduate,26.6,7.15,86.77,71.6,54.51,26.86,0.0,45.62,2,4,1.7,69.02,66.57,85.45,53.99,65.06,61.63,63.19,3,C,Pass,1
STU2026,Ethan,Female,Semi-Government,Grade 5,Science,Graduate,13.41,4.98,62.04,53.96,64.34,56.82,3.63,15.33,4,1,3.1,81.77,89.11,60.96,65.99,52.92,65.73,62.87,3,C,Pass,0
STU2027,Sara,Female,Semi-Government,Grade 2,Math's,Graduate,99.15,6.2,82.61,44.02,42.71,83.85,0.0,34.75,4,0,1.4,73.32,81.45,53.27,38.81,63.83,60.16,77.64,3,B,Pass,1
STU2028,Michal,Male,Private,Grade 5,Arts,High School,77.49,6.88,81.25,39.09,75.18,30.79,13.68,62.63,5,4,8.22,68.26,77.7,64.61,73.19,79.52,63.54,77.66,3,B,Pass,1
STU2029,Riya,Male,Semi-Government,Grade 5,Math's,High School,49.44,6.36,57.32,58.59,56.94,56.45,9.54,37.15,0,2,4.32,85.61,72.4,62.9,41.1,59.23,61.65,53.98,3,D,Pass,1
STU2030,Aditya,Female,Government,Grade 4,Science,Graduate,30.77,4.68,78.11,100.0,60.35,77.37,0.0,77.22,4,2,1.9,49.41,67.79,62.47,66.14,65.13,68.58,87.16,3,A,Pass,1
STU2031,Emma,Male,Private,Grade 3,English,High School,22.6,4.93,77.68,69.66,84.2,94.1,6.94,43.76,5,1,4.78,58.16,77.17,52.17,60.69,75.93,71.51,82.26,4,B,Fail,0
STU2032,Liam,Female,Government,Grade 2,Math's,Graduate,30.63,8.0,82.29,59.62,52.33,76.9,5.8,60.45,5,4,5.07,60.79,33.29,47.38,73.52,45.41,56.15,82.36,3,B,Pass,0
STU2033,Riya,Female,Government,Grade 3,Science,High School,41.07,5.48,75.82,65.78,86.62,15.94,7.91,53.54,7,3,6.36,90.45,60.54,46.63,35.65,66.14,58.47,69.39,3,C,Fail,1
STU2034,Jack,Male,Semi-Government,Grade 3,English,Graduate,58.82,6.76,47.96,71.26,55.45,51.35,7.07,86.41,6,1,5.18,46.6,72.91,55.65,66.66,54.16,59.26,71.74,3,B,Pass,1
STU2035,Anaya,Male,Semi-Government,Grade 4,Arts,Graduate,30.98,6.1,51.58,76.11,56.82,86.59,9.73,100.0,2,0,4.59,30.37,75.46,66.75,91.94,68.0,69.0,69.92,3,C,Fail,1
STU2036,Mia,Male,Government,Grade 5,Arts,High School,62.57,6.62,77.02,58.13,85.57,81.49,7.53,73.08,5,2,5.26,44.34,80.11,54.34,49.72,53.69,63.42,74.41,3,B,Pass,0
STU2037,Meera,Female,Semi-Government,Grade 2,English,Graduate,31.47,6.43,79.41,52.52,81.04,59.23,5.48,67.49,6,6,5.79,72.4,55.0,68.01,52.06,71.37,63.95,88.92,3,A,Pass,0
STU2038,Aarav,Female,Semi-Government,Grade 5,Science,Graduate,55.05,6.83,100.0,68.21,47.46,47.3,7.74,97.5,4,1,4.75,56.04,59.85,49.11,56.55,64.47,56.12,73.41,3,B,Pass,0
STU2039,Sophia,Male,Private,Grade 4,English,High School,61.79,5.96,65.3,24.63,70.97,59.57,0.19,55.82,5,4,2.83,93.67,29.53,52.9,60.9,71.25,57.93,70.72,3,B,Pass,1
STU2040,Tyler,Female,Private,Grade 5,Arts,High School,105.63,5.29,84.34,58.15,70.14,54.91,7.2,75.37,4,1,4.53,87.38,73.99,76.9,55.65,36.13,64.16,84.11,3,B,Pass,0
STU2041,Damon,Male,Private,Grade 2,Arts,High School,27.42,6.79,84.38,40.82,68.66,74.6,7.29,100.0,2,1,3.87,83.64,70.8,45.08,54.69,85.99,65.54,81.2,3,B,Pass,1
STU2042,Diya,Female,Government,Grade 3,English,Graduate,45.05,5.62,67.57,53.32,84.63,45.85,9.77,0.0,6,2,6.51,66.98,68.88,66.19,86.67,95.08,70.95,77.06,4,B,Not Attended,0
STU2043,Isha,Female,Government,Grade 1,English,Graduate,28.82,7.67,92.61,100.0,47.17,73.45,7.84,56.74,4,2,5.04,46.21,67.2,86.02,53.93,76.84,68.85,97.8,3,A,Pass,0
STU2044,Isha,Male,Semi-Government,Grade 5,Science,High School,16.62,8.16,51.04,44.78,70.87,66.26,2.33,100.0,6,1,3.28,62.42,68.88,70.4,42.74,65.57,61.49,93.71,3,A,Not Attended,1
STU2045,Shawn,Male,Private,Grade 4,Math's,High School,46.29,8.04,71.3,40.27,68.27,45.28,8.61,72.91,5,2,5.69,78.13,80.25,47.85,42.79,64.34,58.4,91.83,3,A,Pass,1
STU2046,Mia,Female,Private,Grade 1,Arts,High School,21.09,8.56,98.51,68.64,66.78,68.21,1.98,52.58,2,2,1.99,58.3,68.56,68.54,83.17,64.6,68.35,87.74,3,A,Pass,1
STU2047,Diya,Female,Government,Grade 2,Math's,Graduate,67.12,9.44,55.84,34.76,63.07,66.67,5.87,33.25,5,2,4.6,67.21,58.66,51.1,50.64,85.35,59.68,84.14,3,B,Fail,1
STU2048,Riya,Female,Government,Grade 5,Science,Graduate,66.54,8.2,66.34,16.92,49.47,53.96,15.47,8.48,1,1,6.79,50.89,80.02,64.55,50.27,77.41,55.44,82.29,3,B,Pass,1
STU2049,Michal,Male,Private,Grade 1,Arts,Post Graduate,38.72,5.62,86.89,46.77,85.96,53.76,7.5,37.85,3,1,4.3,45.91,44.57,44.34,50.67,48.87,52.61,66.45,2,C,Pass,0
STU2050,Liam,Male,Government,Grade 2,English,Post Graduate,15.29,7.37,64.38,64.85,76.03,42.2,10.93,67.44,2,2,5.57,58.54,69.78,64.12,58.1,50.96,60.57,77.58,3,B,Pass,1
STU2051,Sara,Female,Semi-Government,Grade 5,Phys.Ed,Post Graduate,43.91,6.07,96.63,99.4,60.04,41.86,5.83,93.26,2,4,4.03,64.92,75.18,29.21,82.99,67.04,65.08,68.1,3,C,Pass,1
STU2052,Emma,Female,Government,Grade 5,Math's,Graduate,66.21,8.47,68.38,37.52,63.57,39.59,3.69,100.0,1,1,2.08,55.51,81.12,59.79,50.34,86.12,59.2,79.21,3,B,Pass,1
STU2053,Vivaan,Female,Government,Grade 5,Science,Graduate,35.54,6.45,57.23,55.71,32.96,58.8,2.47,83.89,6,2,3.59,50.58,65.59,65.47,66.67,78.22,59.25,55.86,3,C,Not Attended,1
STU2054,Isha,Female,Government,Grade 5,Arts,Post Graduate,42.95,4.54,49.28,68.59,73.15,60.59,4.97,64.6,3,1,3.29,30.35,66.75,64.8,47.26,70.75,60.28,70.52,3,B,Fail,1
STU2055,Mack,Male,Government,Grade 4,Math's,Post Graduate,11.85,3.51,69.0,85.13,63.31,47.08,0.54,100.0,1,2,1.07,56.94,77.21,50.01,42.91,89.72,64.04,68.89,3,C,Pass,1
STU2056,Isha,Female,Semi-Government,Grade 5,English,High School,65.41,8.81,50.76,47.63,47.76,72.16,2.95,78.13,8,4,4.98,89.04,57.25,47.18,53.99,86.74,62.72,80.21,3,B,Fail,1
STU2057,Vivaan,Female,Private,Grade 2,Science,Graduate,52.47,5.03,73.0,53.44,46.35,78.24,4.31,34.92,1,4,3.07,61.48,41.5,57.57,54.17,83.88,59.58,55.74,3,C,Pass,0
STU2058,Vivaan,Female,Government,Grade 4,Math's,Graduate,93.75,6.43,77.59,72.04,45.78,58.22,11.42,69.4,1,1,5.17,78.59,61.33,64.65,53.82,90.6,65.63,85.92,3,A,Pass,0
STU2059,Vivaan,Female,Private,Grade 3,Phys.Ed,Graduate,70.34,7.36,95.72,69.19,57.88,73.44,2.26,81.68,5,2,3.15,56.76,51.77,76.86,55.12,56.43,62.18,80.53,3,B,Pass,1
STU2060,Sophia,Female,Government,Grade 1,Arts,Post Graduate,35.95,6.86,83.53,51.79,60.02,95.87,3.77,50.86,3,5,3.81,56.47,65.08,26.92,45.49,60.66,57.79,86.95,3,A,Pass,0
STU2061,Robert,Female,Government,Grade 4,Arts,Post Graduate,55.08,5.75,91.96,74.0,46.77,39.41,8.45,68.56,4,2,5.28,54.13,49.31,47.97,59.19,75.5,55.78,70.9,3,B,Fail,1
STU2062,Liam,Female,Government,Grade 2,Phys.Ed,Graduate,49.36,6.63,96.53,37.04,48.68,10.91,13.9,25.16,6,2,8.16,85.5,62.26,40.4,51.17,94.16,53.77,78.08,2,B,Pass,1
STU2063,Zen,Female,Semi-Government,Grade 5,Arts,Post Graduate,64.64,7.12,90.86,15.32,58.99,100.0,8.32,60.97,5,3,5.83,76.99,77.67,72.0,67.38,70.14,67.31,81.99,3,B,Fail,1
STU2064,Vivaan,Male,Private,Grade 2,Science,Graduate,40.24,7.32,79.6,84.89,72.52,16.2,9.16,56.37,4,1,5.31,60.28,80.51,81.7,43.47,50.73,61.29,80.91,3,B,Pass,1
STU2065,Aditya,Male,Government,Grade 3,English,High School,0.0,7.66,90.13,52.64,54.42,58.96,4.96,32.58,3,3,3.78,24.25,61.74,72.27,82.52,95.03,62.73,74.87,3,B,Pass,0
STU2066,Sara,Male,Government,Grade 5,Arts,Graduate,73.92,5.3,78.68,89.44,33.54,51.32,5.35,47.67,7,0,4.59,84.06,91.84,53.84,71.49,60.64,67.02,55.75,3,C,Pass,0
STU2067,Meera,Male,Government,Grade 1,Science,High School,2.62,5.92,65.82,69.12,71.34,67.57,5.7,70.25,6,2,4.88,55.94,42.22,94.52,46.38,63.59,63.84,79.46,3,B,Pass,0
STU2068,Anaya,Male,Government,Grade 3,English,Graduate,52.86,3.86,67.32,64.84,86.18,75.99,9.39,75.67,3,4,5.81,83.32,68.91,81.73,66.26,52.63,72.48,71.37,4,B,Pass,0
STU2069,Lucas,Female,Government,Grade 3,Arts,High School,8.58,7.71,72.1,72.39,69.71,83.85,7.9,43.29,5,2,5.41,58.1,66.04,52.64,68.48,66.65,67.23,95.22,3,A,Pass,0
STU2070,Olivia,Female,Semi-Government,Grade 3,Phys.Ed,High School,65.54,9.92,99.2,85.33,67.4,55.44,5.91,74.52,1,1,2.96,57.49,73.52,77.77,76.42,67.08,70.06,100.0,4,A,Pass,0
STU2071,Sophia,Male,Government,Grade 3,Math's,Post Graduate,65.88,6.07,61.74,91.29,54.59,100.0,3.35,84.53,5,2,3.59,69.05,48.3,73.83,73.38,62.01,71.56,80.38,4,B,Pass,0
STU2072,Sara,Female,Semi-Government,Grade 5,Math's,High School,50.74,3.23,79.7,64.77,86.37,56.9,2.26,72.21,1,1,1.5,56.07,89.88,58.78,60.38,59.62,66.6,62.81,3,C,Pass,1
STU2073,Olivia,Female,Government,Grade 5,Arts,Graduate,39.1,6.89,61.65,72.88,52.07,32.35,5.12,70.7,3,0,3.1,71.61,49.86,50.61,80.95,76.97,60.91,63.2,3,C,Pass,1
STU2074,Shawn,Male,Private,Grade 2,Science,High School,47.78,6.65,90.69,67.89,63.42,46.59,6.17,0.0,3,3,4.27,52.67,40.98,58.34,68.13,45.57,55.45,68.95,3,C,Pass,0
STU2075,Mason,Male,Government,Grade 5,Arts,High School,56.23,5.01,79.51,50.72,76.51,61.01,7.46,89.26,5,0,4.73,93.86,62.15,47.32,52.62,32.37,59.57,80.7,3,B,Pass,0
STU2076,Michal,Male,Semi-Government,Grade 3,Math's,High School,77.04,6.56,75.33,31.4,54.15,44.53,4.2,86.93,3,0,2.73,56.48,59.63,64.55,65.22,52.73,53.59,60.23,2,C,Pass,1
STU2077,Damon,Female,Government,Grade 5,Science,Graduate,55.86,6.02,81.03,46.14,70.17,24.45,9.62,47.47,8,3,7.4,52.91,61.84,44.86,56.64,86.48,55.44,67.35,3,C,Pass,1
STU2078,Isha,Male,Government,Grade 5,Science,Post Graduate,58.72,6.45,100.0,40.76,49.7,52.76,9.44,67.82,4,3,5.93,52.74,71.03,80.62,59.51,85.05,61.52,74.67,3,B,Pass,1
STU2079,Anaya,Female,Government,Grade 2,Science,Graduate,57.04,7.94,59.26,55.28,76.56,54.95,9.75,63.67,4,2,5.8,74.88,53.7,62.28,44.36,70.05,61.51,97.73,3,A,Pass,1
STU2080,Vivaan,Male,Private,Grade 4,Phys.Ed,High School,31.32,6.17,48.49,68.87,31.49,58.99,9.67,55.69,3,2,5.42,89.81,65.09,58.66,63.48,76.72,64.14,76.94,3,B,Fail,1
STU2081,Ethan,Male,Private,Grade 5,Science,Graduate,33.79,7.99,67.18,51.48,83.33,74.14,9.19,5.5,2,2,4.88,61.89,53.09,78.32,67.37,71.44,67.63,87.64,3,A,Pass,0
STU2082,Olivia,Male,Private,Grade 3,Phys.Ed,High School,63.19,8.07,41.83,54.86,49.11,82.29,7.59,83.48,5,5,6.04,49.14,72.14,52.4,65.62,63.42,61.12,76.68,3,B,Pass,1
STU2083,Riya,Female,Government,Grade 3,English,High School,18.42,5.18,98.84,48.6,54.14,39.3,10.1,75.3,2,2,5.24,71.14,78.04,89.8,45.81,70.91,62.22,64.52,3,C,Pass,1
STU2084,Ethan,Female,Semi-Government,Grade 3,Math's,High School,29.22,8.19,69.71,94.98,80.14,63.61,6.51,38.43,4,2,4.5,73.3,96.62,63.18,59.84,70.48,75.27,89.33,4,A,Pass,0
STU2085,Olivia,Male,Semi-Government,Grade 5,Science,Graduate,72.19,6.7,84.36,93.81,86.0,30.78,10.51,75.29,1,4,5.55,68.99,55.92,54.17,61.76,73.3,65.59,88.75,3,A,Pass,1
STU2086,Mack,Male,Private,Grade 5,Science,Graduate,44.93,7.29,64.66,61.05,57.27,74.34,4.59,100.0,5,5,4.84,74.34,62.32,70.26,70.9,67.0,67.19,77.8,3,B,Pass,0
STU2087,Zen,Male,Private,Grade 4,Math's,High School,52.09,7.36,83.29,80.03,45.26,77.59,0.0,35.79,5,1,2.0,83.91,61.98,60.98,67.74,78.48,69.5,74.09,3,B,Fail,1
STU2088,Aarav,Female,Private,Grade 1,Math's,Graduate,79.03,8.32,55.38,81.14,90.55,42.17,8.95,99.69,7,0,6.03,64.79,65.25,98.67,81.29,36.8,70.08,94.43,4,A,Pass,1
STU2089,Aditya,Male,Semi-Government,Grade 1,Arts,Graduate,27.81,6.22,48.54,69.46,69.09,77.67,9.02,16.28,5,0,5.36,79.32,76.78,65.91,62.45,60.8,70.18,79.47,4,B,Pass,1
STU2090,Olivia,Female,Private,Grade 2,Phys.Ed,Post Graduate,54.5,5.62,79.89,47.61,58.37,70.5,3.46,69.54,9,4,5.53,64.21,60.57,65.79,54.93,87.86,63.73,58.58,3,C,Pass,0
STU2091,Diya,Male,Private,Grade 5,Science,Graduate,14.18,8.7,65.63,93.18,39.3,60.76,3.72,77.38,3,3,3.29,72.19,37.41,76.83,48.56,54.75,60.37,87.08,3,A,Pass,0
STU2092,Damon,Male,Private,Grade 1,English,High School,72.2,6.78,66.81,56.03,61.33,89.27,0.0,76.76,4,1,1.65,41.12,74.18,52.05,61.1,64.38,62.43,85.75,3,A,Pass,1
STU2093,Tyler,Male,Government,Grade 2,Arts,Graduate,55.49,5.41,76.13,80.12,24.02,77.69,11.65,100.0,5,1,6.66,69.19,79.53,83.76,50.47,77.77,67.82,73.15,3,B,Pass,0
STU2094,Mason,Female,Government,Grade 5,Science,Graduate,58.06,6.7,84.63,65.62,69.15,61.03,7.57,80.16,3,3,4.83,49.63,70.09,72.17,64.43,64.28,64.55,85.82,3,A,Pass,0
STU2095,Tyler,Male,Government,Grade 5,Science,Post Graduate,36.04,6.81,76.65,55.57,52.51,41.38,4.32,83.7,3,1,3.03,36.99,80.63,49.33,82.16,69.72,58.54,57.76,3,C,Pass,1
STU2096,Meera,Male,Private,Grade 3,Arts,Graduate,47.17,4.4,85.96,70.19,84.84,54.86,7.18,60.09,2,3,4.32,48.68,46.77,79.34,70.63,82.82,67.27,78.55,3,B,Pass,0
STU2097,Riya,Female,Government,Grade 3,Science,High School,34.38,6.86,87.72,66.55,55.89,89.52,0.36,54.62,1,2,0.99,37.67,79.51,67.52,68.66,75.46,67.6,82.67,3,B,Pass,1
STU2098,Mason,Male,Semi-Government,Grade 5,English,Post Graduate,0.0,6.26,63.0,45.73,93.02,13.22,5.67,68.05,10,1,6.02,59.53,70.94,52.99,62.11,68.46,58.25,84.14,3,B,Pass,1
STU2099,Robert,Female,Semi-Government,Grade 5,Science,High School,39.76,5.86,74.33,76.08,75.86,3.27,3.25,79.68,8,0,4.1,62.41,52.91,79.26,53.26,61.38,58.05,77.35,3,B,Pass,1
STU2100,Mason,Female,Government,Grade 3,Phys.Ed,Graduate,47.63,7.1,66.44,38.29,53.04,91.1,6.5,77.36,6,1,4.95,46.51,60.08,62.7,51.43,100.0,62.89,78.83,3,B,Pass,1
STU2101,Ava,Female,Private,Grade 5,Phys.Ed,High School,45.8,4.97,66.73,45.88,79.03,100.0,2.46,83.67,2,1,1.93,52.74,71.09,52.67,61.8,56.53,64.97,80.35,3,B,Pass,1
STU2102,Kabir,Male,Private,Grade 1,Phys.Ed,Post Graduate,22.77,5.31,50.26,79.49,100.0,48.98,0.0,100.0,2,0,0.7,78.94,62.83,68.4,57.12,31.14,65.86,72.15,3,B,Pass,1
STU2103,Shawn,Male,Semi-Government,Grade 3,Arts,Graduate,39.79,6.39,79.38,59.01,54.63,53.65,11.37,49.53,4,1,6.2,54.54,95.99,68.06,54.67,62.02,62.82,82.31,3,B,Pass,0
STU2104,Lucas,Male,Semi-Government,Grade 5,Math's,Post Graduate,59.57,9.24,59.22,54.28,67.32,65.74,3.37,91.46,3,2,2.9,70.19,62.86,57.61,75.04,68.92,65.24,85.43,3,A,Pass,1
STU2105,Aditya,Female,Private,Grade 5,Phys.Ed,Post Graduate,16.87,7.61,75.3,88.6,50.79,59.01,4.93,67.81,3,1,3.27,90.68,80.67,64.55,54.36,39.13,65.98,72.92,3,B,Pass,0
STU2106,Mia,Male,Private,Grade 4,Science,Post Graduate,0.0,7.06,65.29,60.2,16.41,33.64,13.07,78.41,2,2,6.43,86.02,76.99,54.56,57.96,50.19,54.5,80.06,2,B,Pass,1
STU2107,Damon,Female,Private,Grade 1,Arts,High School,91.71,6.21,76.14,26.51,51.12,56.19,2.88,86.59,3,2,2.7,63.12,69.08,72.23,52.28,87.29,59.73,69.28,3,C,Fail,1
STU2108,Cal,Male,Semi-Government,Grade 4,Arts,Post Graduate,34.08,9.14,55.85,21.43,73.59,82.99,0.69,95.82,6,1,2.63,67.74,77.03,54.85,51.39,64.84,61.73,83.78,3,B,Fail,1
STU2109,Aditya,Male,Private,Grade 2,Science,High School,47.17,8.73,54.34,73.7,39.73,57.19,8.38,100.0,5,3,5.85,44.26,54.0,80.68,71.54,71.78,61.61,82.29,3,B,Fail,1
STU2110,Jack,Female,Government,Grade 4,Science,High School,40.88,7.76,100.0,65.98,100.0,61.18,6.51,100.0,7,2,5.55,44.65,42.65,52.2,49.48,91.33,63.43,93.51,3,A,Pass,0
STU2111,Liam,Male,Private,Grade 4,English,Graduate,50.98,5.8,87.47,56.01,63.44,53.5,12.4,63.14,6,2,7.56,30.93,70.68,83.31,77.25,50.99,60.76,90.73,3,A,Pass,0
STU2112,Mack,Male,Private,Grade 4,English,High School,51.57,3.63,68.64,80.76,63.62,69.36,11.12,85.71,6,0,6.55,56.2,93.47,79.98,64.66,62.3,71.29,57.18,4,C,Pass,0
STU2113,Zen,Female,Government,Grade 2,Science,Graduate,0.0,4.84,75.77,71.38,51.89,71.99,2.93,53.18,3,2,2.72,53.52,81.21,79.19,65.61,56.19,66.37,73.17,3,B,Pass,1
STU2114,Robert,Male,Private,Grade 1,English,Graduate,70.77,3.95,60.69,67.67,49.4,83.54,10.34,82.03,4,3,6.29,86.14,79.73,64.16,46.68,86.88,70.52,70.64,4,B,Pass,0
STU2115,Meera,Female,Private,Grade 5,Phys.Ed,Graduate,50.43,8.08,98.33,36.16,65.39,88.84,5.17,70.87,6,3,4.92,64.03,64.72,76.66,42.42,76.64,64.36,99.75,3,A,Pass,1
STU2116,Shawn,Female,Semi-Government,Grade 1,Phys.Ed,Graduate,30.09,7.37,86.74,62.21,85.15,50.67,1.42,54.04,3,0,1.62,60.38,68.43,39.54,62.16,54.95,60.44,87.1,3,A,Pass,1
STU2117,Diya,Female,Semi-Government,Grade 2,Science,High School,9.11,5.33,74.7,76.28,59.39,49.8,8.97,76.46,2,1,4.54,58.75,98.54,67.49,68.68,31.74,63.83,75.45,3,B,Pass,0
STU2118,Lucas,Female,Private,Grade 4,Science,High School,35.57,6.68,62.02,46.16,31.61,50.1,10.94,55.86,3,3,6.18,69.02,81.04,63.85,66.42,40.46,56.08,66.63,3,C,Pass,0
STU2119,Zen,Male,Government,Grade 5,Science,High School,52.91,6.87,100.0,55.73,81.18,100.0,7.91,72.07,3,2,4.71,51.11,58.52,52.1,50.77,58.51,63.49,98.99,3,A,Pass,0
STU2120,Meera,Female,Private,Grade 2,Science,High School,29.25,5.82,78.14,92.06,84.76,66.02,9.74,55.84,7,3,7.1,81.01,40.63,43.44,57.9,70.26,67.01,80.91,3,B,Pass,0
STU2121,Mia,Male,Government,Grade 4,Math's,High School,8.99,7.13,58.28,78.39,30.95,55.12,6.54,92.69,6,2,5.22,56.33,47.23,100.0,40.64,35.22,55.49,81.71,3,B,Pass,1
STU2122,Liam,Male,Private,Grade 5,Phys.Ed,Graduate,80.78,4.93,41.84,54.93,85.22,49.24,6.7,72.18,7,3,5.88,59.13,53.76,72.92,64.7,72.13,64.0,64.16,3,C,Pass,1
STU2123,Isha,Female,Private,Grade 2,Arts,Graduate,28.41,4.77,74.79,71.59,47.81,70.19,6.56,40.24,6,4,5.72,50.24,61.18,46.07,46.98,56.65,56.34,70.44,3,B,Pass,0
STU2124,Cal,Female,Semi-Government,Grade 5,Phys.Ed,High School,63.43,7.82,56.89,56.61,34.19,72.78,8.58,79.27,5,0,5.18,49.73,69.18,2.57,64.35,60.57,51.25,71.29,2,B,Fail,1
STU2125,Cal,Female,Private,Grade 1,Science,High School,59.65,9.12,25.0,40.55,100.0,76.35,5.55,53.23,8,4,6.02,62.01,87.89,59.35,65.96,60.2,69.04,85.32,3,A,Fail,1
STU2126,Aarav,Female,Government,Grade 3,Phys.Ed,Graduate,111.69,8.8,93.82,69.46,49.35,60.33,4.28,14.48,6,3,4.56,48.41,60.21,83.61,38.29,55.98,58.2,81.27,3,B,Pass,0
STU2127,Meera,Female,Private,Grade 4,Arts,Graduate,40.54,6.74,84.28,84.62,70.83,96.32,11.65,100.0,1,3,5.76,71.57,58.01,66.41,45.0,19.57,64.04,99.67,3,A,Pass,0
STU2128,Tyler,Male,Government,Grade 5,English,High School,63.11,6.44,65.89,59.18,45.44,52.78,2.6,14.73,6,3,3.89,36.76,61.65,42.3,65.24,52.31,51.96,74.99,2,B,Pass,1
STU2129,Damon,Female,Semi-Government,Grade 5,Science,High School,73.29,8.47,63.05,53.82,44.26,55.5,2.75,40.22,2,1,2.05,76.61,44.89,66.61,67.44,90.92,62.51,69.04,3,C,Pass,1
STU2130,Shawn,Female,Private,Grade 1,Math's,Post Graduate,52.32,7.24,53.31,38.15,74.89,98.64,0.33,48.42,3,2,1.68,54.65,56.47,66.4,44.2,66.8,62.53,66.83,3,C,Fail,1
STU2131,Ava,Female,Private,Grade 3,Phys.Ed,High School,66.57,4.64,76.83,58.34,76.74,62.79,12.67,56.76,2,5,7.02,68.42,92.45,65.26,66.79,77.72,71.06,76.67,4,B,Pass,0
STU2132,Sophia,Female,Semi-Government,Grade 1,English,High School,59.74,7.32,78.19,48.13,82.71,45.3,9.87,56.58,6,2,6.55,70.53,72.97,82.17,47.38,40.99,61.27,90.96,3,A,Not Attended,0
STU2133,Robert,Male,Private,Grade 1,Science,High School,7.67,7.51,62.79,100.0,39.46,50.75,9.95,93.68,3,5,6.28,83.51,63.0,55.08,74.74,79.99,68.32,83.29,3,B,Pass,0
STU2134,Noah,Male,Government,Grade 2,Science,Graduate,52.41,8.61,57.05,76.16,52.94,16.57,2.99,87.66,2,0,1.9,53.01,63.86,84.69,56.44,92.08,61.97,65.89,3,C,Not Attended,1
STU2135,Robert,Male,Government,Grade 4,Arts,High School,81.24,4.5,100.0,86.02,75.87,58.52,3.92,50.17,4,1,3.22,66.83,64.12,74.46,60.42,83.97,71.28,72.24,4,B,Pass,0
STU2136,Mack,Female,Private,Grade 4,Phys.Ed,High School,79.93,7.65,68.71,57.3,68.44,67.0,5.63,10.25,3,0,3.3,67.26,61.56,69.66,48.43,66.74,63.3,68.19,3,C,Pass,0
STU2137,Ava,Female,Semi-Government,Grade 4,Arts,High School,46.77,8.84,68.78,71.04,46.33,64.92,4.51,54.42,2,2,3.0,72.57,56.15,63.29,76.0,75.07,65.67,82.07,3,B,Pass,0
STU2138,Sophia,Female,Semi-Government,Grade 5,Math's,Graduate,44.56,7.69,73.52,85.8,45.79,67.41,3.79,87.41,3,3,3.32,68.86,63.14,75.6,59.68,50.53,64.6,87.31,3,A,Pass,0
STU2139,Damon,Male,Semi-Government,Grade 4,Science,Post Graduate,15.23,8.01,89.57,89.89,100.0,60.18,4.67,46.54,1,1,2.47,46.12,69.14,59.11,61.93,47.27,66.71,97.21,3,A,Pass,0
STU2140,Robert,Male,Government,Grade 3,English,Graduate,48.46,7.24,51.0,86.3,82.33,95.32,11.13,83.47,3,2,6.0,73.51,50.49,60.79,82.13,62.82,74.21,100.0,4,A,Pass,1
STU2141,Liam,Female,Semi-Government,Grade 5,Science,High School,27.93,5.41,67.82,61.08,63.65,57.62,6.54,60.38,1,3,3.72,47.13,79.21,54.97,38.98,82.55,60.65,79.49,3,B,Pass,0
STU2142,Ava,Female,Private,Grade 4,Phys.Ed,Graduate,38.26,9.46,65.34,91.29,87.24,61.19,1.0,45.37,3,1,1.7,48.05,55.68,47.85,61.83,73.27,65.8,100.0,3,A,Pass,1
STU2143,Robert,Male,Private,Grade 5,English,Post Graduate,99.78,6.54,69.37,55.57,84.42,62.73,12.77,71.95,4,2,7.01,81.96,61.19,66.4,33.62,58.73,63.08,79.48,3,B,Pass,0
STU2144,Michal,Male,Private,Grade 4,Phys.Ed,Graduate,72.46,8.25,99.96,74.93,42.52,69.39,9.65,43.74,2,5,5.81,38.82,48.3,16.76,80.98,71.75,55.43,84.01,3,B,Fail,0
STU2145,Noah,Male,Government,Grade 3,Phys.Ed,High School,42.34,6.12,81.92,52.62,29.62,77.72,5.6,69.62,6,6,5.84,58.03,74.44,40.96,44.06,71.51,56.12,74.72,3,B,Pass,0
STU2146,Aarav,Male,Government,Grade 1,Phys.Ed,Graduate,25.79,6.07,64.94,62.18,54.92,82.56,0.24,61.33,5,2,2.35,31.39,95.85,37.89,68.54,54.15,60.94,80.77,3,B,Pass,1
STU2147,Lucas,Female,Private,Grade 2,Science,Graduate,16.41,8.83,83.48,43.48,65.67,60.75,7.03,83.92,3,0,3.86,77.43,72.67,71.12,76.04,66.34,66.69,99.6,3,A,Pass,1
STU2148,Hudson,Female,Government,Grade 5,Arts,Graduate,99.49,6.19,66.86,84.71,68.36,94.46,6.91,74.66,3,1,4.06,31.05,65.77,10.9,76.32,32.79,58.05,86.81,3,A,Pass,0
STU2149,Tyler,Female,Government,Grade 1,Arts,Post Graduate,45.14,5.65,100.0,94.06,79.08,3.35,6.49,50.67,3,2,4.15,36.06,54.85,66.95,67.14,49.7,56.4,78.54,3,B,Pass,1
STU2150,Shawn,Male,Government,Grade 2,Math's,Graduate,10.9,7.09,99.58,57.97,77.23,29.93,3.48,89.87,4,3,3.54,61.16,82.76,73.94,43.78,32.86,57.45,79.73,3,B,Pass,1
STU2151,Ava,Female,Private,Grade 4,Arts,High School,29.01,6.77,75.08,79.76,79.86,26.4,5.67,86.91,4,1,3.92,64.71,63.11,61.64,64.19,53.65,61.67,84.9,3,B,Pass,1
STU2152,Tyler,Male,Semi-Government,Grade 4,English,Graduate,52.92,8.73,61.52,77.01,60.04,63.91,0.0,100.0,4,3,2.15,49.59,74.16,64.42,65.94,44.18,62.41,88.11,3,A,Pass,1
STU2153,Robert,Male,Government,Grade 5,Science,Graduate,18.13,7.3,49.07,51.78,77.35,24.75,0.39,90.85,6,4,3.26,59.9,80.33,58.25,52.63,59.41,58.05,59.86,3,C,Fail,1
STU2154,Michal,Female,Private,Grade 3,Phys.Ed,Graduate,64.05,5.56,68.94,39.39,52.97,80.55,2.0,79.49,5,2,3.05,67.65,64.29,29.05,75.63,63.56,59.14,65.75,3,C,Pass,1
STU2155,Cal,Female,Semi-Government,Grade 2,Math's,Graduate,76.09,5.59,34.44,48.73,100.0,74.63,4.3,55.17,1,0,2.07,68.55,52.63,70.75,46.1,74.33,66.96,68.59,3,C,Fail,1
STU2156,Cal,Male,Private,Grade 5,Arts,Post Graduate,41.78,6.05,82.67,65.19,51.0,58.26,8.68,92.58,4,0,4.87,61.85,66.17,62.26,52.98,98.61,64.54,90.16,3,A,Pass,0
STU2157,Meera,Female,Government,Grade 5,Phys.Ed,High School,40.51,4.21,44.57,35.62,91.07,43.6,9.23,80.13,4,1,5.34,65.48,100.0,83.09,70.79,55.94,68.2,67.66,3,C,Pass,1
STU2158,Sophia,Male,Private,Grade 4,Phys.Ed,Post Graduate,48.96,4.83,78.62,67.82,59.73,43.27,3.12,100.0,0,3,2.0,68.82,71.08,51.01,48.75,71.34,60.23,69.71,3,C,Pass,1
STU2159,Cal,Male,Semi-Government,Grade 5,Arts,Graduate,87.91,7.95,59.99,77.04,61.16,100.0,9.58,76.31,4,2,5.73,49.72,62.78,58.02,72.86,56.46,67.25,88.26,3,A,Not Attended,1
STU2160,Robert,Male,Government,Grade 5,Phys.Ed,High School,37.24,4.49,84.14,43.29,85.64,69.97,8.44,50.57,3,2,4.93,63.04,58.62,64.79,83.64,43.62,64.08,62.17,3,C,Pass,1
STU2161,Olivia,Male,Private,Grade 5,Arts,Graduate,96.93,6.81,63.74,42.97,52.47,100.0,4.47,90.02,5,0,3.54,65.15,85.6,26.51,70.73,65.85,63.66,81.99,3,B,Fail,1
STU2162,Ethan,Male,Government,Grade 4,Math's,High School,72.57,7.89,70.79,63.42,73.62,62.47,0.0,54.13,4,2,1.9,82.71,61.33,51.53,66.4,24.33,60.72,79.77,3,B,Pass,1
STU2163,Olivia,Male,Government,Grade 5,English,Graduate,52.9,4.06,78.98,72.81,93.5,65.34,8.07,65.7,1,1,3.83,66.47,69.45,49.56,64.09,83.65,70.61,73.32,4,B,Pass,0
STU2164,Aarav,Female,Semi-Government,Grade 2,English,Graduate,72.78,4.95,76.7,7.4,87.84,47.14,9.31,32.6,8,2,7.02,33.18,70.43,56.17,58.89,74.84,54.49,61.44,2,C,Pass,1
STU2165,Aarav,Female,Government,Grade 5,Science,Graduate,43.13,7.99,66.92,29.77,54.15,0.0,0.0,81.83,6,2,2.6,83.31,46.08,70.69,48.49,85.66,52.27,76.69,2,B,Pass,1
STU2166,Ethan,Female,Private,Grade 5,Phys.Ed,High School,0.0,5.33,74.7,92.49,69.62,79.62,6.89,64.3,3,0,3.81,82.54,38.77,67.76,62.33,52.1,68.15,93.97,3,A,Not Attended,0
STU2167,Hudson,Male,Private,Grade 2,Arts,Graduate,14.06,5.92,68.67,79.58,59.45,18.17,5.42,49.95,9,1,5.57,64.93,69.96,61.83,55.89,75.62,60.68,75.03,3,B,Pass,1
STU2168,Olivia,Female,Government,Grade 4,English,Graduate,24.07,7.93,61.69,50.78,80.71,85.29,5.13,81.51,4,0,3.45,55.11,90.38,49.06,40.76,64.07,64.52,94.45,3,A,Fail,0
STU2169,Mack,Female,Government,Grade 3,English,Post Graduate,47.4,4.29,47.06,76.05,87.62,95.72,9.23,62.78,4,2,5.59,56.15,43.79,38.64,60.76,76.42,66.89,77.3,3,B,Not Attended,1
STU2170,Olivia,Female,Private,Grade 2,Science,Graduate,30.45,6.67,37.02,12.29,28.01,79.21,7.53,59.57,4,1,4.66,78.04,49.33,53.12,51.48,30.68,47.77,66.46,2,C,Fail,1
STU2171,Meera,Male,Private,Grade 2,Phys.Ed,Graduate,18.72,6.47,100.0,55.37,52.73,48.41,0.26,96.42,4,1,1.75,86.46,48.8,97.45,46.07,29.22,58.06,87.97,3,A,Pass,1
STU2172,Kabir,Female,Semi-Government,Grade 2,Arts,High School,9.43,5.66,87.26,46.27,51.32,83.31,5.79,74.47,8,0,5.12,57.48,34.56,61.1,42.29,67.36,55.46,65.88,3,C,Pass,0
STU2173,Cal,Male,Private,Grade 5,Arts,Post Graduate,57.01,9.18,79.05,44.64,65.18,38.27,5.03,91.08,1,1,2.61,49.61,56.41,65.34,73.57,57.63,56.33,76.23,3,B,Pass,1
STU2174,Zen,Female,Government,Grade 5,Arts,High School,12.37,8.1,100.0,85.11,58.45,34.63,5.08,100.0,3,3,3.83,63.61,77.79,78.56,50.74,96.17,68.13,100.0,3,A,Pass,1
STU2175,Ethan,Male,Government,Grade 5,Math's,High School,2.23,6.5,88.23,69.25,55.41,29.44,11.17,49.71,5,0,6.22,80.47,45.01,58.12,62.31,49.33,56.17,75.84,3,B,Pass,1
STU2176,Sara,Male,Government,Grade 1,English,Graduate,83.78,7.41,86.74,70.45,90.51,1.31,4.34,38.95,0,0,1.74,43.08,85.85,54.28,52.3,67.72,58.19,85.65,3,A,Pass,1
STU2177,Riya,Male,Semi-Government,Grade 1,Phys.Ed,Post Graduate,53.68,7.23,82.31,39.07,76.12,37.25,11.42,59.21,4,2,6.47,62.87,51.16,59.83,63.08,67.57,57.12,89.44,3,A,Pass,1
STU2178,Shawn,Female,Semi-Government,Grade 5,Math's,High School,45.28,7.56,63.17,75.55,46.89,60.34,6.98,42.67,2,2,3.99,69.02,61.48,72.56,72.56,62.7,65.14,95.07,3,A,Pass,0
STU2179,Kabir,Female,Private,Grade 1,Phys.Ed,High School,25.6,8.21,67.01,68.17,71.39,17.6,4.93,100.0,6,3,4.82,96.55,60.75,52.36,58.29,23.54,56.08,93.28,3,A,Pass,1
STU2180,Noah,Female,Government,Grade 2,Phys.Ed,High School,37.65,4.96,67.14,49.11,23.16,66.43,0.32,56.42,5,0,1.88,46.0,79.33,43.76,55.19,62.78,53.22,50.4,2,D,Pass,1
STU2181,Aditya,Female,Government,Grade 1,Arts,Graduate,100.5,6.78,93.83,62.23,35.65,57.59,7.18,49.38,0,3,3.62,86.95,59.05,76.71,68.25,61.84,63.53,74.21,3,B,Pass,0
STU2182,Sophia,Female,Government,Grade 4,Science,Graduate,48.7,5.93,73.56,63.16,61.79,60.14,5.9,31.16,6,3,5.21,43.31,71.19,65.44,41.93,53.65,57.58,87.47,3,A,Pass,0
STU2183,Robert,Male,Private,Grade 4,Phys.Ed,High School,5.91,5.88,73.32,59.29,76.78,76.58,7.76,71.68,5,0,4.85,83.88,37.48,62.79,78.73,61.37,67.11,89.09,3,A,Pass,0
STU2184,Shawn,Male,Government,Grade 4,Science,Graduate,35.54,8.03,73.98,35.94,58.63,43.83,8.36,42.19,4,2,5.24,82.03,66.4,65.59,48.68,50.84,56.49,88.51,3,A,Pass,1
STU2185,Ava,Female,Semi-Government,Grade 5,Science,Graduate,35.5,7.41,76.76,67.57,43.46,70.03,4.17,100.0,2,2,2.87,63.46,74.78,89.07,59.43,61.52,66.16,83.37,3,B,Pass,0
STU2186,Liam,Male,Semi-Government,Grade 4,Phys.Ed,High School,16.35,6.06,71.25,51.85,97.11,61.47,13.47,90.07,5,1,7.39,86.88,64.0,65.69,57.31,58.54,67.86,82.25,3,B,Pass,0
STU2187,Isha,Male,Government,Grade 1,English,Graduate,51.86,4.3,95.42,55.51,67.95,37.99,0.0,51.07,8,5,4.05,52.84,49.89,35.08,50.11,74.0,52.92,67.99,2,C,Pass,1
STU2188,Olivia,Female,Private,Grade 5,Math's,High School,48.63,3.76,100.0,58.16,67.11,67.85,6.66,61.87,7,1,5.36,50.21,73.72,44.79,56.69,58.35,59.61,73.98,3,B,Pass,0
STU2189,Hudson,Male,Government,Grade 3,Science,Graduate,18.88,2.98,100.0,60.48,40.71,58.77,11.07,82.49,4,2,6.33,53.65,64.86,80.55,53.39,36.27,56.09,85.67,3,A,Pass,0
STU2190,Mia,Male,Private,Grade 5,Arts,Graduate,0.0,7.83,63.66,58.46,46.81,38.78,7.64,79.87,2,0,3.76,24.37,81.01,58.61,94.7,73.05,59.47,79.45,3,B,Pass,1
STU2191,Olivia,Male,Semi-Government,Grade 3,Science,Post Graduate,74.22,5.94,48.87,68.89,63.71,48.81,0.0,17.02,4,2,1.9,78.68,72.76,79.54,61.66,69.1,67.89,68.23,3,C,Fail,1
STU2192,Olivia,Female,Private,Grade 5,Phys.Ed,High School,36.66,7.05,63.15,56.96,15.9,38.85,4.25,55.84,4,2,3.6,53.19,73.97,36.37,48.35,64.79,48.55,67.75,2,C,Pass,1
STU2193,Mason,Male,Semi-Government,Grade 5,Arts,High School,18.93,7.46,76.09,40.3,55.32,23.57,7.13,47.88,1,3,3.95,57.36,85.75,38.99,30.56,69.46,50.16,47.69,2,D,Pass,1
STU2194,Aarav,Male,Semi-Government,Grade 2,Math's,High School,48.7,5.45,100.0,83.09,52.02,67.32,7.15,80.14,5,0,4.61,46.05,60.57,65.69,73.43,77.46,65.7,82.77,3,B,Pass,0
STU2195,Emma,Female,Private,Grade 4,Math's,Graduate,16.61,5.12,49.39,100.0,99.11,100.0,12.98,63.75,6,2,7.79,64.46,60.12,39.74,54.0,48.53,70.74,85.76,4,A,Not Attended,1
STU2196,Hudson,Female,Government,Grade 2,Phys.Ed,High School,5.02,7.02,70.95,71.93,92.96,35.81,11.57,100.0,4,2,6.53,71.28,75.01,55.8,59.41,71.15,66.67,83.34,3,B,Pass,1
STU2197,Liam,Male,Government,Grade 2,Phys.Ed,High School,33.3,7.53,100.0,96.22,55.58,43.5,12.92,80.42,5,4,7.92,66.12,76.02,80.69,57.98,100.0,72.01,84.0,4,B,Pass,1
STU2198,Hudson,Male,Private,Grade 5,English,High School,35.95,4.67,61.57,84.64,55.85,57.25,4.0,79.25,4,3,3.75,67.3,42.51,20.49,82.94,79.74,61.34,71.17,3,B,Pass,0
STU2199,Olivia,Female,Private,Grade 2,Phys.Ed,High School,59.21,4.73,80.2,91.1,48.64,51.13,0.0,17.6,3,1,1.3,63.92,84.08,54.05,93.17,55.75,67.73,53.65,3,D,Pass,1
STU2200,Cal,Female,Private,Grade 5,English,Graduate,0.66,4.49,78.22,51.79,69.32,57.49,3.07,52.43,4,4,3.63,77.25,63.22,72.59,64.03,72.56,66.03,72.95,3,B,Pass,0
STU2201,Noah,Female,Private,Grade 4,Science,Graduate,87.93,7.44,71.04,85.79,34.99,1.85,8.96,58.05,5,1,5.58,58.24,80.01,68.15,54.89,55.84,54.97,57.83,2,C,Pass,1
STU2202,Diya,Female,Government,Grade 1,Arts,High School,74.46,7.76,51.41,51.36,18.01,59.16,4.87,58.39,6,0,4.05,88.13,64.14,55.38,62.23,100.0,62.3,63.45,3,C,Not Attended,1
STU2203,Mack,Male,Government,Grade 3,Arts,High School,89.55,3.81,76.1,71.6,44.04,80.72,16.11,92.5,4,0,7.84,56.7,54.96,55.5,59.56,83.64,63.34,78.7,3,B,Not Attended,0
STU2204,Zen,Female,Government,Grade 3,Math's,High School,63.77,7.91,79.62,61.01,52.4,86.01,10.65,62.23,5,2,6.51,43.08,79.57,100.0,75.26,69.21,70.82,91.69,4,A,Pass,0
STU2205,Tyler,Female,Private,Grade 2,Science,Graduate,0.0,8.01,56.26,69.9,65.7,66.97,6.45,48.02,6,1,4.93,64.56,93.21,75.16,69.52,66.28,71.41,75.0,4,B,Pass,1
STU2206,Kabir,Male,Private,Grade 5,Science,Graduate,14.97,7.05,71.3,70.92,59.84,74.01,2.65,20.16,2,1,2.01,41.26,73.52,70.63,62.5,54.52,63.4,83.04,3,B,Pass,1
STU2207,Shawn,Female,Semi-Government,Grade 5,Phys.Ed,Post Graduate,61.35,5.88,89.88,52.93,61.77,49.56,1.95,41.93,2,2,1.98,47.6,70.29,57.35,52.32,65.71,57.19,67.12,3,C,Pass,1
STU2208,Meera,Male,Government,Grade 2,Math's,Graduate,38.5,5.81,89.16,43.08,46.03,33.42,5.41,100.0,3,2,3.71,76.29,60.08,54.74,54.31,69.17,54.64,65.28,2,C,Pass,1
STU2209,Aarav,Female,Government,Grade 3,English,High School,39.57,7.98,71.07,69.91,67.84,79.88,0.89,26.03,4,2,2.26,74.95,71.98,72.88,71.86,100.0,76.16,70.93,4,B,Pass,1
STU2210,Noah,Male,Government,Grade 5,Math's,High School,45.34,5.76,55.21,51.18,66.84,48.98,9.41,64.52,1,1,4.36,44.09,67.69,46.35,68.17,57.64,56.37,63.04,3,C,Fail,1
STU2211,Vivaan,Female,Semi-Government,Grade 4,Math's,High School,40.96,4.08,71.88,27.69,51.15,40.18,5.48,61.79,7,1,4.89,53.79,62.48,77.82,39.55,69.66,52.79,52.91,2,D,Pass,1
STU2212,Damon,Female,Private,Grade 2,Math's,High School,35.71,6.48,64.39,47.87,55.72,45.18,4.37,83.44,3,2,3.3,47.41,83.67,55.0,44.37,31.84,51.38,58.19,2,C,Pass,0
STU2213,Hudson,Female,Semi-Government,Grade 1,Math's,High School,70.04,5.12,61.14,66.09,64.23,56.24,9.07,62.63,0,1,3.88,66.23,45.77,60.98,45.33,61.2,58.26,73.94,3,B,Pass,0
STU2214,Liam,Male,Government,Grade 5,Phys.Ed,Post Graduate,43.64,6.71,64.21,50.32,76.17,54.55,0.25,57.74,3,1,1.4,76.19,78.84,79.41,65.51,52.54,66.69,64.22,3,C,Pass,1
STU2215,Jack,Female,Semi-Government,Grade 2,Arts,Graduate,61.46,4.71,56.39,40.47,13.5,92.53,0.0,52.23,3,3,1.8,48.29,69.53,64.07,55.16,73.33,57.11,59.76,3,C,Pass,1
STU2216,Emma,Male,Government,Grade 3,Science,High School,33.65,4.82,72.92,42.66,82.92,41.3,4.49,92.23,7,3,5.0,54.63,65.34,59.71,63.96,53.99,58.06,73.69,3,B,Pass,1
STU2217,Diya,Male,Semi-Government,Grade 4,Math's,Post Graduate,82.69,7.01,44.51,74.63,44.81,42.94,4.98,75.22,2,0,2.69,55.97,84.61,58.72,43.16,51.59,57.05,68.85,3,C,Pass,1
STU2218,Riya,Female,Private,Grade 4,Phys.Ed,High School,23.99,6.72,55.79,77.13,49.73,58.73,11.45,25.27,2,1,5.53,36.64,62.8,44.57,70.84,89.34,61.22,56.62,3,C,Not Attended,1
STU2219,Damon,Male,Government,Grade 2,Phys.Ed,High School,49.81,8.15,73.98,56.98,38.35,74.93,5.99,100.0,2,3,3.85,89.09,70.67,69.98,48.22,53.1,62.67,75.83,3,B,Pass,0
STU2220,Liam,Male,Semi-Government,Grade 5,Phys.Ed,High School,61.13,7.11,38.47,61.34,55.78,69.52,12.87,79.88,5,0,6.9,69.15,81.52,39.91,52.55,88.56,64.79,87.26,3,A,Not Attended,1
STU2221,Noah,Female,Private,Grade 5,Phys.Ed,Post Graduate,71.22,6.9,70.33,100.0,51.67,48.16,7.21,44.24,2,1,3.83,54.88,77.81,36.42,72.88,73.91,64.47,70.18,3,B,Pass,0
STU2222,Sara,Female,Private,Grade 2,Arts,High School,55.63,10.0,81.35,97.09,75.29,84.61,5.93,74.14,2,4,4.07,53.48,62.31,54.31,62.97,29.49,64.94,100.0,3,A,Pass,0
STU2223,Lucas,Female,Private,Grade 5,Math's,Graduate,38.97,4.8,66.28,43.92,67.99,34.73,10.62,49.4,3,3,6.05,54.5,47.95,45.35,57.35,51.11,50.36,71.48,2,B,Pass,1
STU2224,Meera,Male,Government,Grade 3,Phys.Ed,Post Graduate,85.34,7.67,48.28,45.04,100.0,100.0,0.56,94.98,8,0,3.02,69.15,54.63,51.29,32.27,77.24,66.2,81.67,3,B,Not Attended,1
STU2225,Isha,Female,Government,Grade 2,Arts,High School,87.66,7.37,77.21,59.78,75.42,13.39,8.04,90.65,3,1,4.52,64.22,63.43,54.86,62.05,63.92,57.13,87.01,3,A,Pass,1
STU2226,Mason,Female,Government,Grade 1,Science,Graduate,60.19,5.25,56.54,46.93,50.48,74.04,1.95,65.69,6,5,4.13,54.88,75.78,81.14,73.53,50.8,63.45,89.59,3,A,Fail,1
STU2227,Cal,Male,Private,Grade 3,Phys.Ed,High School,1.17,6.66,64.81,91.67,65.87,36.85,9.01,75.56,9,2,7.25,66.41,70.57,49.09,42.58,55.58,59.83,86.7,3,A,Fail,1
STU2228,Aditya,Male,Private,Grade 2,Phys.Ed,High School,42.2,8.78,94.56,36.19,62.51,88.81,2.58,100.0,0,5,2.28,62.3,92.3,67.85,69.1,86.13,70.65,100.0,4,A,Fail,1
STU2229,Noah,Female,Private,Grade 2,English,Graduate,39.59,8.08,75.85,66.44,74.7,55.36,4.98,100.0,2,0,2.69,70.57,76.66,30.65,63.81,83.6,65.23,100.0,3,A,Fail,0
STU2230,Anaya,Male,Private,Grade 5,English,Graduate,6.65,3.45,53.54,62.88,62.6,49.75,7.55,78.1,3,3,4.82,72.0,63.55,92.51,62.21,78.29,67.97,56.42,3,C,Fail,1
STU2231,Jack,Male,Government,Grade 5,Arts,Post Graduate,18.07,7.25,55.09,38.24,62.54,53.1,8.81,89.58,3,3,5.32,50.75,57.0,54.36,62.86,62.14,55.12,72.68,3,B,Pass,1
STU2232,Kabir,Female,Private,Grade 5,Arts,High School,32.62,6.89,81.09,19.28,70.18,68.35,11.73,90.52,3,1,5.99,68.47,61.26,69.18,82.88,78.52,64.76,83.65,3,B,Pass,1
STU2233,Noah,Female,Private,Grade 2,Arts,Post Graduate,52.22,7.36,91.67,90.46,66.6,68.05,6.07,18.6,3,2,3.98,81.36,56.31,67.07,81.87,75.0,73.34,79.44,4,B,Fail,0
STU2234,Sophia,Female,Private,Grade 5,Math's,Post Graduate,42.85,5.88,57.34,42.79,76.25,42.29,3.33,46.24,4,0,2.73,26.12,68.88,50.49,35.98,44.84,48.46,64.05,2,C,Fail,1
STU2235,Shawn,Female,Semi-Government,Grade 1,English,Graduate,82.71,4.97,39.92,77.83,68.03,39.93,12.42,50.13,2,1,5.92,62.17,57.0,50.41,50.79,71.63,59.72,47.1,3,D,Pass,1
STU2236,Isha,Female,Government,Grade 5,Phys.Ed,High School,53.16,4.47,77.02,6.87,62.71,47.13,11.75,100.0,4,1,6.35,74.63,70.45,81.36,69.19,55.45,58.47,67.85,3,C,Pass,1
STU2237,Anaya,Female,Private,Grade 4,Math's,High School,88.88,6.59,42.24,49.21,80.94,68.7,3.21,80.85,7,2,4.23,64.37,73.38,50.21,75.73,87.11,68.71,79.72,3,B,Fail,1
STU2238,Emma,Female,Private,Grade 5,Math's,High School,59.48,9.43,61.36,77.38,38.31,43.34,5.12,45.17,8,1,5.1,42.73,70.38,58.18,57.25,65.83,56.68,89.35,3,A,Pass,1
STU2239,Mason,Male,Private,Grade 5,Arts,High School,0.0,4.79,70.17,57.78,63.06,100.0,6.11,100.0,2,3,3.89,54.26,80.16,56.31,67.56,82.44,70.2,85.99,4,A,Pass,0
STU2240,Cal,Female,Government,Grade 4,Science,High School,37.41,4.78,54.86,49.98,44.8,71.85,0.0,62.31,4,1,1.65,56.22,63.38,51.13,59.18,60.05,57.07,57.16,3,C,Fail,1
STU2241,Noah,Male,Government,Grade 5,Math's,High School,73.26,5.64,93.75,61.37,71.48,47.85,13.88,62.32,5,2,7.8,57.27,48.72,54.95,57.74,44.48,55.48,82.94,3,B,Pass,0
STU2242,Sara,Male,Government,Grade 3,Phys.Ed,Post Graduate,4.07,6.79,61.6,37.09,62.99,60.19,11.35,68.74,6,1,6.89,50.01,79.0,68.57,35.57,67.74,57.65,74.47,3,B,Pass,1
STU2243,Olivia,Male,Government,Grade 1,Phys.Ed,High School,35.19,7.64,79.38,61.75,69.96,85.08,11.87,42.4,3,1,6.05,73.81,92.86,100.0,39.2,76.62,74.91,85.09,4,A,Pass,0
STU2244,Vivaan,Female,Government,Grade 2,Arts,High School,51.11,5.88,92.8,69.0,75.72,40.51,11.86,48.64,3,1,6.04,50.65,74.75,44.0,67.72,68.49,61.35,79.63,3,B,Pass,1
STU2245,Robert,Female,Government,Grade 3,English,Post Graduate,47.38,6.37,79.12,43.3,67.83,61.38,6.77,33.72,5,2,4.96,41.4,52.55,57.35,69.65,56.84,56.29,78.27,3,B,Pass,1
STU2246,Ava,Male,Private,Grade 4,Phys.Ed,Graduate,76.65,5.07,34.66,42.3,100.0,18.13,2.35,69.07,3,1,2.24,42.96,81.62,86.09,52.48,75.45,62.38,45.41,3,D,Not Attended,1
STU2247,Michal,Female,Private,Grade 3,Phys.Ed,Post Graduate,40.51,7.43,78.65,88.85,47.79,100.0,2.44,40.43,7,2,3.93,92.69,71.79,49.21,72.07,76.18,74.82,91.1,4,A,Pass,1
STU2248,Hudson,Female,Government,Grade 5,Phys.Ed,High School,40.5,6.47,74.62,60.67,68.72,57.17,7.48,81.73,1,1,3.59,27.09,70.47,92.94,53.57,82.86,64.19,79.03,3,B,Pass,0
STU2249,Jack,Male,Semi-Government,Grade 1,Science,High School,40.67,9.19,67.52,31.79,58.09,19.12,0.0,63.46,4,0,1.4,80.23,69.22,71.64,69.87,76.36,59.54,66.29,3,C,Pass,1
STU2250,Mason,Male,Government,Grade 3,Math's,Graduate,69.58,6.89,65.4,53.44,65.68,68.93,4.29,70.55,3,2,3.27,55.61,78.43,44.31,71.27,84.24,65.24,79.64,3,B,Pass,0
STU2251,Cal,Female,Government,Grade 5,Arts,High School,56.43,6.14,61.68,67.97,26.98,31.54,3.51,75.95,3,2,2.95,46.8,58.79,79.14,44.04,34.77,48.76,57.21,2,C,Fail,1
STU2252,Anaya,Female,Private,Grade 5,Phys.Ed,High School,41.35,8.9,79.35,52.03,62.42,52.28,9.11,98.45,3,3,5.44,46.63,70.91,15.15,47.31,48.47,49.4,96.39,2,A,Fail,0
STU2253,Olivia,Female,Private,Grade 3,Phys.Ed,Post Graduate,55.4,8.68,63.12,79.17,79.28,64.47,6.68,79.44,8,1,5.72,70.04,70.38,50.34,52.75,67.16,66.7,100.0,3,A,Pass,0
STU2254,Anaya,Male,Government,Grade 5,Phys.Ed,High School,50.56,7.38,51.54,40.53,48.72,45.87,3.91,85.12,2,4,3.26,73.9,65.5,17.13,54.3,68.66,51.83,69.67,2,C,Not Attended,1
STU2255,Meera,Male,Private,Grade 3,Science,Post Graduate,25.13,6.28,67.0,94.59,64.37,74.09,9.19,71.46,4,1,5.33,54.8,41.06,52.16,52.19,76.09,63.67,100.0,3,A,Pass,0
STU2256,Mia,Female,Semi-Government,Grade 5,English,High School,65.82,8.18,81.62,69.71,36.06,100.0,4.87,85.05,2,2,3.15,62.15,85.25,59.96,43.44,54.15,63.84,93.91,3,A,Pass,0
STU2257,Meera,Male,Government,Grade 5,Science,Graduate,41.37,6.24,59.75,62.51,65.22,80.6,4.12,67.17,1,2,2.5,46.53,70.59,84.41,45.27,79.29,66.8,80.48,3,B,Fail,1
STU2258,Kabir,Female,Government,Grade 4,Arts,High School,35.81,8.67,80.49,64.9,96.21,88.96,7.92,44.31,5,3,5.67,54.94,75.21,70.09,60.56,45.25,69.52,98.32,3,A,Fail,0
STU2259,Zen,Male,Government,Grade 3,Math's,High School,55.49,5.09,66.55,50.52,44.44,100.0,10.33,61.46,2,1,5.08,49.33,37.54,38.15,50.31,25.24,49.44,77.43,2,B,Pass,0
STU2260,Shawn,Male,Government,Grade 1,English,High School,60.44,5.49,56.32,49.09,30.46,44.79,8.83,50.49,7,4,6.98,90.91,92.26,52.99,71.66,70.77,62.86,42.24,3,D,Pass,1
STU2261,Sophia,Female,Private,Grade 5,Arts,High School,28.66,6.09,68.37,59.78,67.06,36.55,8.62,71.89,2,4,5.15,74.23,80.11,74.39,63.71,66.4,65.28,66.93,3,C,Not Attended,1
STU2262,Mack,Female,Private,Grade 5,Arts,High School,46.04,7.63,47.1,74.67,50.19,89.86,7.82,71.95,1,4,4.48,60.56,66.87,57.21,84.27,72.52,69.52,74.44,3,B,Pass,1
STU2263,Liam,Male,Government,Grade 3,Science,Graduate,87.11,6.79,58.0,90.0,69.42,56.13,6.81,54.06,3,1,4.02,62.97,73.68,68.43,61.35,95.63,72.2,78.73,4,B,Pass,1
STU2264,Zen,Male,Government,Grade 5,English,Graduate,30.1,3.65,90.31,71.33,43.08,62.4,0.28,31.88,2,4,1.81,55.88,65.62,57.06,65.56,66.84,60.97,64.56,3,C,Pass,1
STU2265,Diya,Female,Government,Grade 5,Science,Graduate,54.76,6.6,83.53,55.56,68.28,39.57,3.51,44.07,3,3,3.2,74.85,49.45,32.31,75.59,41.33,54.62,77.57,2,B,Pass,1
STU2266,Zen,Female,Semi-Government,Grade 5,Science,Graduate,21.32,7.65,87.16,69.3,79.03,82.71,11.1,78.45,1,1,5.04,51.8,49.95,76.65,64.6,52.3,65.79,95.9,3,A,Pass,0
STU2267,Mason,Male,Government,Grade 2,Math's,High School,37.47,5.53,55.91,71.54,46.43,56.59,4.66,87.71,2,5,3.81,50.5,72.43,64.6,61.48,53.93,59.69,64.87,3,C,Pass,1
STU2268,Ethan,Male,Private,Grade 1,Math's,High School,14.51,4.28,48.17,47.77,99.44,36.49,8.73,54.44,4,2,5.39,63.17,83.62,59.11,63.89,42.18,61.96,76.42,3,B,Pass,1
STU2269,Robert,Male,Private,Grade 2,Arts,Graduate,67.85,6.05,41.83,62.22,59.07,97.78,7.61,38.33,2,2,4.24,64.7,59.16,38.83,74.96,49.7,63.3,68.62,3,C,Fail,1
STU2270,Sara,Male,Private,Grade 3,Math's,Graduate,56.64,4.65,44.15,47.2,70.76,61.01,10.66,75.42,3,3,6.06,90.99,41.65,43.37,50.4,41.94,55.92,62.05,3,C,Not Attended,1
STU2271,Michal,Male,Semi-Government,Grade 3,English,Post Graduate,95.15,5.06,71.37,55.54,43.59,57.22,7.51,71.14,1,1,3.6,78.37,79.48,21.41,50.48,34.36,52.55,72.23,2,B,Pass,0
STU2272,Mack,Female,Private,Grade 2,Arts,Graduate,95.55,7.26,64.4,55.67,60.17,44.64,9.58,21.83,6,2,6.43,57.95,60.59,54.11,47.48,56.44,54.63,61.5,2,C,Pass,1
STU2273,Kabir,Female,Government,Grade 5,Arts,Post Graduate,7.09,6.02,86.4,43.04,78.79,39.86,12.27,100.0,2,2,6.11,56.62,59.7,46.58,38.03,62.69,53.16,84.42,2,B,Fail,1
STU2274,Riya,Male,Government,Grade 1,Arts,Graduate,5.35,5.25,62.92,37.24,67.1,63.0,0.0,80.96,0,5,1.25,57.11,58.94,72.05,51.64,81.68,61.09,67.93,3,C,Pass,1
STU2275,Damon,Male,Government,Grade 4,English,Graduate,29.07,7.71,52.88,46.38,56.81,81.88,5.44,61.09,4,2,4.08,45.33,55.3,63.34,56.19,19.25,53.06,83.68,2,B,Pass,1
STU2276,Zen,Male,Semi-Government,Grade 4,Phys.Ed,High School,81.37,7.49,66.8,95.08,51.13,100.0,7.79,93.5,9,2,6.77,82.35,62.68,40.13,48.54,48.54,66.06,90.23,3,A,Pass,0
STU2277,Cal,Male,Government,Grade 3,Math's,Graduate,55.51,8.95,40.81,47.08,73.32,56.94,4.0,23.56,5,1,3.6,84.55,64.28,69.88,66.26,47.73,63.76,66.48,3,C,Pass,1
STU2278,Ava,Male,Private,Grade 2,Science,High School,34.38,3.49,71.38,61.51,63.93,35.82,2.06,39.8,4,2,2.72,59.55,51.52,45.76,37.65,46.74,50.31,59.45,2,C,Pass,1
STU2279,Diya,Male,Government,Grade 2,Phys.Ed,High School,46.29,5.05,33.34,64.96,34.82,73.27,6.01,100.0,2,5,4.35,51.87,73.65,48.2,60.17,59.16,58.26,65.05,3,C,Fail,1
STU2280,Shawn,Female,Government,Grade 4,Math's,Graduate,18.1,4.97,82.75,49.14,53.68,21.56,5.45,18.41,4,1,3.83,49.51,68.48,69.59,59.74,44.14,51.98,62.12,2,C,Pass,1
STU2281,Isha,Male,Semi-Government,Grade 1,Math's,High School,52.32,8.03,47.24,59.99,74.61,100.0,0.0,34.38,3,1,1.3,42.12,53.88,83.38,83.37,48.56,68.24,83.75,3,B,Pass,1
STU2282,Sophia,Female,Government,Grade 2,Arts,High School,34.1,5.05,82.18,55.42,60.12,32.26,1.91,67.51,4,3,2.91,68.52,63.89,67.92,63.53,100.0,63.96,63.06,3,C,Pass,1
STU2283,Vivaan,Male,Private,Grade 2,English,High School,90.84,8.92,64.95,65.05,42.26,60.67,0.0,94.65,7,3,3.2,38.52,73.37,54.7,62.15,52.14,56.11,85.5,3,A,Pass,1
STU2284,Isha,Female,Government,Grade 2,Arts,High School,25.0,3.09,64.57,62.21,19.62,60.52,13.9,83.98,8,2,8.86,61.84,52.08,50.05,70.88,26.79,50.5,63.17,2,C,Pass,0
STU2285,Vivaan,Male,Private,Grade 1,Math's,Post Graduate,14.82,8.1,68.08,55.92,40.19,77.33,5.64,93.28,4,1,3.91,68.73,53.56,64.88,82.73,57.39,62.59,93.2,3,A,Not Attended,0
STU2286,Robert,Male,Semi-Government,Grade 5,English,Graduate,45.28,8.48,68.75,37.13,42.89,84.09,6.96,39.86,3,1,4.08,48.96,55.73,50.84,65.96,42.64,53.53,86.08,2,A,Pass,1
STU2287,Noah,Male,Private,Grade 1,Phys.Ed,Graduate,41.14,6.61,54.71,22.86,70.51,41.84,1.77,81.78,3,0,1.76,64.8,68.81,25.94,39.19,73.21,50.9,63.57,2,C,Pass,1
STU2288,Isha,Female,Government,Grade 4,Phys.Ed,High School,42.69,4.95,74.36,76.41,81.81,40.66,7.54,69.27,6,2,5.62,52.34,57.43,54.3,41.03,64.46,58.56,97.87,3,A,Pass,1
STU2289,Ethan,Female,Government,Grade 3,Math's,Post Graduate,46.55,8.02,46.81,36.03,68.32,0.0,0.46,19.85,5,3,2.68,37.98,51.31,57.09,60.3,99.59,51.33,64.73,2,C,Pass,1
STU2290,Mack,Female,Government,Grade 2,Arts,High School,36.68,5.85,59.69,43.92,55.63,52.81,10.02,56.9,1,0,4.36,61.99,66.1,76.72,71.76,31.0,57.49,69.85,3,C,Fail,1
STU2291,Anaya,Male,Government,Grade 1,Science,Graduate,57.53,7.0,55.45,57.33,65.43,52.18,8.97,47.17,5,2,5.84,45.53,70.11,70.02,67.88,87.13,64.45,79.85,3,B,Not Attended,1
STU2292,Robert,Male,Private,Grade 4,Arts,Graduate,58.06,9.9,72.53,35.44,56.34,24.59,4.27,95.84,5,4,4.46,65.44,76.09,87.26,42.31,45.28,54.09,79.51,2,B,Fail,1
STU2293,Aarav,Male,Private,Grade 3,English,Graduate,75.41,8.28,87.19,27.28,80.97,47.46,13.85,72.25,6,1,7.89,63.76,59.52,50.89,75.88,84.62,61.3,90.09,3,A,Pass,1
STU2294,Vivaan,Male,Government,Grade 1,Arts,Post Graduate,105.57,7.69,71.94,86.95,73.82,58.29,5.81,49.49,6,5,5.67,56.67,70.22,82.98,83.67,51.87,70.56,93.87,4,A,Pass,0
STU2295,Mia,Male,Government,Grade 2,Phys.Ed,High School,86.84,3.54,50.56,84.54,48.63,47.85,3.25,88.01,2,0,2.0,63.1,59.85,56.02,71.7,71.4,62.89,56.75,3,C,Pass,1
STU2296,Riya,Female,Government,Grade 3,Science,High School,67.17,6.64,84.58,62.31,64.28,52.99,9.78,46.7,1,2,4.76,65.88,81.44,62.14,32.25,49.38,58.83,72.36,3,B,Pass,0
STU2297,Mason,Male,Government,Grade 4,Phys.Ed,Graduate,49.53,7.25,74.33,46.32,54.41,43.92,3.12,23.9,2,1,2.2,41.08,58.68,55.7,68.39,38.33,50.85,64.36,2,C,Pass,1
STU2298,Tyler,Female,Semi-Government,Grade 5,Math's,High School,43.14,6.24,80.94,75.07,82.96,77.11,10.83,48.03,4,1,5.98,61.0,70.23,46.77,56.79,46.44,64.55,85.12,3,A,Pass,0
STU2299,Ethan,Female,Semi-Government,Grade 3,English,Post Graduate,46.46,8.84,73.78,45.6,38.09,83.52,6.7,60.44,4,1,4.33,67.35,70.54,91.72,70.57,53.44,65.1,84.4,3,B,Pass,0
STU2300,Lucas,Male,Government,Grade 5,Math's,Post Graduate,30.51,7.32,84.96,92.89,47.72,63.67,5.86,100.0,5,3,4.84,57.18,47.36,46.91,84.54,62.35,62.83,74.59,3,B,Pass,0
STU2301,Zen,Male,Government,Grade 3,English,High School,46.02,6.52,65.95,98.08,17.55,77.08,5.42,79.69,5,2,4.42,64.49,88.46,75.31,57.33,85.23,70.44,87.7,4,A,Pass,0
STU2302,Hudson,Male,Government,Grade 1,Arts,Graduate,91.7,6.96,93.77,80.36,77.2,35.39,2.06,68.67,6,1,3.17,40.23,56.74,38.16,80.69,35.38,55.52,81.28,3,B,Fail,1
STU2303,Jack,Male,Semi-Government,Grade 3,Math's,High School,37.82,4.91,84.16,73.05,51.32,88.85,8.98,45.51,3,2,5.14,92.76,54.8,54.11,72.25,46.13,66.66,66.39,3,C,Pass,0
STU2304,Sophia,Male,Government,Grade 5,Arts,High School,52.0,4.85,50.98,64.23,61.47,31.31,6.68,38.16,4,1,4.32,77.34,69.45,72.76,43.4,62.89,60.35,59.06,3,C,Fail,1
STU2305,Liam,Female,Semi-Government,Grade 2,Phys.Ed,High School,62.71,7.34,79.35,77.55,23.16,21.53,3.24,79.95,5,1,3.3,59.02,72.23,54.86,38.43,71.17,52.24,67.81,2,C,Pass,1
STU2306,Mack,Female,Government,Grade 5,Arts,High School,31.46,8.69,69.49,34.12,44.47,77.2,11.13,33.28,4,2,6.35,71.07,65.92,51.57,55.69,40.19,55.03,76.21,3,B,Pass,1
STU2307,Noah,Female,Government,Grade 5,English,High School,57.0,6.07,64.11,57.64,79.14,46.07,5.53,73.6,1,0,2.56,47.25,72.18,67.04,68.56,62.0,62.49,68.74,3,C,Pass,0
STU2308,Hudson,Female,Government,Grade 4,English,Graduate,72.13,7.01,81.23,66.56,72.2,66.45,11.89,100.0,4,2,6.66,47.53,60.12,53.38,66.55,57.87,61.33,87.49,3,A,Fail,0
STU2309,Diya,Female,Government,Grade 2,English,Post Graduate,28.77,6.03,43.41,75.97,43.63,22.24,9.0,67.64,6,0,5.7,73.8,57.75,41.77,64.76,57.68,54.7,65.76,2,C,Not Attended,1
STU2310,Zen,Female,Government,Grade 5,Science,Graduate,50.61,7.58,75.27,62.7,84.02,50.38,8.8,100.0,3,2,5.07,75.86,66.07,29.84,85.89,53.65,63.55,84.9,3,B,Pass,0
STU2311,Noah,Male,Private,Grade 3,English,Post Graduate,30.01,5.58,100.0,42.41,58.5,83.67,0.0,42.28,4,2,1.9,52.67,81.63,66.94,73.9,31.67,61.42,86.02,3,A,Pass,1
STU2312,Ethan,Male,Government,Grade 1,English,High School,31.33,6.87,65.2,36.83,54.96,93.96,3.03,46.95,6,3,4.06,45.73,75.1,53.02,52.14,51.25,57.87,92.54,3,A,Pass,1
STU2313,Robert,Female,Semi-Government,Grade 3,English,Post Graduate,23.78,7.65,84.87,50.49,75.26,25.53,5.6,100.0,5,3,4.74,80.07,57.93,76.05,70.25,60.71,62.04,70.82,3,B,Pass,1
STU2314,Damon,Female,Private,Grade 4,Arts,Graduate,17.12,7.45,81.51,19.43,72.03,30.77,8.53,68.83,4,2,5.31,51.61,77.91,49.17,78.29,41.35,52.57,66.21,2,C,Pass,1
STU2315,Mia,Male,Semi-Government,Grade 4,Science,High School,54.1,7.13,73.94,85.51,69.82,68.19,2.74,31.32,10,1,4.85,56.22,46.87,54.64,59.54,52.26,61.63,96.16,3,A,Pass,1
STU2316,Robert,Male,Government,Grade 5,Arts,Graduate,72.34,7.07,56.92,38.84,73.47,70.78,8.04,58.79,4,0,4.62,50.41,96.0,57.65,62.05,78.65,65.98,89.01,3,A,Not Attended,1
STU2317,Michal,Female,Private,Grade 5,Math's,High School,74.8,8.6,52.04,59.32,63.41,73.4,4.63,65.36,6,2,4.45,68.15,72.17,70.69,55.66,58.86,65.21,89.27,3,A,Pass,1
STU2318,Kabir,Female,Private,Grade 1,Arts,Graduate,57.22,5.77,66.56,52.9,52.0,94.46,2.47,77.74,3,1,2.29,71.03,53.67,49.5,41.48,45.6,57.58,80.79,3,B,Fail,1
STU2319,Isha,Male,Government,Grade 4,Arts,High School,93.96,6.41,54.91,56.92,55.28,90.22,7.48,66.15,4,4,5.39,52.59,58.5,47.21,59.05,31.47,56.4,83.07,3,B,Not Attended,1
STU2320,Aditya,Female,Government,Grade 5,English,Graduate,0.0,8.53,64.67,60.83,45.92,77.07,9.33,49.1,5,0,5.48,72.9,83.48,62.56,59.98,54.79,64.69,92.94,3,A,Pass,0
STU2321,Anaya,Male,Private,Grade 3,Science,Graduate,53.78,5.68,66.13,75.24,100.0,63.9,10.23,33.68,5,1,6.09,49.8,75.95,55.95,42.99,66.5,66.29,77.36,3,B,Pass,0
STU2322,Mack,Male,Private,Grade 2,Science,High School,56.5,8.29,92.57,50.29,64.91,51.64,4.85,54.29,4,2,3.84,85.1,52.59,25.47,59.75,68.67,57.3,91.97,3,A,Fail,0
STU2323,Michal,Female,Government,Grade 5,Science,High School,33.47,8.82,72.63,93.7,66.24,52.1,3.97,35.11,3,1,2.89,71.21,56.98,24.68,39.94,48.91,56.72,87.38,3,A,Not Attended,0
STU2324,Robert,Male,Government,Grade 4,Math's,High School,81.54,5.3,75.57,80.22,70.23,82.71,0.08,58.38,5,1,2.03,51.18,47.37,38.17,50.45,64.69,60.63,57.04,3,C,Pass,1
STU2325,Zen,Male,Government,Grade 4,English,High School,45.36,6.61,62.33,52.73,53.56,58.48,11.64,66.59,5,2,6.91,73.95,79.24,26.46,69.78,52.33,58.32,75.97,3,B,Pass,0
STU2326,Vivaan,Male,Government,Grade 2,Science,High School,54.67,4.8,98.3,63.67,56.13,24.57,3.71,70.69,2,1,2.43,61.26,45.69,50.47,57.9,92.76,56.56,61.79,3,C,Pass,1
STU2327,Anaya,Female,Private,Grade 3,Science,Graduate,37.67,4.82,76.38,56.55,37.8,33.0,0.0,87.56,7,2,2.95,54.09,67.37,50.05,67.83,74.56,55.16,69.48,3,C,Pass,1
STU2328,Lucas,Male,Private,Grade 1,Math's,High School,50.6,7.1,81.89,55.44,66.7,67.24,2.37,100.0,4,1,2.6,77.26,64.2,81.26,70.88,61.32,68.04,74.64,3,B,Pass,1
STU2329,Zen,Male,Semi-Government,Grade 1,Phys.Ed,Graduate,25.59,5.45,82.6,68.5,50.25,47.57,5.78,54.83,4,0,3.71,89.78,70.45,57.75,70.98,61.14,64.55,46.8,3,D,Pass,1
STU2330,Olivia,Male,Government,Grade 4,Phys.Ed,Graduate,32.58,4.31,76.78,95.27,93.58,85.59,8.34,78.18,7,0,5.79,65.94,71.58,27.82,53.43,78.45,71.46,82.02,4,B,Pass,0
STU2331,Ethan,Female,Semi-Government,Grade 1,English,High School,72.9,6.41,63.19,40.89,31.04,92.04,4.93,85.05,5,0,3.72,54.5,56.02,18.29,68.66,52.03,51.69,88.57,2,A,Pass,1
STU2332,Diya,Male,Private,Grade 5,Arts,Graduate,36.45,5.46,68.52,63.62,77.74,33.99,5.76,100.0,3,2,3.85,77.37,73.44,58.15,47.06,95.53,65.86,81.55,3,B,Pass,1
STU2333,Zen,Female,Government,Grade 5,Math's,Graduate,30.29,5.18,83.02,55.45,50.42,37.46,5.1,73.32,3,3,3.84,45.65,54.31,75.91,55.56,75.86,56.33,45.46,3,D,Pass,1
STU2334,Robert,Male,Semi-Government,Grade 2,Math's,High School,32.18,6.24,67.44,65.4,100.0,49.9,6.36,71.62,3,2,4.09,58.76,78.17,49.82,52.41,86.84,67.66,79.74,3,B,Fail,0
STU2335,Vivaan,Male,Government,Grade 2,Arts,Post Graduate,67.37,5.56,68.78,96.93,76.85,63.57,5.26,63.77,5,2,4.35,70.28,52.18,34.28,72.24,60.42,65.84,85.88,3,A,Pass,0
STU2336,Zen,Female,Private,Grade 4,English,High School,0.0,4.63,90.28,43.08,62.78,73.95,10.74,74.36,3,2,5.85,72.71,78.08,40.77,66.19,65.69,62.91,68.14,3,C,Pass,1
STU2337,Robert,Female,Semi-Government,Grade 4,Science,Graduate,22.21,6.08,48.56,71.59,80.83,32.24,5.99,100.0,4,2,4.3,100.0,64.27,53.58,49.19,80.84,66.57,69.6,3,C,Pass,1
STU2338,Aarav,Female,Semi-Government,Grade 2,Math's,High School,20.46,9.54,82.92,65.78,57.32,0.0,6.4,71.23,3,1,3.86,32.97,76.05,50.4,76.12,46.09,50.59,77.83,2,B,Pass,1
STU2339,Sara,Female,Government,Grade 5,Math's,Post Graduate,59.34,3.9,89.85,25.14,78.61,49.0,13.3,82.17,6,0,7.42,44.17,57.47,65.1,69.76,71.53,57.6,54.63,3,D,Pass,1
STU2340,Ava,Male,Government,Grade 5,Math's,Graduate,54.12,7.92,78.85,69.77,59.71,63.98,16.34,94.97,5,2,8.79,55.99,84.36,25.91,67.01,86.02,64.09,100.0,3,A,Pass,0
STU2341,Vivaan,Male,Government,Grade 5,Arts,Graduate,29.63,5.81,87.54,52.1,45.99,75.94,0.0,66.35,3,1,1.3,63.03,70.52,53.12,60.4,74.73,61.98,66.49,3,C,Pass,1
STU2342,Mack,Male,Semi-Government,Grade 4,Math's,Graduate,89.14,6.91,82.55,68.1,53.57,59.21,1.15,69.8,3,1,1.76,56.8,49.02,65.96,68.81,84.03,63.19,77.64,3,B,Pass,1
STU2343,Anaya,Female,Government,Grade 5,Math's,High School,66.43,7.8,71.21,60.41,90.85,88.15,5.62,50.89,7,2,5.2,51.29,71.53,34.09,65.92,68.0,66.28,100.0,3,A,Not Attended,0
STU2344,Lucas,Female,Government,Grade 2,Math's,Graduate,50.18,5.79,100.0,73.46,56.74,95.41,9.12,48.36,3,1,4.95,61.02,72.37,70.9,68.18,65.83,70.49,77.13,4,B,Not Attended,0
STU2345,Mack,Male,Government,Grade 4,Arts,Graduate,28.36,3.9,75.84,100.0,47.6,70.55,4.31,100.0,4,1,3.37,74.48,71.93,66.89,51.13,42.55,65.64,67.03,3,C,Pass,0
STU2346,Mason,Female,Private,Grade 1,Arts,Graduate,67.47,8.08,76.15,51.68,53.53,44.66,8.7,68.17,1,3,4.58,63.96,71.32,56.53,46.07,66.57,56.79,83.6,3,B,Pass,1
STU2347,Mia,Male,Government,Grade 3,Math's,High School,11.29,4.13,77.54,71.0,95.22,45.28,5.5,37.7,6,1,4.55,76.05,77.25,59.83,49.91,19.08,61.7,65.03,3,C,Pass,0
STU2348,Kabir,Male,Private,Grade 3,English,Graduate,42.95,7.61,67.19,56.76,89.29,82.16,5.96,100.0,7,1,5.08,69.31,95.61,77.1,68.97,70.69,76.24,84.74,4,B,Pass,0
STU2349,Mason,Male,Government,Grade 5,Arts,High School,22.27,7.37,58.68,59.08,71.47,30.1,2.91,65.68,6,5,4.51,80.63,77.31,58.97,64.03,57.11,62.34,84.26,3,B,Fail,1
STU2350,Riya,Male,Government,Grade 2,Arts,Post Graduate,41.48,7.78,65.17,78.77,35.77,56.38,6.53,43.6,5,1,4.61,19.31,46.52,73.47,54.61,67.62,54.06,65.65,2,C,Pass,0
STU2351,Olivia,Male,Government,Grade 1,Arts,Graduate,37.02,6.18,56.33,23.33,74.33,72.3,7.37,60.83,1,5,4.55,82.88,82.47,59.13,56.52,43.67,61.83,77.79,3,B,Fail,1
STU2352,Robert,Male,Government,Grade 4,Science,Graduate,16.23,5.48,79.44,56.22,88.42,85.48,4.61,63.15,6,0,3.94,60.49,64.09,26.57,70.7,61.12,64.14,72.72,3,B,Pass,0
STU2353,Shawn,Male,Government,Grade 2,Science,Graduate,63.9,4.36,65.22,54.38,65.5,68.89,1.18,32.61,6,2,3.07,36.85,42.32,71.09,81.45,51.29,58.97,71.86,3,B,Pass,1
STU2354,Riya,Female,Government,Grade 5,Math's,Graduate,0.0,7.01,72.14,59.62,41.36,49.66,0.85,93.33,4,2,2.24,72.93,62.0,85.33,52.56,83.51,63.37,83.4,3,B,Pass,1
STU2355,Ava,Female,Semi-Government,Grade 4,Math's,Graduate,33.77,3.9,64.59,37.3,59.97,56.0,0.0,74.85,0,3,0.75,47.52,47.24,41.4,54.76,61.98,50.77,47.3,2,D,Pass,1
STU2356,Hudson,Male,Government,Grade 2,Math's,Graduate,34.22,5.25,82.07,38.32,63.73,33.56,8.76,60.62,5,1,5.5,67.92,64.84,50.7,48.47,65.77,54.16,67.12,2,C,Pass,1
STU2357,Isha,Female,Private,Grade 5,Math's,Graduate,64.33,4.21,57.19,88.53,79.18,50.08,4.7,59.77,4,4,4.28,56.24,95.94,33.31,46.24,64.68,64.27,60.28,3,C,Fail,1
STU2358,Isha,Female,Government,Grade 5,Arts,Post Graduate,28.26,6.8,64.18,78.36,89.95,65.92,8.17,54.14,3,1,4.57,77.57,51.77,39.96,82.33,93.66,72.44,85.2,4,A,Pass,0
STU2359,Aditya,Male,Government,Grade 5,Science,Post Graduate,89.44,8.85,67.22,100.0,48.68,68.44,9.3,5.96,1,2,4.57,79.23,71.44,66.44,65.34,75.49,71.88,84.4,4,B,Pass,0
STU2360,Vivaan,Female,Government,Grade 5,Math's,Graduate,19.83,5.26,63.88,73.36,53.4,9.76,5.33,58.87,7,2,5.08,81.35,46.73,28.42,51.21,31.28,46.94,71.01,2,B,Pass,1
STU2361,Olivia,Male,Government,Grade 5,English,High School,118.54,4.16,73.48,33.54,70.8,63.74,9.8,71.86,5,2,6.17,24.94,68.32,64.17,49.58,58.52,54.2,53.89,2,D,Pass,1
STU2362,Robert,Female,Government,Grade 2,Math's,Post Graduate,66.0,5.69,74.48,15.45,28.24,53.22,8.79,71.85,3,3,5.32,26.54,49.44,56.69,68.86,40.05,42.31,59.87,2,C,Pass,1
STU2363,Mia,Female,Semi-Government,Grade 1,Phys.Ed,Graduate,62.34,5.63,53.84,54.57,51.41,26.66,6.45,69.32,3,2,4.13,76.07,74.5,65.03,60.88,53.71,57.85,53.37,3,D,Not Attended,1
STU2364,Hudson,Male,Government,Grade 4,Math's,Graduate,42.77,6.0,62.81,78.01,69.63,56.66,1.0,100.0,3,2,1.95,51.89,84.62,80.76,44.2,52.48,64.78,66.57,3,C,Pass,1
STU2365,Hudson,Female,Private,Grade 5,Math's,Graduate,22.42,9.19,80.3,82.45,54.77,73.91,2.24,100.0,1,3,2.0,81.79,65.51,73.78,38.13,47.8,64.77,100.0,3,A,Pass,1
STU2366,Sophia,Male,Government,Grade 1,Arts,High School,66.38,5.28,100.0,97.7,64.23,51.18,4.99,70.64,4,2,3.9,67.63,72.99,34.74,52.92,71.68,64.13,90.59,3,A,Pass,0
STU2367,Michal,Female,Private,Grade 3,Science,Post Graduate,51.82,10.0,100.0,36.33,56.01,79.62,10.62,81.22,7,1,6.95,59.21,83.96,54.97,60.79,72.19,62.88,94.76,3,A,Pass,1
STU2368,Ethan,Female,Government,Grade 1,Math's,High School,34.22,4.65,68.49,65.24,76.95,63.3,0.84,44.76,4,2,2.24,73.22,63.85,79.24,60.25,74.14,69.53,67.68,3,C,Fail,1
STU2369,Meera,Male,Private,Grade 4,Phys.Ed,High School,47.8,7.67,72.16,65.26,62.29,59.52,7.53,87.7,0,1,3.26,23.28,75.12,62.42,58.0,47.58,56.68,80.03,3,B,Pass,0
STU2370,Isha,Male,Government,Grade 5,Phys.Ed,High School,18.68,4.59,55.73,36.9,74.39,32.7,5.79,39.79,4,1,3.97,42.53,54.53,41.84,57.04,78.34,52.28,51.5,2,D,Pass,1
STU2371,Anaya,Female,Private,Grade 1,Math's,Post Graduate,58.25,6.63,91.9,59.74,61.31,59.21,4.56,37.39,4,2,3.72,78.79,62.84,67.45,67.32,62.5,64.89,88.24,3,A,Pass,0
STU2372,Zen,Female,Private,Grade 5,Science,Post Graduate,68.13,7.77,99.26,31.21,93.54,50.73,6.76,88.65,3,1,4.0,46.8,73.86,66.25,47.79,53.81,58.0,86.25,3,A,Pass,1
STU2373,Sophia,Female,Semi-Government,Grade 5,English,Graduate,0.31,5.17,100.0,53.45,50.11,41.57,0.0,76.92,4,2,1.9,46.91,77.89,30.48,55.0,58.25,51.71,55.44,2,C,Pass,1
STU2374,Riya,Female,Semi-Government,Grade 1,Math's,Post Graduate,84.96,5.81,99.08,83.94,87.77,70.17,9.39,74.72,4,4,6.16,67.19,73.4,73.71,53.51,79.02,73.59,88.79,4,A,Pass,0
STU2375,Isha,Female,Private,Grade 4,Arts,High School,50.33,6.67,52.6,81.73,44.47,100.0,8.93,34.69,5,1,5.57,80.76,66.79,83.24,58.74,44.98,70.09,88.8,4,A,Pass,1
STU2376,Mason,Male,Government,Grade 4,English,Graduate,31.28,7.94,82.03,63.37,82.88,59.71,0.0,33.86,1,4,1.35,59.69,63.99,49.4,61.91,76.85,64.73,79.55,3,B,Fail,1
STU2377,Liam,Male,Private,Grade 5,Science,High School,40.22,6.84,65.93,65.19,55.87,51.27,9.17,76.59,2,5,5.62,76.47,71.65,56.07,56.84,62.48,61.98,81.69,3,B,Pass,0
STU2378,Zen,Female,Government,Grade 2,Science,Post Graduate,39.41,5.73,57.18,50.64,94.28,31.35,4.98,84.89,2,2,3.19,52.91,70.34,77.28,67.62,58.67,62.89,81.09,3,B,Not Attended,1
STU2379,Sara,Female,Semi-Government,Grade 2,English,High School,63.42,6.47,67.04,66.49,65.88,92.57,5.33,35.51,3,6,4.68,71.07,55.92,74.45,60.37,74.76,70.19,71.11,4,B,Pass,0
STU2380,Sara,Female,Government,Grade 3,Science,Graduate,8.87,5.62,71.11,77.55,48.85,37.72,1.36,80.09,1,0,0.89,43.34,82.8,71.04,59.98,43.5,58.1,65.61,3,C,Pass,1
STU2381,Olivia,Male,Private,Grade 5,Math's,High School,37.94,6.66,79.32,81.53,65.49,78.83,11.82,57.23,2,3,6.18,92.01,58.23,64.61,57.49,43.98,67.77,93.16,3,A,Pass,0
STU2382,Aditya,Female,Government,Grade 1,Phys.Ed,Post Graduate,48.77,6.62,85.61,52.49,91.8,41.19,9.16,68.59,4,0,5.06,72.46,45.1,70.12,64.82,79.09,64.63,70.71,3,B,Not Attended,1
STU2383,Ava,Male,Private,Grade 2,Math's,High School,70.38,5.69,53.61,69.55,43.8,74.32,4.09,16.98,8,2,4.94,55.83,69.82,49.41,58.94,94.71,64.55,57.83,3,C,Fail,1
STU2384,Tyler,Female,Semi-Government,Grade 5,Science,Graduate,87.66,4.84,49.61,48.24,59.17,83.44,3.93,78.09,6,2,4.17,39.62,56.59,37.78,56.3,59.23,55.05,90.71,3,A,Pass,1
STU2385,Vivaan,Female,Private,Grade 5,English,Post Graduate,32.76,7.67,85.68,31.22,71.78,51.93,2.85,100.0,5,2,3.39,51.85,75.65,52.17,49.47,61.21,55.66,79.21,3,B,Pass,1
STU2386,Diya,Female,Government,Grade 5,Science,High School,40.73,6.12,59.75,30.06,40.14,70.16,7.83,89.17,3,0,4.18,65.41,65.62,57.03,70.18,66.78,58.17,43.44,3,D,Not Attended,1
STU2387,Kabir,Male,Government,Grade 5,Arts,High School,65.29,6.61,89.6,41.23,71.48,48.94,12.5,52.53,7,0,7.45,60.1,54.31,37.91,56.44,64.21,54.33,76.6,2,B,Pass,1
STU2388,Zen,Female,Government,Grade 3,Arts,High School,47.34,4.9,72.15,65.36,85.59,46.29,0.52,57.7,4,1,1.86,70.61,58.35,37.41,66.29,66.69,62.07,80.38,3,B,Pass,1
STU2389,Kabir,Male,Government,Grade 3,English,Graduate,61.28,7.0,73.06,16.46,70.44,73.44,9.67,61.15,4,4,6.27,83.26,77.17,54.06,57.19,48.81,60.1,70.62,3,B,Pass,1
STU2390,Mia,Male,Private,Grade 5,Arts,High School,22.14,5.41,70.48,66.84,98.15,83.82,10.69,55.12,0,3,5.03,87.16,66.03,63.77,57.4,68.63,73.98,77.93,4,B,Fail,0
STU2391,Zen,Female,Government,Grade 5,English,High School,81.21,9.49,77.01,60.54,94.36,27.51,14.97,47.2,4,2,7.89,56.04,81.39,65.24,67.72,54.47,63.41,94.54,3,A,Pass,1
STU2392,Robert,Female,Private,Grade 4,English,High School,68.52,6.3,61.77,66.37,50.27,46.69,5.16,95.46,1,4,3.41,65.75,48.63,40.84,76.07,88.78,60.42,71.09,3,B,Pass,0
STU2393,Cal,Female,Private,Grade 5,English,Post Graduate,53.03,6.05,100.0,54.47,79.17,49.29,0.0,73.17,8,5,4.05,67.0,53.74,55.96,58.41,49.86,58.49,54.13,3,D,Pass,1
STU2394,Jack,Female,Government,Grade 5,Math's,Graduate,53.23,4.77,76.15,62.35,71.9,64.8,8.54,49.39,2,1,4.37,69.46,55.52,53.15,65.77,61.73,63.09,82.57,3,B,Fail,0
STU2395,Vivaan,Male,Government,Grade 3,Math's,Graduate,39.97,8.47,72.76,61.9,49.81,16.56,2.72,79.68,5,2,3.34,71.36,58.36,71.34,76.74,39.62,55.71,74.8,3,B,Fail,1
STU2396,Ava,Female,Government,Grade 4,Science,Post Graduate,44.23,6.81,65.42,50.37,75.76,51.78,6.5,81.15,2,1,3.55,46.78,37.48,60.51,55.85,53.61,54.02,64.87,2,C,Fail,0
STU2397,Lucas,Male,Government,Grade 5,Phys.Ed,High School,24.89,8.6,88.26,71.58,71.34,51.03,11.68,76.3,3,0,5.72,58.1,63.72,89.8,51.73,83.18,67.56,100.0,3,A,Pass,0
STU2398,Kabir,Male,Government,Grade 1,Science,Post Graduate,35.42,8.38,57.01,75.68,60.1,25.01,17.53,45.33,0,1,7.26,73.79,60.88,78.47,60.3,52.08,60.79,79.27,3,B,Not Attended,1
STU2399,Shawn,Male,Semi-Government,Grade 3,English,Graduate,34.39,8.5,65.21,52.8,58.07,55.65,5.3,74.6,4,0,3.52,65.32,76.47,44.93,79.21,66.04,62.31,68.33,3,C,Pass,0
STU2400,Jack,Male,Private,Grade 4,Science,Graduate,52.76,8.51,79.58,74.26,44.58,51.91,17.94,24.54,3,4,9.23,66.14,70.76,80.04,57.01,47.51,61.53,99.29,3,A,Pass,0
